early_compound	late_compound	forward_score	reverse_score	order_advantage	early_mean_resolver	early_resolver_floor	early_retention	late_retention	late_q25_retention	late_resolver_floor	early_tier	late_tier	both_named	both_hard_gate	forward_percentile	order_percentile	basin_switch_index	basin_switch_rank	early_score	late_score	eligibility_notes	rank_min_27_weights	rank_max_27_weights
ezetimibe	aliskiren	0.991250659782617	0.4635385405493989	0.527712119233218	0.5361593619787267	0.2945428660937718	-0.0482021930317084	0.4764824906984965	0.2830468008501662	-0.0147318169474601	Tier_4_not_prioritized	Tier_4_not_prioritized	True	False	0.9832775919732442	0.9832775919732442	0.9832775919732442	1	4.033512798365034	4.2775155343430695	early_tier=Tier_4_not_prioritized; late_tier=Tier_4_not_prioritized; both_hard_gate=False	1	3
ezetimibe	prednisone	0.9586663077888448	0.4112435656318824	0.5474227421569623	0.5361593619787267	0.2945428660937718	-0.0482021930317084	0.4679000046518113	0.368160122902029	-0.106774996034801	Tier_4_not_prioritized	Tier_4_not_prioritized	True	False	0.9732441471571908	0.9966555183946488	0.981438127090301	2	4.033512798365034	4.488126371972259	early_tier=Tier_4_not_prioritized; late_tier=Tier_4_not_prioritized; both_hard_gate=False	2	4
r(-)-propylnorapomorphine	aliskiren	0.9556010816660192	0.421358848153244	0.5342422335127752	0.5167463860873664	0.2317333327872412	-0.0806753974821832	0.4764824906984965	0.2830468008501662	-0.0147318169474601	Tier_4_not_prioritized	Tier_4_not_prioritized	True	False	0.9698996655518396	0.9899665551839464	0.976923076923077	3	3.7567379308635473	4.2775155343430695	early_tier=Tier_4_not_prioritized; late_tier=Tier_4_not_prioritized; both_hard_gate=False	2	7
panobinostat	prednisone	0.9964218039826918	0.5280599711566335	0.4683618328260582	0.5086224198873555	0.4303749033382961	0.0823826835387283	0.4679000046518113	0.368160122902029	-0.106774996034801	Excluded_safety	Tier_4_not_prioritized	True	False	0.9866220735785952	0.939799331103679	0.9702341137123748	4	4.2164036292646205	4.488126371972259	early_tier=Excluded_safety; late_tier=Tier_4_not_prioritized; both_hard_gate=False	1	11
panobinostat	aliskiren	1.029006155976464	0.58035494607415	0.4486512099023141	0.5086224198873555	0.4303749033382961	0.0823826835387283	0.4764824906984965	0.2830468008501662	-0.0147318169474601	Excluded_safety	Tier_4_not_prioritized	True	False	0.9966555183946488	0.9163879598662208	0.968561872909699	5	4.2164036292646205	4.2775155343430695	early_tier=Excluded_safety; late_tier=Tier_4_not_prioritized; both_hard_gate=False	1	8
r(-)-propylnorapomorphine	prednisone	0.9230167296722472	0.3690638732357275	0.5539528564365196	0.5167463860873664	0.2317333327872412	-0.0806753974821832	0.4679000046518113	0.368160122902029	-0.106774996034801	Tier_4_not_prioritized	Tier_4_not_prioritized	True	False	0.94314381270903	1.0	0.9630434782608696	6	3.7567379308635473	4.488126371972259	early_tier=Tier_4_not_prioritized; late_tier=Tier_4_not_prioritized; both_hard_gate=False	3	13
ezetimibe	psb-069	1.0094935946935226	0.5710814891102176	0.438412105583305	0.5361593619787267	0.2945428660937718	-0.0482021930317084	0.4291111048724916	0.3565118457966794	0.0297714109931673	Tier_4_not_prioritized	Tier_3_computational_hit	True	False	0.9933110367892976	0.8996655518394648	0.960535117056856	7	4.033512798365034	4.200628672561935	early_tier=Tier_4_not_prioritized; late_tier=Tier_3_computational_hit; both_hard_gate=False	5	11
r(-)-propylnorapomorphine	psb-069	0.9738440165769248	0.5289017967140627	0.4449422198628622	0.5167463860873664	0.2317333327872412	-0.0806753974821832	0.4291111048724916	0.3565118457966794	0.0297714109931673	Tier_4_not_prioritized	Tier_3_computational_hit	True	False	0.979933110367893	0.9096989966555185	0.9553511705685618	8	3.7567379308635473	4.200628672561935	early_tier=Tier_4_not_prioritized; late_tier=Tier_3_computational_hit; both_hard_gate=False	5	16
stk-249718	aliskiren	0.9182493440836432	0.3976146722404612	0.520634671843182	0.4827735199193869	0.3056777156889438	-0.0874331403109762	0.4764824906984965	0.2830468008501662	-0.0147318169474601	Tier_4_not_prioritized	Tier_4_not_prioritized	True	False	0.9364548494983278	0.979933110367893	0.9516722408026757	9	3.74280352389874	4.2775155343430695	early_tier=Tier_4_not_prioritized; late_tier=Tier_4_not_prioritized; both_hard_gate=False	5	15
ezetimibe	bromocriptine	0.9102166814171516	0.4344725208643396	0.4757441605528121	0.5361593619787267	0.2945428660937718	-0.0482021930317084	0.3878145326679159	0.2492790310126212	-0.0219900336648736	Tier_4_not_prioritized	Tier_4_not_prioritized	True	False	0.9331103678929766	0.9498327759197324	0.9389632107023412	10	4.033512798365034	3.597990883692539	early_tier=Tier_4_not_prioritized; late_tier=Tier_4_not_prioritized; both_hard_gate=False	8	20
stk-249718	psb-069	0.9364922789945488	0.5051576208012799	0.431334658193269	0.4827735199193869	0.3056777156889438	-0.0874331403109762	0.4291111048724916	0.3565118457966794	0.0297714109931673	Tier_4_not_prioritized	Tier_3_computational_hit	True	False	0.9565217391304348	0.8896321070234113	0.9331103678929766	11	3.74280352389874	4.200628672561935	early_tier=Tier_4_not_prioritized; late_tier=Tier_3_computational_hit; both_hard_gate=False	10	24
ezetimibe	pd-0325901	0.9036995703834922	0.4199196235350673	0.4837799468484249	0.5361593619787267	0.2945428660937718	-0.0482021930317084	0.3888269828425513	0.1429306140376461	-0.0338409654796123	Tier_4_not_prioritized	Tier_4_not_prioritized	True	False	0.9163879598662208	0.9632107023411371	0.9327759197324414	12	4.033512798365034	3.271975325148467	early_tier=Tier_4_not_prioritized; late_tier=Tier_4_not_prioritized; both_hard_gate=False	10	18
stk-249718	prednisone	0.8856649920898712	0.3453196973229447	0.5403452947669264	0.4827735199193869	0.3056777156889438	-0.0874331403109762	0.4679000046518113	0.368160122902029	-0.106774996034801	Tier_4_not_prioritized	Tier_4_not_prioritized	True	False	0.8929765886287625	0.9933110367892976	0.9280936454849498	13	3.74280352389874	4.488126371972259	early_tier=Tier_4_not_prioritized; late_tier=Tier_4_not_prioritized; both_hard_gate=False	9	21
thiostrepton	aliskiren	0.8916110471186658	0.3982615905207776	0.4933494565978882	0.4468245117792061	0.4335254803299904	-0.0688117179605695	0.4764824906984965	0.2830468008501662	-0.0147318169474601	Excluded_safety	Tier_4_not_prioritized	True	False	0.8996655518394648	0.9698996655518396	0.924247491638796	14	3.8549695031365783	4.2775155343430695	early_tier=Excluded_safety; late_tier=Tier_4_not_prioritized; both_hard_gate=False	10	22
panobinostat	pd-0325901	0.9414550665773392	0.5367360290598184	0.4047190375175208	0.5086224198873555	0.4303749033382961	0.0823826835387283	0.3888269828425513	0.1429306140376461	-0.0338409654796123	Excluded_safety	Tier_4_not_prioritized	True	False	0.959866220735786	0.8528428093645485	0.9224080267558528	15	4.2164036292646205	3.271975325148467	early_tier=Excluded_safety; late_tier=Tier_4_not_prioritized; both_hard_gate=False	7	25
panobinostat	bromocriptine	0.9479721776109988	0.5512889263890906	0.3966832512219082	0.5086224198873555	0.4303749033382961	0.0823826835387283	0.3878145326679159	0.2492790310126212	-0.0219900336648736	Excluded_safety	Tier_4_not_prioritized	True	False	0.9665551839464884	0.8361204013377926	0.9209030100334448	16	4.2164036292646205	3.597990883692539	early_tier=Excluded_safety; late_tier=Tier_4_not_prioritized; both_hard_gate=False	8	26
y-26763	prednisone	0.8770943327016003	0.3436154609339103	0.5334788717676899	0.4209383817921791	0.1104624923318624	0.0190958171668979	0.4679000046518113	0.368160122902029	-0.106774996034801	Tier_3_computational_hit	Tier_4_not_prioritized	True	False	0.8795986622073578	0.9866220735785952	0.9170568561872908	17	2.8736127698234353	4.488126371972259	early_tier=Tier_3_computational_hit; late_tier=Tier_4_not_prioritized; both_hard_gate=False	8	22
y-26763	aliskiren	0.9096786846953724	0.4732260606547314	0.436452624040641	0.4209383817921791	0.1104624923318624	0.0190958171668979	0.4764824906984965	0.2830468008501662	-0.0147318169474601	Tier_3_computational_hit	Tier_4_not_prioritized	True	False	0.9264214046822744	0.8929765886287625	0.9147157190635452	18	2.8736127698234353	4.2775155343430695	early_tier=Tier_3_computational_hit; late_tier=Tier_4_not_prioritized; both_hard_gate=False	10	26
panobinostat	psb-069	1.0472490908873695	0.6878978946349686	0.3593511962524008	0.5086224198873555	0.4303749033382961	0.0823826835387283	0.4291111048724916	0.3565118457966794	0.0297714109931673	Excluded_safety	Tier_3_computational_hit	True	True	1.0	0.7290969899665551	0.9051839464882944	19	4.2164036292646205	4.200628672561935	early_tier=Excluded_safety; late_tier=Tier_3_computational_hit; both_hard_gate=True	12	22
r(-)-propylnorapomorphine	bromocriptine	0.874567103300554	0.3922928284681846	0.4822742748323693	0.5167463860873664	0.2317333327872412	-0.0806753974821832	0.3878145326679159	0.2492790310126212	-0.0219900336648736	Tier_4_not_prioritized	Tier_4_not_prioritized	True	False	0.8729096989966555	0.959866220735786	0.9033444816053512	20	3.7567379308635473	3.597990883692539	early_tier=Tier_4_not_prioritized; late_tier=Tier_4_not_prioritized; both_hard_gate=False	14	35
thiostrepton	psb-069	0.9098539820295716	0.5058045390815962	0.4040494429479753	0.4468245117792061	0.4335254803299904	-0.0688117179605695	0.4291111048724916	0.3565118457966794	0.0297714109931673	Excluded_safety	Tier_3_computational_hit	True	False	0.9297658862876256	0.842809364548495	0.8993311036789298	21	3.8549695031365783	4.200628672561935	early_tier=Excluded_safety; late_tier=Tier_3_computational_hit; both_hard_gate=False	17	30
r(-)-propylnorapomorphine	pd-0325901	0.8680499922668945	0.3777399311389124	0.4903100611279821	0.5167463860873664	0.2317333327872412	-0.0806753974821832	0.3888269828425513	0.1429306140376461	-0.0338409654796123	Tier_4_not_prioritized	Tier_4_not_prioritized	True	False	0.862876254180602	0.9665551839464884	0.8991638795986622	22	3.7567379308635473	3.271975325148467	early_tier=Tier_4_not_prioritized; late_tier=Tier_4_not_prioritized; both_hard_gate=False	15	33
thiostrepton	prednisone	0.8590266951248936	0.3459666156032611	0.5130600795216325	0.4468245117792061	0.4335254803299904	-0.0688117179605695	0.4679000046518113	0.368160122902029	-0.106774996034801	Excluded_safety	Tier_4_not_prioritized	True	False	0.8528428093645485	0.9765886287625418	0.8961538461538461	23	3.8549695031365783	4.488126371972259	early_tier=Excluded_safety; late_tier=Tier_4_not_prioritized; both_hard_gate=False	15	27
ezetimibe	verteporfin	0.8923123237262998	0.5041988742064742	0.3881134495198255	0.5361593619787267	0.2945428660937718	-0.0482021930317084	0.3174578201853567	0.1837441553879115	0.0395371671766042	Tier_4_not_prioritized	Tier_1_mechanistic_probe	True	False	0.9063545150501672	0.8093645484949833	0.8724080267558529	24	4.033512798365034	2.937649773036116	early_tier=Tier_4_not_prioritized; late_tier=Tier_1_mechanistic_probe; both_hard_gate=False	20	46
ezetimibe	wz-4002	0.9652742582820504	0.6285826451152504	0.3366916131667999	0.5361593619787267	0.2945428660937718	-0.0482021930317084	0.3318178856538402	0.1799050901706019	0.1696766402040209	Tier_4_not_prioritized	Tier_1_mechanistic_probe	True	False	0.9765886287625418	0.6688963210702341	0.8688963210702341	25	4.033512798365034	3.018593789307171	early_tier=Tier_4_not_prioritized; late_tier=Tier_1_mechanistic_probe; both_hard_gate=False	24	36
stk-249718	bromocriptine	0.837215365718178	0.3685486525554018	0.4686667131627761	0.4827735199193869	0.3056777156889438	-0.0874331403109762	0.3878145326679159	0.2492790310126212	-0.0219900336648736	Tier_4_not_prioritized	Tier_4_not_prioritized	True	False	0.8193979933110368	0.94314381270903	0.8627090301003344	26	3.74280352389874	3.597990883692539	early_tier=Tier_4_not_prioritized; late_tier=Tier_4_not_prioritized; both_hard_gate=False	20	53
y-26763	psb-069	0.927921619606278	0.5807690092155502	0.3471526103907278	0.4209383817921791	0.1104624923318624	0.0190958171668979	0.4291111048724916	0.3565118457966794	0.0297714109931673	Tier_3_computational_hit	Tier_3_computational_hit	True	True	0.9464882943143812	0.6989966555183946	0.8598662207357859	27	2.8736127698234353	4.200628672561935	early_tier=Tier_3_computational_hit; late_tier=Tier_3_computational_hit; both_hard_gate=True	23	38
stk-249718	pd-0325901	0.8306982546845185	0.3539957552261296	0.4767024994583889	0.4827735199193869	0.3056777156889438	-0.0874331403109762	0.3888269828425513	0.1429306140376461	-0.0338409654796123	Tier_4_not_prioritized	Tier_4_not_prioritized	True	False	0.8060200668896321	0.9565217391304348	0.8586956521739131	28	3.74280352389874	3.271975325148467	early_tier=Tier_4_not_prioritized; late_tier=Tier_4_not_prioritized; both_hard_gate=False	23	52
r(-)-propylnorapomorphine	wz-4002	0.9296246801654529	0.5864029527190955	0.3432217274463572	0.5167463860873664	0.2317333327872412	-0.0806753974821832	0.3318178856538402	0.1799050901706019	0.1696766402040209	Tier_4_not_prioritized	Tier_1_mechanistic_probe	True	False	0.9498327759197324	0.6822742474916388	0.8561872909698997	29	3.7567379308635473	3.018593789307171	early_tier=Tier_4_not_prioritized; late_tier=Tier_1_mechanistic_probe; both_hard_gate=False	25	49
aminopentamide	aliskiren	0.833238133998026	0.3769485101709882	0.4562896238270378	0.3832026811848793	0.3456125017255544	-0.0583138830131954	0.4764824906984965	0.2830468008501662	-0.0147318169474601	Tier_4_not_prioritized	Tier_4_not_prioritized	True	False	0.8160535117056856	0.9264214046822744	0.8546822742474917	30	3.2496369333869217	4.2775155343430695	early_tier=Tier_4_not_prioritized; late_tier=Tier_4_not_prioritized; both_hard_gate=False	20	57
ezetimibe	nvp-tae684	0.9061188932826064	0.5477355869546059	0.3583833063280004	0.5361593619787267	0.2945428660937718	-0.0482021930317084	0.3068421044283443	0.1615088503393862	0.1419794602053506	Tier_4_not_prioritized	Tier_4_not_prioritized	True	False	0.919732441471572	0.725752508361204	0.8518394648829433	31	4.033512798365034	2.7994032456748315	early_tier=Tier_4_not_prioritized; late_tier=Tier_4_not_prioritized; both_hard_gate=False	24	47
pre-084	prednisone	0.8450637823672935	0.4211918654304647	0.4238719169368288	0.3460696306345718	0.1495749969035387	0.1047722188134988	0.4679000046518113	0.368160122902029	-0.106774996034801	Tier_1_mechanistic_probe	Tier_4_not_prioritized	True	False	0.8294314381270903	0.882943143812709	0.8481605351170568	32	2.526038259615349	4.488126371972259	early_tier=Tier_1_mechanistic_probe; late_tier=Tier_4_not_prioritized; both_hard_gate=False	12	57
r(-)-propylnorapomorphine	verteporfin	0.856662745609702	0.4620191818103194	0.3946435637993826	0.5167463860873664	0.2317333327872412	-0.0806753974821832	0.3174578201853567	0.1837441553879115	0.0395371671766042	Tier_4_not_prioritized	Tier_1_mechanistic_probe	True	False	0.8494983277591973	0.8294314381270903	0.8424749163879599	33	3.7567379308635473	2.937649773036116	early_tier=Tier_4_not_prioritized; late_tier=Tier_1_mechanistic_probe; both_hard_gate=False	27	69
panobinostat	verteporfin	0.9300678199201468	0.6210152797312254	0.3090525401889215	0.5086224198873555	0.4303749033382961	0.0823826835387283	0.3174578201853567	0.1837441553879115	0.0395371671766042	Excluded_safety	Tier_1_mechanistic_probe	True	True	0.9531772575250836	0.6020066889632107	0.8302675585284282	34	4.2164036292646205	2.937649773036116	early_tier=Excluded_safety; late_tier=Tier_1_mechanistic_probe; both_hard_gate=True	23	56
pre-084	aliskiren	0.8776481343610656	0.5214680867225286	0.3561800476385369	0.3460696306345718	0.1495749969035387	0.1047722188134988	0.4764824906984965	0.2830468008501662	-0.0147318169474601	Tier_1_mechanistic_probe	Tier_4_not_prioritized	True	False	0.882943143812709	0.7224080267558528	0.8267558528428094	35	2.526038259615349	4.2775155343430695	early_tier=Tier_1_mechanistic_probe; late_tier=Tier_4_not_prioritized; both_hard_gate=False	21	56
r(-)-propylnorapomorphine	nvp-tae684	0.8704693151660086	0.505555894558451	0.3649134206075576	0.5167463860873664	0.2317333327872412	-0.0806753974821832	0.3068421044283443	0.1615088503393862	0.1419794602053506	Tier_4_not_prioritized	Tier_4_not_prioritized	True	False	0.8695652173913043	0.7424749163879598	0.8250836120401337	36	3.7567379308635473	2.7994032456748315	early_tier=Tier_4_not_prioritized; late_tier=Tier_4_not_prioritized; both_hard_gate=False	31	73
stk-249718	wz-4002	0.8922729425830767	0.5626587768063127	0.3296141657767639	0.4827735199193869	0.3056777156889438	-0.0874331403109762	0.3318178856538402	0.1799050901706019	0.1696766402040209	Tier_4_not_prioritized	Tier_1_mechanistic_probe	True	False	0.903010033444816	0.6521739130434783	0.8152173913043478	37	3.74280352389874	3.018593789307171	early_tier=Tier_4_not_prioritized; late_tier=Tier_1_mechanistic_probe; both_hard_gate=False	34	77
thiostrepton	bromocriptine	0.8105770687532006	0.3691955708357181	0.4413814979174824	0.4468245117792061	0.4335254803299904	-0.0688117179605695	0.3878145326679159	0.2492790310126212	-0.0219900336648736	Excluded_safety	Tier_4_not_prioritized	True	False	0.7625418060200669	0.903010033444816	0.811705685618729	38	3.8549695031365783	3.597990883692539	early_tier=Excluded_safety; late_tier=Tier_4_not_prioritized; both_hard_gate=False	33	62
prochlorperazine	aliskiren	0.8278346426991953	0.4319884201792616	0.3958462225199337	0.3393047527809228	0.148764285658087	0.0186749911970562	0.4764824906984965	0.2830468008501662	-0.0147318169474601	Excluded_safety	Tier_4_not_prioritized	True	False	0.7959866220735786	0.8327759197324415	0.8088628762541805	39	2.4835161945213544	4.2775155343430695	early_tier=Excluded_safety; late_tier=Tier_4_not_prioritized; both_hard_gate=False	28	68
aminopentamide	psb-069	0.8514810689089316	0.4844914587318069	0.3669896101771246	0.3832026811848793	0.3456125017255544	-0.0583138830131954	0.4291111048724916	0.3565118457966794	0.0297714109931673	Tier_4_not_prioritized	Tier_3_computational_hit	True	False	0.8361204013377926	0.745819397993311	0.804515050167224	40	3.2496369333869217	4.200628672561935	early_tier=Tier_4_not_prioritized; late_tier=Tier_3_computational_hit; both_hard_gate=False	31	61
aminopentamide	prednisone	0.8006537820042539	0.3246535352534718	0.476000246750782	0.3832026811848793	0.3456125017255544	-0.0583138830131954	0.4679000046518113	0.368160122902029	-0.106774996034801	Tier_4_not_prioritized	Tier_4_not_prioritized	True	False	0.7224080267558528	0.9531772575250836	0.8031772575250836	41	3.2496369333869217	4.488126371972259	early_tier=Tier_4_not_prioritized; late_tier=Tier_4_not_prioritized; both_hard_gate=False	25	64
thiostrepton	pd-0325901	0.8040599577195411	0.3546426735064459	0.4494172842130951	0.4468245117792061	0.4335254803299904	-0.0688117179605695	0.3888269828425513	0.1429306140376461	-0.0338409654796123	Excluded_safety	Tier_4_not_prioritized	True	False	0.7391304347826086	0.919732441471572	0.8023411371237459	42	3.8549695031365783	3.271975325148467	early_tier=Excluded_safety; late_tier=Tier_4_not_prioritized; both_hard_gate=False	34	67
panobinostat	nvp-tae684	0.9438743894764532	0.664551992479357	0.2793223969970962	0.5086224198873555	0.4303749033382961	0.0823826835387283	0.3068421044283443	0.1615088503393862	0.1419794602053506	Excluded_safety	Tier_4_not_prioritized	True	False	0.9632107023411371	0.5016722408026756	0.8016722408026756	43	4.2164036292646205	2.7994032456748315	early_tier=Excluded_safety; late_tier=Tier_4_not_prioritized; both_hard_gate=False	28	64
y-26763	pd-0325901	0.8221275952962478	0.4296071436403998	0.3925204516558479	0.4209383817921791	0.1104624923318624	0.0190958171668979	0.3888269828425513	0.1429306140376461	-0.0338409654796123	Tier_3_computational_hit	Tier_4_not_prioritized	True	False	0.7892976588628763	0.822742474916388	0.8010033444816054	44	2.8736127698234353	3.271975325148467	early_tier=Tier_3_computational_hit; late_tier=Tier_4_not_prioritized; both_hard_gate=False	44	51
y-26763	bromocriptine	0.8286447063299074	0.444160040969672	0.3844846653602353	0.4209383817921791	0.1104624923318624	0.0190958171668979	0.3878145326679159	0.2492790310126212	-0.0219900336648736	Tier_3_computational_hit	Tier_4_not_prioritized	True	False	0.7993311036789298	0.802675585284281	0.8005016722408027	45	2.8736127698234353	3.597990883692539	early_tier=Tier_3_computational_hit; late_tier=Tier_4_not_prioritized; both_hard_gate=False	40	49
panobinostat	wz-4002	1.0030297544758977	0.7453990506400014	0.257630703835896	0.5086224198873555	0.4303749033382961	0.0823826835387283	0.3318178856538402	0.1799050901706019	0.1696766402040209	Excluded_safety	Tier_1_mechanistic_probe	True	True	0.9899665551839464	0.4381270903010033	0.7968227424749165	46	4.2164036292646205	3.018593789307171	early_tier=Excluded_safety; late_tier=Tier_1_mechanistic_probe; both_hard_gate=True	36	55
loperamide	prednisone	0.8322542188947812	0.4556978701776454	0.3765563487171358	0.2855147977492639	0.1086321733891964	0.2002627576390902	0.4679000046518113	0.368160122902029	-0.106774996034801	Tier_4_not_prioritized	Tier_4_not_prioritized	True	False	0.8093645484949833	0.7692307692307693	0.7953177257525084	47	2.0592202618733775	4.488126371972259	early_tier=Tier_4_not_prioritized; late_tier=Tier_4_not_prioritized; both_hard_gate=False	5	97
panobinostat	glycocholic-acid	0.8301217698654721	0.4582515775063445	0.3718701923591276	0.5086224198873555	0.4303749033382961	0.0823826835387283	0.2927055549290445	0.113612961049916	-0.1485714369586535	Excluded_safety	Tier_4_not_prioritized	True	False	0.802675585284281	0.7591973244147158	0.7874581939799331	48	4.2164036292646205	2.5581223219077263	early_tier=Excluded_safety; late_tier=Tier_4_not_prioritized; both_hard_gate=False	25	82
stk-249718	verteporfin	0.819311008027326	0.4382750058975366	0.3810360021297894	0.4827735199193869	0.3056777156889438	-0.0874331403109762	0.3174578201853567	0.1837441553879115	0.0395371671766042	Tier_4_not_prioritized	Tier_1_mechanistic_probe	True	False	0.782608695652174	0.7859531772575251	0.7837792642140469	49	3.74280352389874	2.937649773036116	early_tier=Tier_4_not_prioritized; late_tier=Tier_1_mechanistic_probe; both_hard_gate=False	37	96
prochlorperazine	prednisone	0.7952502907054231	0.3499372028523966	0.4453130878530265	0.3393047527809228	0.148764285658087	0.0186749911970562	0.4679000046518113	0.368160122902029	-0.106774996034801	Excluded_safety	Tier_4_not_prioritized	True	False	0.7123745819397993	0.9130434782608696	0.7826086956521738	50	2.4835161945213544	4.488126371972259	early_tier=Excluded_safety; late_tier=Tier_4_not_prioritized; both_hard_gate=False	27	69
stk-249718	nvp-tae684	0.8331175775836326	0.4818117186456682	0.3513058589379643	0.4827735199193869	0.3056777156889438	-0.0874331403109762	0.3068421044283443	0.1615088503393862	0.1419794602053506	Tier_4_not_prioritized	Tier_4_not_prioritized	True	False	0.8127090301003345	0.7123745819397993	0.7775919732441472	51	3.74280352389874	2.7994032456748315	early_tier=Tier_4_not_prioritized; late_tier=Tier_4_not_prioritized; both_hard_gate=False	41	103
ezetimibe	glycocholic-acid	0.7923662736716252	0.3414351719815934	0.4509311016900317	0.5361593619787267	0.2945428660937718	-0.0482021930317084	0.2927055549290445	0.113612961049916	-0.1485714369586535	Tier_4_not_prioritized	Tier_4_not_prioritized	True	False	0.6989966555183946	0.9230769230769232	0.7774247491638796	52	4.033512798365034	2.5581223219077263	early_tier=Tier_4_not_prioritized; late_tier=Tier_4_not_prioritized; both_hard_gate=False	34	80
geldanamycin	aliskiren	0.9008760851704412	0.6279409286226072	0.272935156547834	0.3060583371136869	0.1065098238842827	0.2312507074740198	0.4764824906984965	0.2830468008501662	-0.0147318169474601	Excluded_safety	Tier_4_not_prioritized	True	False	0.9130434782608696	0.4916387959866221	0.7655518394648829	53	2.176621694134193	4.2775155343430695	early_tier=Excluded_safety; late_tier=Tier_4_not_prioritized; both_hard_gate=False	29	88
ag-490	aliskiren	0.7893444688931581	0.3527509146517823	0.4365935542413758	0.3408095247245259	0.2174672408561621	-0.0613149003022246	0.4764824906984965	0.2830468008501662	-0.0147318169474601	Tier_4_not_prioritized	Tier_4_not_prioritized	True	False	0.6889632107023411	0.8963210702341137	0.7615384615384615	54	2.6682951078262267	4.2775155343430695	early_tier=Tier_4_not_prioritized; late_tier=Tier_4_not_prioritized; both_hard_gate=False	32	88
panobinostat	pd-184352	0.8064069023304101	0.422056929304427	0.384349973025983	0.5086224198873555	0.4303749033382961	0.0823826835387283	0.2852154970169067	0.2008830491039487	-0.1018106751143932	Excluded_safety	Tier_4_not_prioritized	True	False	0.7424749163879598	0.7959866220735786	0.7612040133779264	55	4.2164036292646205	2.782548756150072	early_tier=Excluded_safety; late_tier=Tier_4_not_prioritized; both_hard_gate=False	29	99
thiostrepton	wz-4002	0.8656346456180992	0.5633056950866291	0.3023289505314701	0.4468245117792061	0.4335254803299904	-0.0688117179605695	0.3318178856538402	0.1799050901706019	0.1696766402040209	Excluded_safety	Tier_1_mechanistic_probe	True	False	0.8595317725752508	0.5652173913043478	0.7565217391304347	56	3.8549695031365783	3.018593789307171	early_tier=Excluded_safety; late_tier=Tier_1_mechanistic_probe; both_hard_gate=False	47	89
pre-084	psb-069	0.8958910692719713	0.6290110352833473	0.2668800339886239	0.3460696306345718	0.1495749969035387	0.1047722188134988	0.4291111048724916	0.3565118457966794	0.0297714109931673	Tier_1_mechanistic_probe	Tier_3_computational_hit	True	True	0.9096989966555185	0.4615384615384615	0.7528428093645485	57	2.526038259615349	4.200628672561935	early_tier=Tier_1_mechanistic_probe; late_tier=Tier_3_computational_hit; both_hard_gate=True	44	75
geldanamycin	prednisone	0.8682917331766691	0.5714705826803331	0.2968211504963359	0.3060583371136869	0.1065098238842827	0.2312507074740198	0.4679000046518113	0.368160122902029	-0.106774996034801	Excluded_safety	Tier_4_not_prioritized	True	False	0.8662207357859532	0.5418060200668896	0.7526755852842809	58	2.176621694134193	4.488126371972259	early_tier=Excluded_safety; late_tier=Tier_4_not_prioritized; both_hard_gate=False	24	95
prochlorperazine	psb-069	0.8460775776101009	0.5395313687400802	0.3065462088700207	0.3393047527809228	0.148764285658087	0.0186749911970562	0.4291111048724916	0.3565118457966794	0.0297714109931673	Excluded_safety	Tier_3_computational_hit	True	True	0.8327759197324415	0.5886287625418061	0.7473244147157191	59	2.4835161945213544	4.200628672561935	early_tier=Excluded_safety; late_tier=Tier_3_computational_hit; both_hard_gate=True	48	81
ezetimibe	pd-184352	0.768651406136563	0.305240523779676	0.463410882356887	0.5361593619787267	0.2945428660937718	-0.0482021930317084	0.2852154970169067	0.2008830491039487	-0.1018106751143932	Tier_4_not_prioritized	Tier_4_not_prioritized	True	False	0.6454849498327759	0.9364548494983278	0.7473244147157191	59	4.033512798365034	2.782548756150072	early_tier=Tier_4_not_prioritized; late_tier=Tier_4_not_prioritized; both_hard_gate=False	41	86
r(-)-propylnorapomorphine	glycocholic-acid	0.7567166955550275	0.2577928971824429	0.4989237983725845	0.5167463860873664	0.2317333327872412	-0.0806753974821832	0.2927055549290445	0.113612961049916	-0.1485714369586535	Tier_4_not_prioritized	Tier_4_not_prioritized	True	False	0.6187290969899666	0.9732441471571908	0.742809364548495	61	3.7567379308635473	2.5581223219077263	early_tier=Tier_4_not_prioritized; late_tier=Tier_4_not_prioritized; both_hard_gate=False	40	100
ag-490	psb-069	0.8075874038040638	0.4602938632126011	0.3472935405914627	0.3408095247245259	0.2174672408561621	-0.0613149003022246	0.4291111048724916	0.3565118457966794	0.0297714109931673	Tier_4_not_prioritized	Tier_3_computational_hit	True	False	0.7591973244147158	0.7023411371237458	0.7392976588628762	62	2.6682951078262267	4.200628672561935	early_tier=Tier_4_not_prioritized; late_tier=Tier_3_computational_hit; both_hard_gate=False	44	100
loperamide	aliskiren	0.8648385708885533	0.5866812091054661	0.2781573617830872	0.2855147977492639	0.1086321733891964	0.2002627576390902	0.4764824906984965	0.2830468008501662	-0.0147318169474601	Tier_4_not_prioritized	Tier_4_not_prioritized	True	False	0.8561872909698997	0.4983277591973244	0.7309364548494983	63	2.0592202618733775	4.2775155343430695	early_tier=Tier_4_not_prioritized; late_tier=Tier_4_not_prioritized; both_hard_gate=False	30	96
ag-490	prednisone	0.7567601168993859	0.3004559397342659	0.45630417716512	0.3408095247245259	0.2174672408561621	-0.0613149003022246	0.4679000046518113	0.368160122902029	-0.106774996034801	Tier_4_not_prioritized	Tier_4_not_prioritized	True	False	0.6220735785953178	0.9297658862876256	0.7297658862876255	64	2.6682951078262267	4.488126371972259	early_tier=Tier_4_not_prioritized; late_tier=Tier_4_not_prioritized; both_hard_gate=False	40	98
y-26763	wz-4002	0.883702283194806	0.6382701652205829	0.2454321179742231	0.4209383817921791	0.1104624923318624	0.0190958171668979	0.3318178856538402	0.1799050901706019	0.1696766402040209	Tier_3_computational_hit	Tier_1_mechanistic_probe	True	True	0.8896321070234113	0.4046822742474916	0.7198996655518395	65	2.8736127698234353	3.018593789307171	early_tier=Tier_3_computational_hit; late_tier=Tier_1_mechanistic_probe; both_hard_gate=True	65	82
thiostrepton	verteporfin	0.7926727110623486	0.438921924177853	0.3537507868844955	0.4468245117792061	0.4335254803299904	-0.0688117179605695	0.3174578201853567	0.1837441553879115	0.0395371671766042	Excluded_safety	Tier_1_mechanistic_probe	True	False	0.705685618729097	0.7190635451505016	0.7103678929765886	66	3.8549695031365783	2.937649773036116	early_tier=Excluded_safety; late_tier=Tier_1_mechanistic_probe; both_hard_gate=False	53	116
ezetimibe	tyrphostin-1	0.817842282310483	0.5113162649573668	0.3065260173531161	0.5361593619787267	0.2945428660937718	-0.0482021930317084	0.2134195044636726	0.165535744279623	0.1507142931222915	Tier_4_not_prioritized	Tier_1_mechanistic_probe	True	False	0.7759197324414716	0.5852842809364549	0.7091973244147158	67	4.033512798365034	2.207292994011233	early_tier=Tier_4_not_prioritized; late_tier=Tier_1_mechanistic_probe; both_hard_gate=False	48	137
thiostrepton	nvp-tae684	0.8064792806186551	0.4824586369259845	0.3240206436926706	0.4468245117792061	0.4335254803299904	-0.0688117179605695	0.3068421044283443	0.1615088503393862	0.1419794602053506	Excluded_safety	Tier_4_not_prioritized	True	False	0.745819397993311	0.6287625418060201	0.7048494983277591	68	3.8549695031365783	2.7994032456748315	early_tier=Excluded_safety; late_tier=Tier_4_not_prioritized; both_hard_gate=False	56	118
geldanamycin	psb-069	0.9191190200813468	0.7354838771834258	0.183635142897921	0.3060583371136869	0.1065098238842827	0.2312507074740198	0.4291111048724916	0.3565118457966794	0.0297714109931673	Excluded_safety	Tier_3_computational_hit	True	False	0.939799331103679	0.2274247491638795	0.6904682274247492	69	2.176621694134193	4.200628672561935	early_tier=Excluded_safety; late_tier=Tier_3_computational_hit; both_hard_gate=False	60	103
r(-)-propylnorapomorphine	pd-184352	0.7330018280199655	0.2630608313835211	0.4699409966364444	0.5167463860873664	0.2317333327872412	-0.0806753974821832	0.2852154970169067	0.2008830491039487	-0.1018106751143932	Tier_4_not_prioritized	Tier_4_not_prioritized	True	False	0.5518394648829431	0.9464882943143812	0.6899665551839465	70	3.7567379308635473	2.782548756150072	early_tier=Tier_4_not_prioritized; late_tier=Tier_4_not_prioritized; both_hard_gate=False	49	117
aminopentamide	bromocriptine	0.7522041556325608	0.3478824904859288	0.404321665146632	0.3832026811848793	0.3456125017255544	-0.0583138830131954	0.3878145326679159	0.2492790310126212	-0.0219900336648736	Tier_4_not_prioritized	Tier_4_not_prioritized	True	False	0.6053511705685619	0.8461538461538461	0.6896321070234115	71	3.2496369333869217	3.597990883692539	early_tier=Tier_4_not_prioritized; late_tier=Tier_4_not_prioritized; both_hard_gate=False	58	99
arcyriaflavin-a	prednisone	0.7864104255494321	0.4356065589698059	0.3508038665796262	0.2513968291958527	0.135857936926186	0.176811108055214	0.4679000046518113	0.368160122902029	-0.106774996034801	Tier_4_not_prioritized	Tier_4_not_prioritized	True	False	0.6789297658862876	0.7090301003344481	0.6894648829431438	72	1.9248851248778247	4.488126371972259	early_tier=Tier_4_not_prioritized; late_tier=Tier_4_not_prioritized; both_hard_gate=False	19	126
y-26763	verteporfin	0.8107403486390554	0.5138863943118069	0.2968539543272485	0.4209383817921791	0.1104624923318624	0.0190958171668979	0.3174578201853567	0.1837441553879115	0.0395371671766042	Tier_3_computational_hit	Tier_1_mechanistic_probe	True	True	0.7658862876254181	0.5451505016722408	0.688628762541806	73	2.8736127698234353	2.937649773036116	early_tier=Tier_3_computational_hit; late_tier=Tier_1_mechanistic_probe; both_hard_gate=True	73	94
aminopentamide	pd-0325901	0.7456870445989013	0.3333295931566566	0.4123574514422446	0.3832026811848793	0.3456125017255544	-0.0583138830131954	0.3888269828425513	0.1429306140376461	-0.0338409654796123	Tier_4_not_prioritized	Tier_4_not_prioritized	True	False	0.5919732441471572	0.8662207357859532	0.6879598662207358	74	3.2496369333869217	3.271975325148467	early_tier=Tier_4_not_prioritized; late_tier=Tier_4_not_prioritized; both_hard_gate=False	59	102
y-26763	nvp-tae684	0.8245469181953617	0.5574231070599385	0.2671238111354233	0.4209383817921791	0.1104624923318624	0.0190958171668979	0.3068421044283443	0.1615088503393862	0.1419794602053506	Tier_3_computational_hit	Tier_4_not_prioritized	True	False	0.7926421404682275	0.4648829431438127	0.6779264214046823	75	2.8736127698234353	2.7994032456748315	early_tier=Tier_3_computational_hit; late_tier=Tier_4_not_prioritized; both_hard_gate=False	74	106
arcyriaflavin-a	aliskiren	0.8189947775432042	0.5461705752448843	0.2728242022983198	0.2513968291958527	0.135857936926186	0.176811108055214	0.4764824906984965	0.2830468008501662	-0.0147318169474601	Tier_4_not_prioritized	Tier_4_not_prioritized	True	False	0.7792642140468228	0.4882943143812709	0.6774247491638796	76	1.9248851248778247	4.2775155343430695	early_tier=Tier_4_not_prioritized; late_tier=Tier_4_not_prioritized; both_hard_gate=False	40	120
panobinostat	tyrphostin-1	0.85559777850433	0.628132670482118	0.2274651080222121	0.5086224198873555	0.4303749033382961	0.0823826835387283	0.2134195044636726	0.165535744279623	0.1507142931222915	Excluded_safety	Tier_1_mechanistic_probe	True	True	0.8461538461538461	0.3612040133779264	0.6764214046822743	77	4.2164036292646205	2.207292994011233	early_tier=Excluded_safety; late_tier=Tier_1_mechanistic_probe; both_hard_gate=True	47	126
wz-4002	aliskiren	0.8878975514773398	0.6968770454109218	0.191020506066418	0.2427962143306753	0.1696766402040209	0.3318178856538402	0.4764824906984965	0.2830468008501662	-0.0147318169474601	Tier_1_mechanistic_probe	Tier_4_not_prioritized	True	False	0.8963210702341137	0.2541806020066889	0.671571906354515	78	1.9599890247309877	4.2775155343430695	early_tier=Tier_1_mechanistic_probe; late_tier=Tier_4_not_prioritized; both_hard_gate=False	50	140
ezetimibe	duloxetine	0.7540904474426208	0.3761590098969579	0.3779314375456629	0.5361593619787267	0.2945428660937718	-0.0482021930317084	0.2185218946801291	0.1440896673334969	-0.0665861084125936	Tier_4_not_prioritized	Tier_4_not_prioritized	True	False	0.6120401337792643	0.7759197324414716	0.6693979933110368	79	4.033512798365034	2.1732541979990767	early_tier=Tier_4_not_prioritized; late_tier=Tier_4_not_prioritized; both_hard_gate=False	56	133
pre-084	bromocriptine	0.7966141559956004	0.4924020670374693	0.304212088958131	0.3460696306345718	0.1495749969035387	0.1047722188134988	0.3878145326679159	0.2492790310126212	-0.0219900336648736	Tier_1_mechanistic_probe	Tier_4_not_prioritized	True	False	0.7157190635451505	0.5752508361204013	0.6665551839464883	80	2.526038259615349	3.597990883692539	early_tier=Tier_1_mechanistic_probe; late_tier=Tier_4_not_prioritized; both_hard_gate=False	64	107
ezetimibe	ambroxol	0.7397342591531693	0.3418128165741643	0.3979214425790049	0.5361593619787267	0.2945428660937718	-0.0482021930317084	0.2222777725093894	0.214442616328597	-0.1124999905005097	Tier_4_not_prioritized	Tier_4_not_prioritized	True	False	0.5719063545150501	0.8394648829431438	0.6655518394648829	81	4.033512798365034	2.4175703242393984	early_tier=Tier_4_not_prioritized; late_tier=Tier_4_not_prioritized; both_hard_gate=False	58	136
loperamide	psb-069	0.8830815057994591	0.6942241576662849	0.1888573481331742	0.2855147977492639	0.1086321733891964	0.2002627576390902	0.4291111048724916	0.3565118457966794	0.0297714109931673	Tier_4_not_prioritized	Tier_3_computational_hit	True	False	0.8862876254180602	0.2474916387959866	0.6627090301003344	82	2.0592202618733775	4.200628672561935	early_tier=Tier_4_not_prioritized; late_tier=Tier_3_computational_hit; both_hard_gate=False	65	114
pre-084	pd-0325901	0.7900970449619409	0.4778491697081971	0.3122478752537438	0.3460696306345718	0.1495749969035387	0.1047722188134988	0.3888269828425513	0.1429306140376461	-0.0338409654796123	Tier_1_mechanistic_probe	Tier_4_not_prioritized	True	False	0.6923076923076923	0.6053511705685619	0.6618729096989967	83	2.526038259615349	3.271975325148467	early_tier=Tier_1_mechanistic_probe; late_tier=Tier_4_not_prioritized; both_hard_gate=False	57	106
wz-4002	prednisone	0.8553131994835677	0.6445820704934054	0.2107311289901622	0.2427962143306753	0.1696766402040209	0.3318178856538402	0.4679000046518113	0.368160122902029	-0.106774996034801	Tier_1_mechanistic_probe	Tier_4_not_prioritized	True	False	0.842809364548495	0.3110367892976589	0.6566889632107024	84	1.9599890247309877	4.488126371972259	early_tier=Tier_1_mechanistic_probe; late_tier=Tier_4_not_prioritized; both_hard_gate=False	43	152
stk-249718	glycocholic-acid	0.7193649579726514	0.2755113036726557	0.4438536542999957	0.4827735199193869	0.3056777156889438	-0.0874331403109762	0.2927055549290445	0.113612961049916	-0.1485714369586535	Tier_4_not_prioritized	Tier_4_not_prioritized	True	False	0.5217391304347826	0.9063545150501672	0.6563545150501672	85	3.74280352389874	2.5581223219077263	early_tier=Tier_4_not_prioritized; late_tier=Tier_4_not_prioritized; both_hard_gate=False	68	128
ticlopidine	aliskiren	0.7414480896910565	0.3614093916479587	0.3800386980430977	0.2711753677909395	0.1225165724754333	-0.017839344839255	0.4764824906984965	0.2830468008501662	-0.0147318169474601	Tier_4_not_prioritized	Tier_4_not_prioritized	True	False	0.5819397993311036	0.782608695652174	0.6521739130434783	86	2.009007845147325	4.2775155343430695	early_tier=Tier_4_not_prioritized; late_tier=Tier_4_not_prioritized; both_hard_gate=False	50	131
bibx-1382	aliskiren	0.7831141429820231	0.4674719324601547	0.3156422105218683	0.2560217449707644	0.2144357274685587	0.0958000073830286	0.4764824906984965	0.2830468008501662	-0.0147318169474601	Tier_4_not_prioritized	Tier_4_not_prioritized	True	False	0.6722408026755853	0.6120401337792643	0.6511705685618729	87	2.15358517128177	4.2775155343430695	early_tier=Tier_4_not_prioritized; late_tier=Tier_4_not_prioritized; both_hard_gate=False	55	120
ezetimibe	tubocurarine	0.7220422201789916	0.3065483757028622	0.4154938444761293	0.5361593619787267	0.2945428660937718	-0.0482021930317084	0.2221980144580205	0.1128484031392468	-0.0646910603557314	Tier_4_not_prioritized	Tier_4_not_prioritized	True	False	0.5317725752508361	0.8729096989966555	0.6511705685618729	87	4.033512798365034	2.099352326781365	early_tier=Tier_4_not_prioritized; late_tier=Tier_4_not_prioritized; both_hard_gate=False	65	139
aminopentamide	wz-4002	0.8072617324974596	0.5419926147368397	0.2652691177606199	0.3832026811848793	0.3456125017255544	-0.0583138830131954	0.3318178856538402	0.1799050901706019	0.1696766402040209	Tier_4_not_prioritized	Tier_1_mechanistic_probe	True	False	0.7558528428093646	0.4548494983277591	0.6505016722408027	89	3.2496369333869217	3.018593789307171	early_tier=Tier_4_not_prioritized; late_tier=Tier_1_mechanistic_probe; both_hard_gate=False	68	146
r(-)-propylnorapomorphine	tyrphostin-1	0.7821927041938853	0.4691365725612119	0.3130561316326734	0.5167463860873664	0.2317333327872412	-0.0806753974821832	0.2134195044636726	0.165535744279623	0.1507142931222915	Tier_4_not_prioritized	Tier_1_mechanistic_probe	True	False	0.6688963210702341	0.6086956521739131	0.6478260869565218	90	3.7567379308635473	2.207292994011233	early_tier=Tier_4_not_prioritized; late_tier=Tier_1_mechanistic_probe; both_hard_gate=False	61	154
panobinostat	duloxetine	0.7918459436364678	0.4929754154217088	0.2988705282147589	0.5086224198873555	0.4303749033382961	0.0823826835387283	0.2185218946801291	0.1440896673334969	-0.0665861084125936	Excluded_safety	Tier_4_not_prioritized	True	False	0.6956521739130435	0.5551839464882943	0.6464882943143813	91	4.2164036292646205	2.1732541979990767	early_tier=Excluded_safety; late_tier=Tier_4_not_prioritized; both_hard_gate=False	41	150
panobinostat	ambroxol	0.7774897553470163	0.4586292220989153	0.3188605332481009	0.5086224198873555	0.4303749033382961	0.0823826835387283	0.2222777725093894	0.214442616328597	-0.1124999905005097	Excluded_safety	Tier_4_not_prioritized	True	False	0.6588628762541806	0.6220735785953178	0.6459866220735786	92	4.2164036292646205	2.4175703242393984	early_tier=Excluded_safety; late_tier=Tier_4_not_prioritized; both_hard_gate=False	49	148
panobinostat	tubocurarine	0.7597977163728387	0.4233647812276132	0.3364329351452254	0.5086224198873555	0.4303749033382961	0.0823826835387283	0.2221980144580205	0.1128484031392468	-0.0646910603557314	Excluded_safety	Tier_4_not_prioritized	True	False	0.6321070234113713	0.6655518394648829	0.6438127090301003	93	4.2164036292646205	2.099352326781365	early_tier=Excluded_safety; late_tier=Tier_4_not_prioritized; both_hard_gate=False	58	157
ezetimibe	atorvastatin	0.7381697335383957	0.3611505521712677	0.377019181367128	0.5361593619787267	0.2945428660937718	-0.0482021930317084	0.2072999146249559	0.1362054027203056	-0.1188452158655439	Tier_4_not_prioritized	Tier_4_not_prioritized	True	False	0.568561872909699	0.7725752508361204	0.6399665551839464	94	4.033512798365034	2.075961514835675	early_tier=Tier_4_not_prioritized; late_tier=Tier_4_not_prioritized; both_hard_gate=False	65	146
ticlopidine	prednisone	0.7088637376972843	0.2961581635939341	0.4127055741033502	0.2711753677909395	0.1225165724754333	-0.017839344839255	0.4679000046518113	0.368160122902029	-0.106774996034801	Tier_4_not_prioritized	Tier_4_not_prioritized	True	False	0.5016722408026756	0.8695652173913043	0.6304347826086956	95	2.009007845147325	4.488126371972259	early_tier=Tier_4_not_prioritized; late_tier=Tier_4_not_prioritized; both_hard_gate=False	64	145
geldanamycin	bromocriptine	0.819842106804976	0.5988749089375478	0.2209671978674282	0.3060583371136869	0.1065098238842827	0.2312507074740198	0.3878145326679159	0.2492790310126212	-0.0219900336648736	Excluded_safety	Tier_4_not_prioritized	True	False	0.7859531772575251	0.3411371237458194	0.6302675585284281	96	2.176621694134193	3.597990883692539	early_tier=Excluded_safety; late_tier=Tier_4_not_prioritized; both_hard_gate=False	59	141
geldanamycin	pd-0325901	0.8133249957713166	0.5843220116082757	0.2290029841630408	0.3060583371136869	0.1065098238842827	0.2312507074740198	0.3888269828425513	0.1429306140376461	-0.0338409654796123	Excluded_safety	Tier_4_not_prioritized	True	False	0.7692307692307693	0.3678929765886287	0.6287625418060201	97	2.176621694134193	3.271975325148467	early_tier=Excluded_safety; late_tier=Tier_4_not_prioritized; both_hard_gate=False	60	142
prochlorperazine	bromocriptine	0.7468006643337302	0.4029224004942022	0.3438782638395279	0.3393047527809228	0.148764285658087	0.0186749911970562	0.3878145326679159	0.2492790310126212	-0.0219900336648736	Excluded_safety	Tier_4_not_prioritized	True	False	0.5953177257525084	0.6889632107023411	0.6280936454849498	98	2.4835161945213544	3.597990883692539	early_tier=Excluded_safety; late_tier=Tier_4_not_prioritized; both_hard_gate=False	87	105
wz-4002	psb-069	0.9061404863882454	0.8044199939717405	0.1017204924165049	0.2427962143306753	0.1696766402040209	0.3318178856538402	0.4291111048724916	0.3565118457966794	0.0297714109931673	Tier_1_mechanistic_probe	Tier_3_computational_hit	True	True	0.9230769230769232	0.0702341137123745	0.6245819397993312	99	1.9599890247309877	4.200628672561935	early_tier=Tier_1_mechanistic_probe; late_tier=Tier_3_computational_hit; both_hard_gate=True	77	144
prochlorperazine	pd-0325901	0.7402835533000706	0.3883695031649299	0.3519140501351406	0.3393047527809228	0.148764285658087	0.0186749911970562	0.3888269828425513	0.1429306140376461	-0.0338409654796123	Excluded_safety	Tier_4_not_prioritized	True	False	0.5752508361204013	0.7157190635451505	0.6244147157190636	100	2.4835161945213544	3.271975325148467	early_tier=Excluded_safety; late_tier=Tier_4_not_prioritized; both_hard_gate=False	88	109
stk-249718	pd-184352	0.6956500904375894	0.2393166554707383	0.456333434966851	0.4827735199193869	0.3056777156889438	-0.0874331403109762	0.2852154970169067	0.2008830491039487	-0.1018106751143932	Tier_4_not_prioritized	Tier_4_not_prioritized	True	False	0.4548494983277591	0.9331103678929766	0.6222408026755852	101	3.74280352389874	2.782548756150072	early_tier=Tier_4_not_prioritized; late_tier=Tier_4_not_prioritized; both_hard_gate=False	76	143
bibx-1382	prednisone	0.750529790988251	0.4151769575426383	0.3353528334456127	0.2560217449707644	0.2144357274685587	0.0958000073830286	0.4679000046518113	0.368160122902029	-0.106774996034801	Tier_4_not_prioritized	Tier_4_not_prioritized	True	False	0.6020066889632107	0.6588628762541806	0.6219063545150502	102	2.15358517128177	4.488126371972259	early_tier=Tier_4_not_prioritized; late_tier=Tier_4_not_prioritized; both_hard_gate=False	56	130
panobinostat	atorvastatin	0.7759252297322429	0.4779669576960186	0.2979582720362242	0.5086224198873555	0.4303749033382961	0.0823826835387283	0.2072999146249559	0.1362054027203056	-0.1188452158655439	Excluded_safety	Tier_4_not_prioritized	True	False	0.6521739130434783	0.5518394648829431	0.6170568561872909	103	4.2164036292646205	2.075961514835675	early_tier=Excluded_safety; late_tier=Tier_4_not_prioritized; both_hard_gate=False	54	163
r(-)-propylnorapomorphine	duloxetine	0.7184408693260231	0.3339793175008029	0.3844615518252202	0.5167463860873664	0.2317333327872412	-0.0806753974821832	0.2185218946801291	0.1440896673334969	-0.0665861084125936	Tier_4_not_prioritized	Tier_4_not_prioritized	True	False	0.5183946488294314	0.7993311036789298	0.6167224080267558	104	3.7567379308635473	2.1732541979990767	early_tier=Tier_4_not_prioritized; late_tier=Tier_4_not_prioritized; both_hard_gate=False	71	159
pre-084	wz-4002	0.851671732860499	0.6865121912883801	0.1651595415721188	0.3460696306345718	0.1495749969035387	0.1047722188134988	0.3318178856538402	0.1799050901706019	0.1696766402040209	Tier_1_mechanistic_probe	Tier_1_mechanistic_probe	True	True	0.8394648829431438	0.1939799331103679	0.6135451505016724	105	2.526038259615349	3.018593789307171	early_tier=Tier_1_mechanistic_probe; late_tier=Tier_1_mechanistic_probe; both_hard_gate=True	98	111
arcyriaflavin-a	psb-069	0.8372377124541097	0.653713523805703	0.1835241886484067	0.2513968291958527	0.135857936926186	0.176811108055214	0.4291111048724916	0.3565118457966794	0.0297714109931673	Tier_4_not_prioritized	Tier_3_computational_hit	True	False	0.822742474916388	0.2240802675585284	0.6132107023411372	106	1.9248851248778247	4.200628672561935	early_tier=Tier_4_not_prioritized; late_tier=Tier_3_computational_hit; both_hard_gate=False	80	132
r(-)-propylnorapomorphine	ambroxol	0.7040846810365716	0.2996331241780093	0.4044515568585622	0.5167463860873664	0.2317333327872412	-0.0806753974821832	0.2222777725093894	0.214442616328597	-0.1124999905005097	Tier_4_not_prioritized	Tier_4_not_prioritized	True	False	0.4849498327759197	0.8494983277591973	0.6125418060200669	107	3.7567379308635473	2.4175703242393984	early_tier=Tier_4_not_prioritized; late_tier=Tier_4_not_prioritized; both_hard_gate=False	73	162
ag-490	bromocriptine	0.7083104905276929	0.323684894966723	0.3846255955609698	0.3408095247245259	0.2174672408561621	-0.0613149003022246	0.3878145326679159	0.2492790310126212	-0.0219900336648736	Tier_4_not_prioritized	Tier_4_not_prioritized	True	False	0.4983277591973244	0.8060200668896321	0.6060200668896321	108	2.6682951078262267	3.597990883692539	early_tier=Tier_4_not_prioritized; late_tier=Tier_4_not_prioritized; both_hard_gate=False	81	140
prednisolone-acetate	aliskiren	0.7539784021986028	0.4453582248672665	0.3086201773313362	0.2319165623214628	0.1410348883696965	0.0857388911147912	0.4764824906984965	0.2830468008501662	-0.0147318169474601	Tier_4_not_prioritized	Tier_4_not_prioritized	True	False	0.6086956521739131	0.5986622073578596	0.6051839464882944	109	1.8216565241617504	4.2775155343430695	early_tier=Tier_4_not_prioritized; late_tier=Tier_4_not_prioritized; both_hard_gate=False	70	139
thiostrepton	glycocholic-acid	0.692726661007674	0.276158221952972	0.4165684390547019	0.4468245117792061	0.4335254803299904	-0.0688117179605695	0.2927055549290445	0.113612961049916	-0.1485714369586535	Excluded_safety	Tier_4_not_prioritized	True	False	0.4481605351170568	0.8762541806020067	0.5979933110367892	110	3.8549695031365783	2.5581223219077263	early_tier=Excluded_safety; late_tier=Tier_4_not_prioritized; both_hard_gate=False	86	146
ticlopidine	psb-069	0.7596910246019621	0.4689523402087774	0.2907386843931847	0.2711753677909395	0.1225165724754333	-0.017839344839255	0.4291111048724916	0.3565118457966794	0.0297714109931673	Tier_4_not_prioritized	Tier_3_computational_hit	True	False	0.6287625418060201	0.5317725752508361	0.5948160535117057	111	2.009007845147325	4.200628672561935	early_tier=Tier_4_not_prioritized; late_tier=Tier_3_computational_hit; both_hard_gate=False	70	158
bibx-1382	psb-069	0.8013570778929286	0.5750148810209734	0.2263421968719552	0.2560217449707644	0.2144357274685587	0.0958000073830286	0.4291111048724916	0.3565118457966794	0.0297714109931673	Tier_4_not_prioritized	Tier_3_computational_hit	True	False	0.725752508361204	0.3511705685618729	0.5946488294314382	112	2.15358517128177	4.200628672561935	early_tier=Tier_4_not_prioritized; late_tier=Tier_3_computational_hit; both_hard_gate=False	88	140
ag-490	pd-0325901	0.7017933794940333	0.3091319976374507	0.3926613818565826	0.3408095247245259	0.2174672408561621	-0.0613149003022246	0.3888269828425513	0.1429306140376461	-0.0338409654796123	Tier_4_not_prioritized	Tier_4_not_prioritized	True	False	0.4682274247491639	0.8260869565217391	0.5934782608695652	113	2.6682951078262267	3.271975325148467	early_tier=Tier_4_not_prioritized; late_tier=Tier_4_not_prioritized; both_hard_gate=False	85	146
etomidate	aliskiren	0.7889657141455996	0.5403857108368169	0.2485800033087827	0.2152146542710917	0.1923187635838985	0.189117331109527	0.4764824906984965	0.2830468008501662	-0.0147318169474601	Tier_4_not_prioritized	Tier_4_not_prioritized	True	False	0.68561872909699	0.4180602006688963	0.5919732441471571	114	1.8530080550657204	4.2775155343430695	early_tier=Tier_4_not_prioritized; late_tier=Tier_4_not_prioritized; both_hard_gate=False	63	160
r(-)-propylnorapomorphine	atorvastatin	0.7025201554217981	0.3189708597751127	0.3835492956466854	0.5167463860873664	0.2317333327872412	-0.0806753974821832	0.2072999146249559	0.1362054027203056	-0.1188452158655439	Tier_4_not_prioritized	Tier_4_not_prioritized	True	False	0.4782608695652174	0.7926421404682275	0.5882943143812709	115	3.7567379308635473	2.075961514835675	early_tier=Tier_4_not_prioritized; late_tier=Tier_4_not_prioritized; both_hard_gate=False	78	172
geldanamycin	wz-4002	0.8748996836698747	0.7929850331884587	0.081914650481416	0.3060583371136869	0.1065098238842827	0.2312507074740198	0.3318178856538402	0.1799050901706019	0.1696766402040209	Excluded_safety	Tier_1_mechanistic_probe	True	False	0.8762541806020067	0.0501672240802675	0.5871237458193981	116	2.176621694134193	3.018593789307171	early_tier=Excluded_safety; late_tier=Tier_1_mechanistic_probe; both_hard_gate=False	87	142
y-26763	glycocholic-acid	0.7107942985843807	0.351122692086926	0.3596716064974546	0.4209383817921791	0.1104624923318624	0.0190958171668979	0.2927055549290445	0.113612961049916	-0.1485714369586535	Tier_3_computational_hit	Tier_4_not_prioritized	True	False	0.5050167224080268	0.7324414715719063	0.5846153846153845	117	2.8736127698234353	2.5581223219077263	early_tier=Tier_3_computational_hit; late_tier=Tier_4_not_prioritized; both_hard_gate=False	100	134
nu-7026	prednisone	0.6899139605913429	0.2794711267989541	0.4104428337923888	0.2296837022128914	0.121435706104551	0.0272444321049584	0.4679000046518113	0.368160122902029	-0.106774996034801	Tier_4_not_prioritized	Tier_4_not_prioritized	True	False	0.4347826086956521	0.862876254180602	0.5846153846153845	117	1.7581600552143564	4.488126371972259	early_tier=Tier_4_not_prioritized; late_tier=Tier_4_not_prioritized; both_hard_gate=False	66	167
r(-)-propylnorapomorphine	tubocurarine	0.6863926420623938	0.2643686833067073	0.4220239587556865	0.5167463860873664	0.2317333327872412	-0.0806753974821832	0.2221980144580205	0.1128484031392468	-0.0646910603557314	Tier_4_not_prioritized	Tier_4_not_prioritized	True	False	0.4247491638795986	0.8795986622073578	0.5839464882943144	119	3.7567379308635473	2.099352326781365	early_tier=Tier_4_not_prioritized; late_tier=Tier_4_not_prioritized; both_hard_gate=False	80	167
nu-7026	aliskiren	0.722498312585115	0.3857473358031481	0.3367509767819669	0.2296837022128914	0.121435706104551	0.0272444321049584	0.4764824906984965	0.2830468008501662	-0.0147318169474601	Tier_4_not_prioritized	Tier_4_not_prioritized	True	False	0.5351170568561873	0.6722408026755853	0.5831103678929765	120	1.7581600552143564	4.2775155343430695	early_tier=Tier_4_not_prioritized; late_tier=Tier_4_not_prioritized; both_hard_gate=False	67	168
aminopentamide	verteporfin	0.734299797941709	0.4176088438280637	0.3166909541136453	0.3832026811848793	0.3456125017255544	-0.0583138830131954	0.3174578201853567	0.1837441553879115	0.0395371671766042	Tier_4_not_prioritized	Tier_1_mechanistic_probe	True	False	0.5585284280936454	0.6187290969899666	0.5795986622073579	121	3.2496369333869217	2.937649773036116	early_tier=Tier_4_not_prioritized; late_tier=Tier_1_mechanistic_probe; both_hard_gate=False	91	156
etomidate	prednisone	0.7563813621518275	0.4721673145550227	0.2842140475968047	0.2152146542710917	0.1923187635838985	0.189117331109527	0.4679000046518113	0.368160122902029	-0.106774996034801	Tier_4_not_prioritized	Tier_4_not_prioritized	True	False	0.6153846153846154	0.5117056856187291	0.5790969899665552	122	1.8530080550657204	4.488126371972259	early_tier=Tier_4_not_prioritized; late_tier=Tier_4_not_prioritized; both_hard_gate=False	51	165
stk-249718	tyrphostin-1	0.7448409666115092	0.4453923966484291	0.29944856996308	0.4827735199193869	0.3056777156889438	-0.0874331403109762	0.2134195044636726	0.165535744279623	0.1507142931222915	Tier_4_not_prioritized	Tier_1_mechanistic_probe	True	False	0.5886287625418061	0.5585284280936454	0.5780936454849499	123	3.74280352389874	2.207292994011233	early_tier=Tier_4_not_prioritized; late_tier=Tier_1_mechanistic_probe; both_hard_gate=False	81	186
prochlorperazine	wz-4002	0.8018582411986288	0.597032524745113	0.2048257164535157	0.3393047527809228	0.148764285658087	0.0186749911970562	0.3318178856538402	0.1799050901706019	0.1696766402040209	Excluded_safety	Tier_1_mechanistic_probe	True	True	0.7290969899665551	0.2876254180602006	0.574581939799331	124	2.4835161945213544	3.018593789307171	early_tier=Excluded_safety; late_tier=Tier_1_mechanistic_probe; both_hard_gate=True	108	148
aminopentamide	nvp-tae684	0.7481063674980153	0.4611455565761952	0.2869608109218201	0.3832026811848793	0.3456125017255544	-0.0583138830131954	0.3068421044283443	0.1615088503393862	0.1419794602053506	Tier_4_not_prioritized	Tier_4_not_prioritized	True	False	0.5986622073578596	0.5284280936454849	0.5740802675585285	125	3.2496369333869217	2.7994032456748315	early_tier=Tier_4_not_prioritized; late_tier=Tier_4_not_prioritized; both_hard_gate=False	91	166
prednisolone-acetate	prednisone	0.7213940502048307	0.3930632499497501	0.3283308002550806	0.2319165623214628	0.1410348883696965	0.0857388911147912	0.4679000046518113	0.368160122902029	-0.106774996034801	Tier_4_not_prioritized	Tier_4_not_prioritized	True	False	0.5284280936454849	0.6488294314381271	0.5705685618729097	126	1.8216565241617504	4.488126371972259	early_tier=Tier_4_not_prioritized; late_tier=Tier_4_not_prioritized; both_hard_gate=False	79	151
thiostrepton	pd-184352	0.669011793472612	0.2399635737510546	0.4290482197215573	0.4468245117792061	0.4335254803299904	-0.0688117179605695	0.2852154970169067	0.2008830491039487	-0.1018106751143932	Excluded_safety	Tier_4_not_prioritized	True	False	0.3979933110367893	0.8862876254180602	0.568896321070234	127	3.8549695031365783	2.782548756150072	early_tier=Excluded_safety; late_tier=Tier_4_not_prioritized; both_hard_gate=False	99	158
loperamide	bromocriptine	0.7838045925230881	0.5576151894204067	0.2261894031026814	0.2855147977492639	0.1086321733891964	0.2002627576390902	0.3878145326679159	0.2492790310126212	-0.0219900336648736	Tier_4_not_prioritized	Tier_4_not_prioritized	True	False	0.6755852842809364	0.3478260869565217	0.5608695652173913	128	2.0592202618733775	3.597990883692539	early_tier=Tier_4_not_prioritized; late_tier=Tier_4_not_prioritized; both_hard_gate=False	72	157
loperamide	pd-0325901	0.7772874814894286	0.5430622920911345	0.234225189398294	0.2855147977492639	0.1086321733891964	0.2002627576390902	0.3888269828425513	0.1429306140376461	-0.0338409654796123	Tier_4_not_prioritized	Tier_4_not_prioritized	True	False	0.6555183946488294	0.3779264214046823	0.558361204013378	129	2.0592202618733775	3.271975325148467	early_tier=Tier_4_not_prioritized; late_tier=Tier_4_not_prioritized; both_hard_gate=False	71	161
ag-490	wz-4002	0.7633680673925916	0.5177950192176338	0.2455730481749577	0.3408095247245259	0.2174672408561621	-0.0613149003022246	0.3318178856538402	0.1799050901706019	0.1696766402040209	Tier_4_not_prioritized	Tier_1_mechanistic_probe	True	False	0.6387959866220736	0.4080267558528428	0.5580267558528429	130	2.6682951078262267	3.018593789307171	early_tier=Tier_4_not_prioritized; late_tier=Tier_1_mechanistic_probe; both_hard_gate=False	94	179
loperamide	wz-4002	0.8388621693879869	0.7517253136713176	0.0871368557166692	0.2855147977492639	0.1086321733891964	0.2002627576390902	0.3318178856538402	0.1799050901706019	0.1696766402040209	Tier_4_not_prioritized	Tier_1_mechanistic_probe	True	False	0.8260869565217391	0.0535117056856187	0.555685618729097	131	2.0592202618733775	3.018593789307171	early_tier=Tier_4_not_prioritized; late_tier=Tier_1_mechanistic_probe; both_hard_gate=False	111	151
etomidate	psb-069	0.8072086490565051	0.6479286593976354	0.1592799896588697	0.2152146542710917	0.1923187635838985	0.189117331109527	0.4291111048724916	0.3565118457966794	0.0297714109931673	Tier_4_not_prioritized	Tier_3_computational_hit	True	False	0.7525083612040134	0.1806020066889632	0.5523411371237459	132	1.8530080550657204	4.200628672561935	early_tier=Tier_4_not_prioritized; late_tier=Tier_3_computational_hit; both_hard_gate=False	97	163
y-26763	pd-184352	0.6870794310493187	0.3149280438850086	0.37215138716431	0.4209383817921791	0.1104624923318624	0.0190958171668979	0.2852154970169067	0.2008830491039487	-0.1018106751143932	Tier_3_computational_hit	Tier_4_not_prioritized	True	False	0.4280936454849498	0.7625418060200669	0.5451505016722409	133	2.8736127698234353	2.782548756150072	early_tier=Tier_3_computational_hit; late_tier=Tier_4_not_prioritized; both_hard_gate=False	112	148
pre-084	verteporfin	0.7787097983047484	0.5621284203796042	0.2165813779251442	0.3460696306345718	0.1495749969035387	0.1047722188134988	0.3174578201853567	0.1837441553879115	0.0395371671766042	Tier_1_mechanistic_probe	Tier_1_mechanistic_probe	True	True	0.6622073578595318	0.3277591973244147	0.5451505016722408	134	2.526038259615349	2.937649773036116	early_tier=Tier_1_mechanistic_probe; late_tier=Tier_1_mechanistic_probe; both_hard_gate=True	119	140
pre-084	nvp-tae684	0.792516367861055	0.6056651331277356	0.1868512347333193	0.3460696306345718	0.1495749969035387	0.1047722188134988	0.3068421044283443	0.1615088503393862	0.1419794602053506	Tier_1_mechanistic_probe	Tier_4_not_prioritized	True	False	0.7023411371237458	0.2408026755852843	0.5408026755852843	135	2.526038259615349	2.7994032456748315	early_tier=Tier_1_mechanistic_probe; late_tier=Tier_4_not_prioritized; both_hard_gate=False	122	145
stk-249718	ambroxol	0.6667329434541955	0.2758889482652266	0.3908439951889689	0.4827735199193869	0.3056777156889438	-0.0874331403109762	0.2222777725093894	0.214442616328597	-0.1124999905005097	Tier_4_not_prioritized	Tier_4_not_prioritized	True	False	0.391304347826087	0.8160535117056856	0.5399665551839465	136	3.74280352389874	2.4175703242393984	early_tier=Tier_4_not_prioritized; late_tier=Tier_4_not_prioritized; both_hard_gate=False	96	181
prednisolone-acetate	psb-069	0.7722213371095085	0.5529011734280853	0.2193201636814231	0.2319165623214628	0.1410348883696965	0.0857388911147912	0.4291111048724916	0.3565118457966794	0.0297714109931673	Tier_4_not_prioritized	Tier_3_computational_hit	True	False	0.6488294314381271	0.3311036789297659	0.5376254180602007	137	1.8216565241617504	4.200628672561935	early_tier=Tier_4_not_prioritized; late_tier=Tier_3_computational_hit; both_hard_gate=False	103	166
wz-4002	bromocriptine	0.8068635731118745	0.6678110257258624	0.1390525473860121	0.2427962143306753	0.1696766402040209	0.3318178856538402	0.3878145326679159	0.2492790310126212	-0.0219900336648736	Tier_1_mechanistic_probe	Tier_4_not_prioritized	True	False	0.7491638795986622	0.1371237458193979	0.5349498327759197	138	1.9599890247309877	3.597990883692539	early_tier=Tier_1_mechanistic_probe; late_tier=Tier_4_not_prioritized; both_hard_gate=False	75	198
stk-249718	duloxetine	0.6810891317436472	0.3102351415880201	0.370853990155627	0.4827735199193869	0.3056777156889438	-0.0874331403109762	0.2185218946801291	0.1440896673334969	-0.0665861084125936	Tier_4_not_prioritized	Tier_4_not_prioritized	True	False	0.4147157190635451	0.7525083612040134	0.532943143812709	139	3.74280352389874	2.1732541979990767	early_tier=Tier_4_not_prioritized; late_tier=Tier_4_not_prioritized; both_hard_gate=False	89	192
geldanamycin	nvp-tae684	0.8157443186704305	0.7121379750278143	0.1036063436426162	0.3060583371136869	0.1065098238842827	0.2312507074740198	0.3068421044283443	0.1615088503393862	0.1419794602053506	Excluded_safety	Tier_4_not_prioritized	True	False	0.7725752508361204	0.0769230769230769	0.5290969899665553	140	2.176621694134193	2.7994032456748315	early_tier=Excluded_safety; late_tier=Tier_4_not_prioritized; both_hard_gate=False	112	171
emf-sumo1-10	aliskiren	0.6634220992407156	0.2738606472617932	0.3895614519789223	0.2255065434479287	0.1770792342722416	-0.0825536770539151	0.4764824906984965	0.2830468008501662	-0.0147318169474601	Tier_4_not_prioritized	Tier_4_not_prioritized	True	False	0.3712374581939799	0.8127090301003345	0.525752508361204	141	1.8755526661235435	4.2775155343430695	early_tier=Tier_4_not_prioritized; late_tier=Tier_4_not_prioritized; both_hard_gate=False	76	202
wz-4002	pd-0325901	0.8003464620782151	0.6532581283965901	0.147088333681625	0.2427962143306753	0.1696766402040209	0.3318178856538402	0.3888269828425513	0.1429306140376461	-0.0338409654796123	Tier_1_mechanistic_probe	Tier_4_not_prioritized	True	False	0.7190635451505016	0.1638795986622073	0.5247491638795986	142	1.9599890247309877	3.271975325148467	early_tier=Tier_1_mechanistic_probe; late_tier=Tier_4_not_prioritized; both_hard_gate=False	74	200
nu-7026	psb-069	0.7407412474960207	0.4932902843639667	0.2474509631320539	0.2296837022128914	0.121435706104551	0.0272444321049584	0.4291111048724916	0.3565118457966794	0.0297714109931673	Tier_4_not_prioritized	Tier_3_computational_hit	True	False	0.5785953177257525	0.4147157190635451	0.5212374581939799	143	1.7581600552143564	4.200628672561935	early_tier=Tier_4_not_prioritized; late_tier=Tier_3_computational_hit; both_hard_gate=False	100	186
geldanamycin	verteporfin	0.8019377491141241	0.6686012622796826	0.1333364868344414	0.3060583371136869	0.1065098238842827	0.2312507074740198	0.3174578201853567	0.1837441553879115	0.0395371671766042	Excluded_safety	Tier_1_mechanistic_probe	True	False	0.7324414715719063	0.1237458193979933	0.5193979933110368	144	2.176621694134193	2.937649773036116	early_tier=Excluded_safety; late_tier=Tier_1_mechanistic_probe; both_hard_gate=False	108	168
stk-249718	tubocurarine	0.6490409044800178	0.2406245073939245	0.4084163970860933	0.4827735199193869	0.3056777156889438	-0.0874331403109762	0.2221980144580205	0.1128484031392468	-0.0646910603557314	Tier_4_not_prioritized	Tier_4_not_prioritized	True	False	0.3277591973244147	0.8561872909698997	0.5127090301003344	145	3.74280352389874	2.099352326781365	early_tier=Tier_4_not_prioritized; late_tier=Tier_4_not_prioritized; both_hard_gate=False	108	186
stk-249718	atorvastatin	0.6651684178394222	0.29522668386233	0.3699417339770922	0.4827735199193869	0.3056777156889438	-0.0874331403109762	0.2072999146249559	0.1362054027203056	-0.1188452158655439	Tier_4_not_prioritized	Tier_4_not_prioritized	True	False	0.3779264214046823	0.7491638795986622	0.5078595317725753	146	3.74280352389874	2.075961514835675	early_tier=Tier_4_not_prioritized; late_tier=Tier_4_not_prioritized; both_hard_gate=False	104	199
prochlorperazine	nvp-tae684	0.7427028761991846	0.5161854665844685	0.2265174096147161	0.3393047527809228	0.148764285658087	0.0186749911970562	0.3068421044283443	0.1615088503393862	0.1419794602053506	Excluded_safety	Tier_4_not_prioritized	True	False	0.5852842809364549	0.3578595317725752	0.505685618729097	147	2.4835161945213544	2.7994032456748315	early_tier=Excluded_safety; late_tier=Tier_4_not_prioritized; both_hard_gate=False	129	174
prochlorperazine	verteporfin	0.7288963066428782	0.472648753836337	0.2562475528065412	0.3393047527809228	0.148764285658087	0.0186749911970562	0.3174578201853567	0.1837441553879115	0.0395371671766042	Excluded_safety	Tier_1_mechanistic_probe	True	True	0.5451505016722408	0.431438127090301	0.5053511705685618	148	2.4835161945213544	2.937649773036116	early_tier=Excluded_safety; late_tier=Tier_1_mechanistic_probe; both_hard_gate=True	135	164
thiostrepton	tyrphostin-1	0.7182026696465318	0.4460393149287455	0.2721633547177863	0.4468245117792061	0.4335254803299904	-0.0688117179605695	0.2134195044636726	0.165535744279623	0.1507142931222915	Excluded_safety	Tier_1_mechanistic_probe	True	False	0.5150501672240803	0.4816053511705686	0.5033444816053512	149	3.8549695031365783	2.207292994011233	early_tier=Excluded_safety; late_tier=Tier_1_mechanistic_probe; both_hard_gate=False	104	214
arcyriaflavin-a	bromocriptine	0.7379607991777389	0.5171045555598249	0.220856243617914	0.2513968291958527	0.135857936926186	0.176811108055214	0.3878145326679159	0.2492790310126212	-0.0219900336648736	Tier_4_not_prioritized	Tier_4_not_prioritized	True	False	0.5652173913043478	0.3377926421404682	0.4856187290969899	150	1.9248851248778247	3.597990883692539	early_tier=Tier_4_not_prioritized; late_tier=Tier_4_not_prioritized; both_hard_gate=False	104	181
arcyriaflavin-a	pd-0325901	0.7314436881440793	0.5025516582305528	0.2288920299135265	0.2513968291958527	0.135857936926186	0.176811108055214	0.3888269828425513	0.1429306140376461	-0.0338409654796123	Tier_4_not_prioritized	Tier_4_not_prioritized	True	False	0.5484949832775919	0.3645484949832775	0.4841137123745819	151	1.9248851248778247	3.271975325148467	early_tier=Tier_4_not_prioritized; late_tier=Tier_4_not_prioritized; both_hard_gate=False	105	183
ag-490	nvp-tae684	0.7042127023931474	0.4369479610569893	0.267264741336158	0.3408095247245259	0.2174672408561621	-0.0613149003022246	0.3068421044283443	0.1615088503393862	0.1419794602053506	Tier_4_not_prioritized	Tier_4_not_prioritized	True	False	0.4882943143812709	0.4682274247491639	0.4812709030100334	152	2.6682951078262267	2.7994032456748315	early_tier=Tier_4_not_prioritized; late_tier=Tier_4_not_prioritized; both_hard_gate=False	120	206
wz-4002	nvp-tae684	0.8027657849773292	0.7810740918161287	0.0216916931612004	0.2427962143306753	0.1696766402040209	0.3318178856538402	0.3068421044283443	0.1615088503393862	0.1419794602053506	Tier_1_mechanistic_probe	Tier_4_not_prioritized	True	False	0.7357859531772575	0.0066889632107023	0.4806020066889632	153	1.9599890247309877	2.7994032456748315	early_tier=Tier_1_mechanistic_probe; late_tier=Tier_4_not_prioritized; both_hard_gate=False	107	202
ag-490	verteporfin	0.6904061328368409	0.3934112483088577	0.2969948845279831	0.3408095247245259	0.2174672408561621	-0.0613149003022246	0.3174578201853567	0.1837441553879115	0.0395371671766042	Tier_4_not_prioritized	Tier_1_mechanistic_probe	True	False	0.4414715719063545	0.5484949832775919	0.4789297658862876	154	2.6682951078262267	2.937649773036116	early_tier=Tier_4_not_prioritized; late_tier=Tier_1_mechanistic_probe; both_hard_gate=False	122	191
arcyriaflavin-a	wz-4002	0.7930183760426377	0.7112146798107358	0.0818036962319018	0.2513968291958527	0.135857936926186	0.176811108055214	0.3318178856538402	0.1799050901706019	0.1696766402040209	Tier_4_not_prioritized	Tier_1_mechanistic_probe	True	False	0.7090301003344481	0.0468227424749163	0.477257525083612	155	1.9248851248778247	3.018593789307171	early_tier=Tier_4_not_prioritized; late_tier=Tier_1_mechanistic_probe; both_hard_gate=False	134	170
emf-sumo1-10	prednisone	0.6308377472469434	0.2215656723442767	0.4092720749026666	0.2255065434479287	0.1770792342722416	-0.0825536770539151	0.4679000046518113	0.368160122902029	-0.106774996034801	Tier_4_not_prioritized	Tier_4_not_prioritized	True	False	0.2709030100334448	0.8595317725752508	0.4769230769230769	156	1.8755526661235435	4.488126371972259	early_tier=Tier_4_not_prioritized; late_tier=Tier_4_not_prioritized; both_hard_gate=False	96	211
y-26763	tyrphostin-1	0.7362703072232386	0.5210037850626994	0.2152665221605392	0.4209383817921791	0.1104624923318624	0.0190958171668979	0.2134195044636726	0.165535744279623	0.1507142931222915	Tier_3_computational_hit	Tier_1_mechanistic_probe	True	True	0.5618729096989966	0.3177257525083612	0.4764214046822742	157	2.8736127698234353	2.207292994011233	early_tier=Tier_3_computational_hit; late_tier=Tier_1_mechanistic_probe; both_hard_gate=True	122	196
emf-sumo1-10	psb-069	0.6816650341516213	0.3814035958226119	0.3002614383290093	0.2255065434479287	0.1770792342722416	-0.0825536770539151	0.4291111048724916	0.3565118457966794	0.0297714109931673	Tier_4_not_prioritized	Tier_3_computational_hit	True	False	0.4180602006688963	0.5618729096989966	0.4683946488294314	158	1.8755526661235435	4.200628672561935	early_tier=Tier_4_not_prioritized; late_tier=Tier_3_computational_hit; both_hard_gate=False	97	236
bibx-1382	bromocriptine	0.702080164616558	0.4384059127750954	0.2636742518414625	0.2560217449707644	0.2144357274685587	0.0958000073830286	0.3878145326679159	0.2492790310126212	-0.0219900336648736	Tier_4_not_prioritized	Tier_4_not_prioritized	True	False	0.4749163879598662	0.4481605351170568	0.4655518394648829	159	2.15358517128177	3.597990883692539	early_tier=Tier_4_not_prioritized; late_tier=Tier_4_not_prioritized; both_hard_gate=False	129	175
ticlopidine	bromocriptine	0.6604141113255912	0.3323433719628993	0.3280707393626919	0.2711753677909395	0.1225165724754333	-0.017839344839255	0.3878145326679159	0.2492790310126212	-0.0219900336648736	Tier_4_not_prioritized	Tier_4_not_prioritized	True	False	0.3678929765886287	0.6454849498327759	0.4650501672240802	160	2.009007845147325	3.597990883692539	early_tier=Tier_4_not_prioritized; late_tier=Tier_4_not_prioritized; both_hard_gate=False	121	192
loperamide	verteporfin	0.7659002348322361	0.6273415427625415	0.1385586920696946	0.2855147977492639	0.1086321733891964	0.2002627576390902	0.3174578201853567	0.1837441553879115	0.0395371671766042	Tier_4_not_prioritized	Tier_1_mechanistic_probe	True	False	0.6421404682274248	0.1337792642140468	0.4642140468227425	161	2.0592202618733775	2.937649773036116	early_tier=Tier_4_not_prioritized; late_tier=Tier_1_mechanistic_probe; both_hard_gate=False	124	186
thiostrepton	duloxetine	0.6544508347786696	0.3108820598683365	0.3435687749103331	0.4468245117792061	0.4335254803299904	-0.0688117179605695	0.2185218946801291	0.1440896673334969	-0.0665861084125936	Excluded_safety	Tier_4_not_prioritized	True	False	0.3444816053511705	0.68561872909699	0.4638795986622073	162	3.8549695031365783	2.1732541979990767	early_tier=Excluded_safety; late_tier=Tier_4_not_prioritized; both_hard_gate=False	118	210
y-26763	duloxetine	0.6725184723553764	0.3688142366322967	0.3037042357230797	0.4209383817921791	0.1104624923318624	0.0190958171668979	0.2185218946801291	0.1440896673334969	-0.0665861084125936	Tier_3_computational_hit	Tier_4_not_prioritized	True	False	0.4013377926421405	0.5719063545150501	0.4610367892976588	163	2.8736127698234353	2.1732541979990767	early_tier=Tier_3_computational_hit; late_tier=Tier_4_not_prioritized; both_hard_gate=False	132	192
bibx-1382	pd-0325901	0.6955630535828984	0.4238530154458232	0.2717100381370751	0.2560217449707644	0.2144357274685587	0.0958000073830286	0.3888269828425513	0.1429306140376461	-0.0338409654796123	Tier_4_not_prioritized	Tier_4_not_prioritized	True	False	0.451505016722408	0.4782608695652174	0.4608695652173913	164	2.15358517128177	3.271975325148467	early_tier=Tier_4_not_prioritized; late_tier=Tier_4_not_prioritized; both_hard_gate=False	131	179
loperamide	nvp-tae684	0.7797068043885427	0.6708782555106731	0.1088285488778695	0.2855147977492639	0.1086321733891964	0.2002627576390902	0.3068421044283443	0.1615088503393862	0.1419794602053506	Tier_4_not_prioritized	Tier_4_not_prioritized	True	False	0.6655518394648829	0.0802675585284281	0.4607023411371237	165	2.0592202618733775	2.7994032456748315	early_tier=Tier_4_not_prioritized; late_tier=Tier_4_not_prioritized; both_hard_gate=False	126	178
thiostrepton	ambroxol	0.6400946464892181	0.2765358665455429	0.3635587799436751	0.4468245117792061	0.4335254803299904	-0.0688117179605695	0.2222777725093894	0.214442616328597	-0.1124999905005097	Excluded_safety	Tier_4_not_prioritized	True	False	0.3010033444816054	0.7391304347826086	0.4543478260869564	166	3.8549695031365783	2.4175703242393984	early_tier=Excluded_safety; late_tier=Tier_4_not_prioritized; both_hard_gate=False	121	207
aminopentamide	glycocholic-acid	0.6343537478870342	0.2548451416031828	0.3795086062838514	0.3832026811848793	0.3456125017255544	-0.0583138830131954	0.2927055549290445	0.113612961049916	-0.1485714369586535	Tier_4_not_prioritized	Tier_4_not_prioritized	True	False	0.2775919732441471	0.7792642140468228	0.4531772575250836	167	3.2496369333869217	2.5581223219077263	early_tier=Tier_4_not_prioritized; late_tier=Tier_4_not_prioritized; both_hard_gate=False	134	187
ticlopidine	pd-0325901	0.6538970002919318	0.3177904746336271	0.3361065256583047	0.2711753677909395	0.1225165724754333	-0.017839344839255	0.3888269828425513	0.1429306140376461	-0.0338409654796123	Tier_4_not_prioritized	Tier_4_not_prioritized	True	False	0.3377926421404682	0.6622073578595318	0.4513377926421404	168	2.009007845147325	3.271975325148467	early_tier=Tier_4_not_prioritized; late_tier=Tier_4_not_prioritized; both_hard_gate=False	124	195
wz-4002	verteporfin	0.7889592154210227	0.7375373790679973	0.0514218363530253	0.2427962143306753	0.1696766402040209	0.3318178856538402	0.3174578201853567	0.1837441553879115	0.0395371671766042	Tier_1_mechanistic_probe	Tier_1_mechanistic_probe	True	True	0.6822742474916388	0.020066889632107	0.4505016722408027	169	1.9599890247309877	2.937649773036116	early_tier=Tier_1_mechanistic_probe; late_tier=Tier_1_mechanistic_probe; both_hard_gate=True	110	210
bibx-1382	wz-4002	0.7571377414814566	0.6325160370260062	0.1246217044554504	0.2560217449707644	0.2144357274685587	0.0958000073830286	0.3318178856538402	0.1799050901706019	0.1696766402040209	Tier_4_not_prioritized	Tier_1_mechanistic_probe	True	False	0.6254180602006689	0.1103678929765886	0.4451505016722408	170	2.15358517128177	3.018593789307171	early_tier=Tier_4_not_prioritized; late_tier=Tier_1_mechanistic_probe; both_hard_gate=False	164	176
pre-084	glycocholic-acid	0.6787637482500738	0.3993647181547232	0.2793990300953506	0.3460696306345718	0.1495749969035387	0.1047722188134988	0.2927055549290445	0.113612961049916	-0.1485714369586535	Tier_1_mechanistic_probe	Tier_4_not_prioritized	True	False	0.411371237458194	0.5050167224080268	0.4441471571906354	171	2.526038259615349	2.5581223219077263	early_tier=Tier_1_mechanistic_probe; late_tier=Tier_4_not_prioritized; both_hard_gate=False	145	191
y-26763	ambroxol	0.6581622840659249	0.3515003366794968	0.306661947386428	0.4209383817921791	0.1104624923318624	0.0190958171668979	0.2222777725093894	0.214442616328597	-0.1124999905005097	Tier_3_computational_hit	Tier_4_not_prioritized	True	False	0.3612040133779264	0.5919732441471572	0.4419732441471572	172	2.8736127698234353	2.4175703242393984	early_tier=Tier_3_computational_hit; late_tier=Tier_4_not_prioritized; both_hard_gate=False	148	201
thiostrepton	tubocurarine	0.6224026075150404	0.2412714256742408	0.3811311818407995	0.4468245117792061	0.4335254803299904	-0.0688117179605695	0.2221980144580205	0.1128484031392468	-0.0646910603557314	Excluded_safety	Tier_4_not_prioritized	True	False	0.2508361204013378	0.7892976588628763	0.4392976588628762	173	3.8549695031365783	2.099352326781365	early_tier=Excluded_safety; late_tier=Tier_4_not_prioritized; both_hard_gate=False	125	209
aminopentamide	pd-184352	0.6106388803519722	0.2186504934012653	0.3919883869507068	0.3832026811848793	0.3456125017255544	-0.0583138830131954	0.2852154970169067	0.2008830491039487	-0.1018106751143932	Tier_4_not_prioritized	Tier_4_not_prioritized	True	False	0.2274247491638795	0.8193979933110368	0.4346153846153846	174	3.2496369333869217	2.782548756150072	early_tier=Tier_4_not_prioritized; late_tier=Tier_4_not_prioritized; both_hard_gate=False	145	188
thiostrepton	atorvastatin	0.6385301208744447	0.2958736021426462	0.3426565187317985	0.4468245117792061	0.4335254803299904	-0.0688117179605695	0.2072999146249559	0.1362054027203056	-0.1188452158655439	Excluded_safety	Tier_4_not_prioritized	True	False	0.2976588628762542	0.6789297658862876	0.4311036789297658	175	3.8549695031365783	2.075961514835675	early_tier=Excluded_safety; late_tier=Tier_4_not_prioritized; both_hard_gate=False	130	219
etomidate	wz-4002	0.7629893126450331	0.7054298154026684	0.0575594972423647	0.2152146542710917	0.1923187635838985	0.189117331109527	0.3318178856538402	0.1799050901706019	0.1696766402040209	Tier_4_not_prioritized	Tier_1_mechanistic_probe	True	False	0.6354515050167224	0.0334448160535117	0.4247491638795986	176	1.8530080550657204	3.018593789307171	early_tier=Tier_4_not_prioritized; late_tier=Tier_1_mechanistic_probe; both_hard_gate=False	147	201
ticlopidine	wz-4002	0.7154716881904899	0.5264534962138102	0.1890181919766796	0.2711753677909395	0.1225165724754333	-0.017839344839255	0.3318178856538402	0.1799050901706019	0.1696766402040209	Tier_4_not_prioritized	Tier_1_mechanistic_probe	True	False	0.5117056856187291	0.2508361204013378	0.4204013377926421	177	2.009007845147325	3.018593789307171	early_tier=Tier_4_not_prioritized; late_tier=Tier_1_mechanistic_probe; both_hard_gate=False	153	216
y-26763	tubocurarine	0.6404702450917472	0.3162358958081948	0.3242343492835524	0.4209383817921791	0.1104624923318624	0.0190958171668979	0.2221980144580205	0.1128484031392468	-0.0646910603557314	Tier_3_computational_hit	Tier_4_not_prioritized	True	False	0.3043478260869565	0.6321070234113713	0.4190635451505017	178	2.8736127698234353	2.099352326781365	early_tier=Tier_3_computational_hit; late_tier=Tier_4_not_prioritized; both_hard_gate=False	154	201
pre-084	pd-184352	0.6550488807150118	0.3631700699528057	0.291878810762206	0.3460696306345718	0.1495749969035387	0.1047722188134988	0.2852154970169067	0.2008830491039487	-0.1018106751143932	Tier_1_mechanistic_probe	Tier_4_not_prioritized	True	False	0.3511705685618729	0.5351170568561873	0.4155518394648829	179	2.526038259615349	2.782548756150072	early_tier=Tier_1_mechanistic_probe; late_tier=Tier_4_not_prioritized; both_hard_gate=False	153	199
etomidate	bromocriptine	0.7079317357801345	0.5113196911517575	0.196612044628377	0.2152146542710917	0.1923187635838985	0.189117331109527	0.3878145326679159	0.2492790310126212	-0.0219900336648736	Tier_4_not_prioritized	Tier_4_not_prioritized	True	False	0.4949832775919732	0.2675585284280936	0.4153846153846154	180	1.8530080550657204	3.597990883692539	early_tier=Tier_4_not_prioritized; late_tier=Tier_4_not_prioritized; both_hard_gate=False	123	211
prednisolone-acetate	bromocriptine	0.6729444238331376	0.4162922051822072	0.2566522186509303	0.2319165623214628	0.1410348883696965	0.0857388911147912	0.3878145326679159	0.2492790310126212	-0.0219900336648736	Tier_4_not_prioritized	Tier_4_not_prioritized	True	False	0.4046822742474916	0.4347826086956521	0.4152173913043478	181	1.8216565241617504	3.597990883692539	early_tier=Tier_4_not_prioritized; late_tier=Tier_4_not_prioritized; both_hard_gate=False	152	215
y-26763	atorvastatin	0.6565977584511513	0.3708380722766002	0.2857596861745511	0.4209383817921791	0.1104624923318624	0.0190958171668979	0.2072999146249559	0.1362054027203056	-0.1188452158655439	Tier_3_computational_hit	Tier_4_not_prioritized	True	False	0.3578595317725752	0.5183946488294314	0.4140468227424749	182	2.8736127698234353	2.075961514835675	early_tier=Tier_3_computational_hit; late_tier=Tier_4_not_prioritized; both_hard_gate=False	157	213
prednisolone-acetate	pd-0325901	0.666427312799478	0.4017393078529349	0.264688004946543	0.2319165623214628	0.1410348883696965	0.0857388911147912	0.3888269828425513	0.1429306140376461	-0.0338409654796123	Tier_4_not_prioritized	Tier_4_not_prioritized	True	False	0.3879598662207358	0.451505016722408	0.4102006688963211	183	1.8216565241617504	3.271975325148467	early_tier=Tier_4_not_prioritized; late_tier=Tier_4_not_prioritized; both_hard_gate=False	150	217
etomidate	pd-0325901	0.7014146247464749	0.4967667938224851	0.2046478309239897	0.2152146542710917	0.1923187635838985	0.189117331109527	0.3888269828425513	0.1429306140376461	-0.0338409654796123	Tier_4_not_prioritized	Tier_4_not_prioritized	True	False	0.4648829431438127	0.2842809364548495	0.4016722408026756	184	1.8530080550657204	3.271975325148467	early_tier=Tier_4_not_prioritized; late_tier=Tier_4_not_prioritized; both_hard_gate=False	122	217
geldanamycin	glycocholic-acid	0.7019916990594495	0.5058375600548017	0.1961541390046477	0.3060583371136869	0.1065098238842827	0.2312507074740198	0.2927055549290445	0.113612961049916	-0.1485714369586535	Excluded_safety	Tier_4_not_prioritized	True	False	0.471571906354515	0.2608695652173913	0.3978260869565217	185	2.176621694134193	2.5581223219077263	early_tier=Excluded_safety; late_tier=Tier_4_not_prioritized; both_hard_gate=False	125	221
ag-490	glycocholic-acid	0.5904600827821663	0.2194775648725531	0.3709825179096132	0.3408095247245259	0.2174672408561621	-0.0613149003022246	0.2927055549290445	0.113612961049916	-0.1485714369586535	Tier_4_not_prioritized	Tier_4_not_prioritized	True	False	0.2006688963210702	0.7558528428093646	0.3949832775919732	186	2.6682951078262267	2.5581223219077263	early_tier=Tier_4_not_prioritized; late_tier=Tier_4_not_prioritized; both_hard_gate=False	164	215
prochlorperazine	glycocholic-acid	0.6289502565882035	0.3098850516114561	0.3190652049767474	0.3393047527809228	0.148764285658087	0.0186749911970562	0.2927055549290445	0.113612961049916	-0.1485714369586535	Excluded_safety	Tier_4_not_prioritized	True	False	0.2675585284280936	0.6254180602006689	0.3928093645484949	187	2.4835161945213544	2.5581223219077263	early_tier=Excluded_safety; late_tier=Tier_4_not_prioritized; both_hard_gate=False	171	192
arcyriaflavin-a	nvp-tae684	0.7338630110431934	0.6303676216500913	0.1034953893931021	0.2513968291958527	0.135857936926186	0.176811108055214	0.3068421044283443	0.1615088503393862	0.1419794602053506	Tier_4_not_prioritized	Tier_4_not_prioritized	True	False	0.5551839464882943	0.0735785953177257	0.3866220735785953	188	1.9248851248778247	2.7994032456748315	early_tier=Tier_4_not_prioritized; late_tier=Tier_4_not_prioritized; both_hard_gate=False	165	207
prednisolone-acetate	wz-4002	0.7280020006980362	0.610402329433118	0.1175996712649182	0.2319165623214628	0.1410348883696965	0.0857388911147912	0.3318178856538402	0.1799050901706019	0.1696766402040209	Tier_4_not_prioritized	Tier_1_mechanistic_probe	True	False	0.5418060200668896	0.0903010033444816	0.3837792642140468	189	1.8216565241617504	3.018593789307171	early_tier=Tier_4_not_prioritized; late_tier=Tier_1_mechanistic_probe; both_hard_gate=False	176	197
arcyriaflavin-a	verteporfin	0.7200564414868871	0.5868309089019599	0.1332255325849272	0.2513968291958527	0.135857936926186	0.176811108055214	0.3174578201853567	0.1837441553879115	0.0395371671766042	Tier_4_not_prioritized	Tier_1_mechanistic_probe	True	False	0.5250836120401338	0.1204013377926421	0.3834448160535117	190	1.9248851248778247	2.937649773036116	early_tier=Tier_4_not_prioritized; late_tier=Tier_1_mechanistic_probe; both_hard_gate=False	160	208
nu-7026	bromocriptine	0.6414643342196498	0.3566813161180887	0.2847830181015611	0.2296837022128914	0.121435706104551	0.0272444321049584	0.3878145326679159	0.2492790310126212	-0.0219900336648736	Tier_4_not_prioritized	Tier_4_not_prioritized	True	False	0.3110367892976589	0.5150501672240803	0.3824414715719063	191	1.7581600552143564	3.597990883692539	early_tier=Tier_4_not_prioritized; late_tier=Tier_4_not_prioritized; both_hard_gate=False	153	231
nu-7026	pd-0325901	0.6349472231859903	0.3421284187888164	0.2928188043971738	0.2296837022128914	0.121435706104551	0.0272444321049584	0.3888269828425513	0.1429306140376461	-0.0338409654796123	Tier_4_not_prioritized	Tier_4_not_prioritized	True	False	0.2842809364548495	0.5384615384615384	0.3732441471571905	192	1.7581600552143564	3.271975325148467	early_tier=Tier_4_not_prioritized; late_tier=Tier_4_not_prioritized; both_hard_gate=False	158	224
geldanamycin	pd-184352	0.6782768315243874	0.4696429118528843	0.208633919671503	0.3060583371136869	0.1065098238842827	0.2312507074740198	0.2852154970169067	0.2008830491039487	-0.1018106751143932	Excluded_safety	Tier_4_not_prioritized	True	False	0.4080267558528428	0.3043478260869565	0.3717391304347826	193	2.176621694134193	2.782548756150072	early_tier=Excluded_safety; late_tier=Tier_4_not_prioritized; both_hard_gate=False	138	234
prochlorperazine	pd-184352	0.6052353890531414	0.2736904034095387	0.3315449856436027	0.3393047527809228	0.148764285658087	0.0186749911970562	0.2852154970169067	0.2008830491039487	-0.1018106751143932	Excluded_safety	Tier_4_not_prioritized	True	False	0.217391304347826	0.6555183946488294	0.3707357859531772	194	2.4835161945213544	2.782548756150072	early_tier=Excluded_safety; late_tier=Tier_4_not_prioritized; both_hard_gate=False	182	200
aminopentamide	tyrphostin-1	0.6598297565258922	0.4247262345789562	0.2351035219469359	0.3832026811848793	0.3456125017255544	-0.0583138830131954	0.2134195044636726	0.165535744279623	0.1507142931222915	Tier_4_not_prioritized	Tier_1_mechanistic_probe	True	False	0.3645484949832775	0.3812709030100334	0.3704013377926421	195	3.2496369333869217	2.207292994011233	early_tier=Tier_4_not_prioritized; late_tier=Tier_1_mechanistic_probe; both_hard_gate=False	154	253
ag-490	pd-184352	0.5667452152471042	0.1944528978820595	0.3722923173650447	0.3408095247245259	0.2174672408561621	-0.0613149003022246	0.2852154970169067	0.2008830491039487	-0.1018106751143932	Tier_4_not_prioritized	Tier_4_not_prioritized	True	False	0.1538461538461538	0.7658862876254181	0.3680602006688963	196	2.6682951078262267	2.782548756150072	early_tier=Tier_4_not_prioritized; late_tier=Tier_4_not_prioritized; both_hard_gate=False	173	229
pre-084	tyrphostin-1	0.7042397568889316	0.5692458111304965	0.134993945758435	0.3460696306345718	0.1495749969035387	0.1047722188134988	0.2134195044636726	0.165535744279623	0.1507142931222915	Tier_1_mechanistic_probe	Tier_1_mechanistic_probe	True	True	0.4916387959866221	0.1270903010033444	0.3640468227424749	197	2.526038259615349	2.207292994011233	early_tier=Tier_1_mechanistic_probe; late_tier=Tier_1_mechanistic_probe; both_hard_gate=True	172	222
emf-sumo1-10	bromocriptine	0.5823881208752504	0.2447946275767338	0.3375934932985165	0.2255065434479287	0.1770792342722416	-0.0825536770539151	0.3878145326679159	0.2492790310126212	-0.0219900336648736	Tier_4_not_prioritized	Tier_4_not_prioritized	True	False	0.1906354515050167	0.6755852842809364	0.3603678929765886	198	1.8755526661235435	3.597990883692539	early_tier=Tier_4_not_prioritized; late_tier=Tier_4_not_prioritized; both_hard_gate=False	143	255
geldanamycin	tyrphostin-1	0.7274677076983074	0.6757186530305752	0.0517490546677321	0.3060583371136869	0.1065098238842827	0.2312507074740198	0.2134195044636726	0.165535744279623	0.1507142931222915	Excluded_safety	Tier_1_mechanistic_probe	True	False	0.5384615384615384	0.0267558528428093	0.3593645484949832	199	2.176621694134193	2.207292994011233	early_tier=Excluded_safety; late_tier=Tier_1_mechanistic_probe; both_hard_gate=False	168	231
bibx-1382	nvp-tae684	0.6979823764820123	0.5516689788653617	0.1463133976166506	0.2560217449707644	0.2144357274685587	0.0958000073830286	0.3068421044283443	0.1615088503393862	0.1419794602053506	Tier_4_not_prioritized	Tier_4_not_prioritized	True	False	0.4615384615384615	0.1538461538461538	0.3538461538461539	200	2.15358517128177	2.7994032456748315	early_tier=Tier_4_not_prioritized; late_tier=Tier_4_not_prioritized; both_hard_gate=False	195	211
emf-sumo1-10	pd-0325901	0.5758710098415908	0.2302417302474616	0.3456292795941291	0.2255065434479287	0.1770792342722416	-0.0825536770539151	0.3888269828425513	0.1429306140376461	-0.0338409654796123	Tier_4_not_prioritized	Tier_4_not_prioritized	True	False	0.1672240802675585	0.6956521739130435	0.3521739130434782	201	1.8755526661235435	3.271975325148467	early_tier=Tier_4_not_prioritized; late_tier=Tier_4_not_prioritized; both_hard_gate=False	149	253
nu-7026	wz-4002	0.6965219110845484	0.5507914403689995	0.1457304707155489	0.2296837022128914	0.121435706104551	0.0272444321049584	0.3318178856538402	0.1799050901706019	0.1696766402040209	Tier_4_not_prioritized	Tier_1_mechanistic_probe	True	False	0.4581939799331103	0.1505016722408027	0.3505016722408027	202	1.7581600552143564	3.018593789307171	early_tier=Tier_4_not_prioritized; late_tier=Tier_1_mechanistic_probe; both_hard_gate=False	178	231
bibx-1382	verteporfin	0.684175806925706	0.5081322661172302	0.1760435408084758	0.2560217449707644	0.2144357274685587	0.0958000073830286	0.3174578201853567	0.1837441553879115	0.0395371671766042	Tier_4_not_prioritized	Tier_1_mechanistic_probe	True	False	0.4214046822742475	0.217391304347826	0.35	203	2.15358517128177	2.937649773036116	early_tier=Tier_4_not_prioritized; late_tier=Tier_1_mechanistic_probe; both_hard_gate=False	190	219
loperamide	glycocholic-acid	0.6659541847775616	0.4645778405376606	0.201376344239901	0.2855147977492639	0.1086321733891964	0.2002627576390902	0.2927055549290445	0.113612961049916	-0.1485714369586535	Tier_4_not_prioritized	Tier_4_not_prioritized	True	False	0.3846153846153846	0.2775919732441471	0.3471571906354515	204	2.0592202618733775	2.5581223219077263	early_tier=Tier_4_not_prioritized; late_tier=Tier_4_not_prioritized; both_hard_gate=False	159	235
aminopentamide	ambroxol	0.5817217333685784	0.2552227861957536	0.3264989471728247	0.3832026811848793	0.3456125017255544	-0.0583138830131954	0.2222777725093894	0.214442616328597	-0.1124999905005097	Tier_4_not_prioritized	Tier_4_not_prioritized	True	False	0.1839464882943143	0.6421404682274248	0.3443143812709029	205	3.2496369333869217	2.4175703242393984	early_tier=Tier_4_not_prioritized; late_tier=Tier_4_not_prioritized; both_hard_gate=False	172	239
ticlopidine	verteporfin	0.6425097536347393	0.4020697253050341	0.2404400283297051	0.2711753677909395	0.1225165724754333	-0.017839344839255	0.3174578201853567	0.1837441553879115	0.0395371671766042	Tier_4_not_prioritized	Tier_1_mechanistic_probe	True	False	0.3177257525083612	0.391304347826087	0.3434782608695652	206	2.009007845147325	2.937649773036116	early_tier=Tier_4_not_prioritized; late_tier=Tier_1_mechanistic_probe; both_hard_gate=False	182	243
aminopentamide	duloxetine	0.59607792165803	0.2895689795185471	0.3065089421394828	0.3832026811848793	0.3456125017255544	-0.0583138830131954	0.2185218946801291	0.1440896673334969	-0.0665861084125936	Tier_4_not_prioritized	Tier_4_not_prioritized	True	False	0.2107023411371237	0.5819397993311036	0.3406354515050167	207	3.2496369333869217	2.1732541979990767	early_tier=Tier_4_not_prioritized; late_tier=Tier_4_not_prioritized; both_hard_gate=False	168	242
ticlopidine	nvp-tae684	0.6563163231910458	0.4456064380531657	0.21070988513788	0.2711753677909395	0.1225165724754333	-0.017839344839255	0.3068421044283443	0.1615088503393862	0.1419794602053506	Tier_4_not_prioritized	Tier_4_not_prioritized	True	False	0.354515050167224	0.3076923076923077	0.3381270903010033	208	2.009007845147325	2.7994032456748315	early_tier=Tier_4_not_prioritized; late_tier=Tier_4_not_prioritized; both_hard_gate=False	185	247
wz-4002	glycocholic-acid	0.689013165366348	0.5420852666887057	0.1469278986776423	0.2427962143306753	0.1696766402040209	0.3318178856538402	0.2927055549290445	0.113612961049916	-0.1485714369586535	Tier_1_mechanistic_probe	Tier_4_not_prioritized	True	False	0.431438127090301	0.1605351170568562	0.3366220735785953	209	1.9599890247309877	2.5581223219077263	early_tier=Tier_1_mechanistic_probe; late_tier=Tier_4_not_prioritized; both_hard_gate=False	112	260
aminopentamide	tubocurarine	0.5640296943944006	0.2199583453244515	0.3440713490699491	0.3832026811848793	0.3456125017255544	-0.0583138830131954	0.2221980144580205	0.1128484031392468	-0.0646910603557314	Tier_4_not_prioritized	Tier_4_not_prioritized	True	False	0.1404682274247491	0.6923076923076923	0.3336120401337792	210	3.2496369333869217	2.099352326781365	early_tier=Tier_4_not_prioritized; late_tier=Tier_4_not_prioritized; both_hard_gate=False	179	237
prednisolone-acetate	glycocholic-acid	0.555094016087611	0.2061738671387532	0.3489201489488577	0.2319165623214628	0.1410348883696965	0.0857388911147912	0.2927055549290445	0.113612961049916	-0.1485714369586535	Tier_4_not_prioritized	Tier_4_not_prioritized	True	False	0.1304347826086956	0.705685618729097	0.3317725752508361	211	1.8216565241617504	2.5581223219077263	early_tier=Tier_4_not_prioritized; late_tier=Tier_4_not_prioritized; both_hard_gate=False	154	236
wz-4002	tyrphostin-1	0.7144891740052058	0.7446547698188899	-0.030165595813684	0.2427962143306753	0.1696766402040209	0.3318178856538402	0.2134195044636726	0.165535744279623	0.1507142931222915	Tier_1_mechanistic_probe	Tier_1_mechanistic_probe	True	True	0.5083612040133779	0.0033444816053511	0.3316053511705686	212	1.9599890247309877	2.207292994011233	early_tier=Tier_1_mechanistic_probe; late_tier=Tier_1_mechanistic_probe; both_hard_gate=True	157	246
etomidate	nvp-tae684	0.7038339476455888	0.6245827572420237	0.0792511904035651	0.2152146542710917	0.1923187635838985	0.189117331109527	0.3068421044283443	0.1615088503393862	0.1419794602053506	Tier_4_not_prioritized	Tier_4_not_prioritized	True	False	0.4816053511705686	0.0434782608695652	0.3282608695652174	213	1.8530080550657204	2.7994032456748315	early_tier=Tier_4_not_prioritized; late_tier=Tier_4_not_prioritized; both_hard_gate=False	177	238
aminopentamide	atorvastatin	0.5801572077538049	0.2745605217928569	0.3055966859609479	0.3832026811848793	0.3456125017255544	-0.0583138830131954	0.2072999146249559	0.1362054027203056	-0.1188452158655439	Tier_4_not_prioritized	Tier_4_not_prioritized	True	False	0.177257525083612	0.5785953177257525	0.3177257525083612	214	3.2496369333869217	2.075961514835675	early_tier=Tier_4_not_prioritized; late_tier=Tier_4_not_prioritized; both_hard_gate=False	179	252
loperamide	pd-184352	0.6422393172424995	0.4283831923357432	0.2138561249067562	0.2855147977492639	0.1086321733891964	0.2002627576390902	0.2852154970169067	0.2008830491039487	-0.1018106751143932	Tier_4_not_prioritized	Tier_4_not_prioritized	True	False	0.31438127090301	0.31438127090301	0.31438127090301	215	2.0592202618733775	2.782548756150072	early_tier=Tier_4_not_prioritized; late_tier=Tier_4_not_prioritized; both_hard_gate=False	167	241
etomidate	verteporfin	0.6900273780892825	0.5810460444938923	0.1089813335953902	0.2152146542710917	0.1923187635838985	0.189117331109527	0.3174578201853567	0.1837441553879115	0.0395371671766042	Tier_4_not_prioritized	Tier_1_mechanistic_probe	True	False	0.4381270903010033	0.0836120401337792	0.3140468227424749	216	1.8530080550657204	2.937649773036116	early_tier=Tier_4_not_prioritized; late_tier=Tier_1_mechanistic_probe; both_hard_gate=False	174	239
prednisolone-acetate	nvp-tae684	0.6688466356985922	0.5295552712724736	0.1392913644261185	0.2319165623214628	0.1410348883696965	0.0857388911147912	0.3068421044283443	0.1615088503393862	0.1419794602053506	Tier_4_not_prioritized	Tier_4_not_prioritized	True	False	0.3946488294314381	0.1404682274247491	0.305685618729097	217	1.8216565241617504	2.7994032456748315	early_tier=Tier_4_not_prioritized; late_tier=Tier_4_not_prioritized; both_hard_gate=False	210	246
pre-084	duloxetine	0.6404879220210695	0.4340885560700875	0.2063993659509819	0.3460696306345718	0.1495749969035387	0.1047722188134988	0.2185218946801291	0.1440896673334969	-0.0665861084125936	Tier_1_mechanistic_probe	Tier_4_not_prioritized	True	False	0.3076923076923077	0.294314381270903	0.3030100334448161	218	2.526038259615349	2.1732541979990767	early_tier=Tier_1_mechanistic_probe; late_tier=Tier_4_not_prioritized; both_hard_gate=False	199	235
prednisolone-acetate	verteporfin	0.6550400661422856	0.4860185585243419	0.1690215076179436	0.2319165623214628	0.1410348883696965	0.0857388911147912	0.3174578201853567	0.1837441553879115	0.0395371671766042	Tier_4_not_prioritized	Tier_1_mechanistic_probe	True	False	0.3478260869565217	0.2107023411371237	0.2998327759197324	219	1.8216565241617504	2.937649773036116	early_tier=Tier_4_not_prioritized; late_tier=Tier_1_mechanistic_probe; both_hard_gate=False	207	252
loperamide	tyrphostin-1	0.6914301934164194	0.6344589335134341	0.0569712599029853	0.2855147977492639	0.1086321733891964	0.2002627576390902	0.2134195044636726	0.165535744279623	0.1507142931222915	Tier_4_not_prioritized	Tier_1_mechanistic_probe	True	False	0.4448160535117056	0.0301003344481605	0.2996655518394648	220	2.0592202618733775	2.207292994011233	early_tier=Tier_4_not_prioritized; late_tier=Tier_1_mechanistic_probe; both_hard_gate=False	193	247
prochlorperazine	tyrphostin-1	0.6544262652270614	0.4797661445872295	0.1746601206398318	0.3393047527809228	0.148764285658087	0.0186749911970562	0.2134195044636726	0.165535744279623	0.1507142931222915	Excluded_safety	Tier_1_mechanistic_probe	True	True	0.3411371237458194	0.2140468227424749	0.2966555183946488	221	2.4835161945213544	2.207292994011233	early_tier=Excluded_safety; late_tier=Tier_1_mechanistic_probe; both_hard_gate=True	199	256
pre-084	ambroxol	0.6261317337316179	0.399742362747294	0.2263893709843238	0.3460696306345718	0.1495749969035387	0.1047722188134988	0.2222777725093894	0.214442616328597	-0.1124999905005097	Tier_1_mechanistic_probe	Tier_4_not_prioritized	True	False	0.2608695652173913	0.354515050167224	0.2936454849498328	222	2.526038259615349	2.4175703242393984	early_tier=Tier_1_mechanistic_probe; late_tier=Tier_4_not_prioritized; both_hard_gate=False	198	236
bibx-1382	glycocholic-acid	0.5842297568710314	0.3157158906734179	0.2685138661976134	0.2560217449707644	0.2144357274685587	0.0958000073830286	0.2927055549290445	0.113612961049916	-0.1485714369586535	Tier_4_not_prioritized	Tier_4_not_prioritized	True	False	0.1939799331103679	0.4749163879598662	0.2923076923076923	223	2.15358517128177	2.5581223219077263	early_tier=Tier_4_not_prioritized; late_tier=Tier_4_not_prioritized; both_hard_gate=False	199	239
wz-4002	pd-184352	0.665298297831286	0.538579028641199	0.126719269190087	0.2427962143306753	0.1696766402040209	0.3318178856538402	0.2852154970169067	0.2008830491039487	-0.1018106751143932	Tier_1_mechanistic_probe	Tier_4_not_prioritized	True	False	0.3812709030100334	0.1137123745819397	0.2876254180602007	224	1.9599890247309877	2.782548756150072	early_tier=Tier_1_mechanistic_probe; late_tier=Tier_4_not_prioritized; both_hard_gate=False	141	273
emf-sumo1-10	wz-4002	0.637445697740149	0.4389047518276446	0.1985409459125043	0.2255065434479287	0.1770792342722416	-0.0825536770539151	0.3318178856538402	0.1799050901706019	0.1696766402040209	Tier_4_not_prioritized	Tier_1_mechanistic_probe	True	False	0.294314381270903	0.2742474916387959	0.2872909698996655	225	1.8755526661235435	3.018593789307171	early_tier=Tier_4_not_prioritized; late_tier=Tier_1_mechanistic_probe; both_hard_gate=False	173	272
pre-084	tubocurarine	0.6084396947574402	0.3644779218759919	0.2439617728814482	0.3460696306345718	0.1495749969035387	0.1047722188134988	0.2221980144580205	0.1128484031392468	-0.0646910603557314	Tier_1_mechanistic_probe	Tier_4_not_prioritized	True	False	0.2207357859531772	0.3946488294314381	0.2816053511705685	226	2.526038259615349	2.099352326781365	early_tier=Tier_1_mechanistic_probe; late_tier=Tier_4_not_prioritized; both_hard_gate=False	196	239
geldanamycin	duloxetine	0.6637158728304451	0.5405613979701662	0.1231544748602788	0.3060583371136869	0.1065098238842827	0.2312507074740198	0.2185218946801291	0.1440896673334969	-0.0665861084125936	Excluded_safety	Tier_4_not_prioritized	True	False	0.3745819397993311	0.1070234113712374	0.2809364548494983	227	2.176621694134193	2.1732541979990767	early_tier=Excluded_safety; late_tier=Tier_4_not_prioritized; both_hard_gate=False	187	252
ag-490	ambroxol	0.5378280682637104	0.2310251906765477	0.3068028775871627	0.3408095247245259	0.2174672408561621	-0.0613149003022246	0.2222777725093894	0.214442616328597	-0.1124999905005097	Tier_4_not_prioritized	Tier_4_not_prioritized	True	False	0.1070234113712374	0.5953177257525084	0.2779264214046822	228	2.6682951078262267	2.4175703242393984	early_tier=Tier_4_not_prioritized; late_tier=Tier_4_not_prioritized; both_hard_gate=False	206	258
prochlorperazine	duloxetine	0.5906744303591992	0.3446088895268204	0.2460655408323787	0.3393047527809228	0.148764285658087	0.0186749911970562	0.2185218946801291	0.1440896673334969	-0.0665861084125936	Excluded_safety	Tier_4_not_prioritized	True	False	0.2040133779264214	0.411371237458194	0.2765886287625418	229	2.4835161945213544	2.1732541979990767	early_tier=Excluded_safety; late_tier=Tier_4_not_prioritized; both_hard_gate=False	214	251
ag-490	tubocurarine	0.5201360292895327	0.1957607498052456	0.324375279484287	0.3408095247245259	0.2174672408561621	-0.0613149003022246	0.2221980144580205	0.1128484031392468	-0.0646910603557314	Tier_4_not_prioritized	Tier_4_not_prioritized	True	False	0.0802675585284281	0.6354515050167224	0.2745819397993311	230	2.6682951078262267	2.099352326781365	early_tier=Tier_4_not_prioritized; late_tier=Tier_4_not_prioritized; both_hard_gate=False	209	250
emf-sumo1-10	glycocholic-acid	0.4645377131297238	0.1014877875217253	0.3630499256079985	0.2255065434479287	0.1770792342722416	-0.0825536770539151	0.2927055549290445	0.113612961049916	-0.1485714369586535	Tier_4_not_prioritized	Tier_4_not_prioritized	True	False	0.0234113712374581	0.7357859531772575	0.272742474916388	231	1.8755526661235435	2.5581223219077263	early_tier=Tier_4_not_prioritized; late_tier=Tier_4_not_prioritized; both_hard_gate=False	208	255
prochlorperazine	ambroxol	0.5763182420697477	0.3102626962040269	0.2660555458657207	0.3393047527809228	0.148764285658087	0.0186749911970562	0.2222777725093894	0.214442616328597	-0.1124999905005097	Excluded_safety	Tier_4_not_prioritized	True	False	0.1705685618729097	0.4581939799331103	0.2712374581939799	232	2.4835161945213544	2.4175703242393984	early_tier=Excluded_safety; late_tier=Tier_4_not_prioritized; both_hard_gate=False	219	252
ticlopidine	glycocholic-acid	0.5425637035800647	0.2393060230801532	0.3032576804999114	0.2711753677909395	0.1225165724754333	-0.017839344839255	0.2927055549290445	0.113612961049916	-0.1485714369586535	Tier_4_not_prioritized	Tier_4_not_prioritized	True	False	0.1103678929765886	0.568561872909699	0.2707357859531772	233	2.009007845147325	2.5581223219077263	early_tier=Tier_4_not_prioritized; late_tier=Tier_4_not_prioritized; both_hard_gate=False	213	252
pre-084	atorvastatin	0.6245672081168445	0.4190800983443973	0.2054871097724471	0.3460696306345718	0.1495749969035387	0.1047722188134988	0.2072999146249559	0.1362054027203056	-0.1188452158655439	Tier_1_mechanistic_probe	Tier_4_not_prioritized	True	False	0.2575250836120401	0.2909698996655518	0.2692307692307692	234	2.526038259615349	2.075961514835675	early_tier=Tier_1_mechanistic_probe; late_tier=Tier_4_not_prioritized; both_hard_gate=False	210	246
ag-490	tyrphostin-1	0.6159360914210241	0.4005286390597503	0.2154074523612738	0.3408095247245259	0.2174672408561621	-0.0613149003022246	0.2134195044636726	0.165535744279623	0.1507142931222915	Tier_4_not_prioritized	Tier_1_mechanistic_probe	True	False	0.2408026755852843	0.3210702341137124	0.2688963210702341	235	2.6682951078262267	2.207292994011233	early_tier=Tier_4_not_prioritized; late_tier=Tier_1_mechanistic_probe; both_hard_gate=False	189	276
geldanamycin	ambroxol	0.6493596845409936	0.5062152046473726	0.143144479893621	0.3060583371136869	0.1065098238842827	0.2312507074740198	0.2222777725093894	0.214442616328597	-0.1124999905005097	Excluded_safety	Tier_4_not_prioritized	True	False	0.3311036789297659	0.1471571906354515	0.2667224080267558	236	2.176621694134193	2.4175703242393984	early_tier=Excluded_safety; late_tier=Tier_4_not_prioritized; both_hard_gate=False	194	256
ag-490	duloxetine	0.552184256553162	0.2653713839993413	0.2868128725538206	0.3408095247245259	0.2174672408561621	-0.0613149003022246	0.2185218946801291	0.1440896673334969	-0.0665861084125936	Tier_4_not_prioritized	Tier_4_not_prioritized	True	False	0.1270903010033444	0.5250836120401338	0.2663879598662207	237	2.6682951078262267	2.1732541979990767	early_tier=Tier_4_not_prioritized; late_tier=Tier_4_not_prioritized; both_hard_gate=False	204	264
prochlorperazine	tubocurarine	0.55862620309557	0.2749982553327249	0.2836279477628451	0.3393047527809228	0.148764285658087	0.0186749911970562	0.2221980144580205	0.1128484031392468	-0.0646910603557314	Excluded_safety	Tier_4_not_prioritized	True	False	0.1337792642140468	0.5083612040133779	0.2648829431438126	238	2.4835161945213544	2.099352326781365	early_tier=Excluded_safety; late_tier=Tier_4_not_prioritized; both_hard_gate=False	219	251
ticlopidine	pd-184352	0.5188488360450026	0.2031113748782358	0.3157374611667668	0.2711753677909395	0.1225165724754333	-0.017839344839255	0.2852154970169067	0.2008830491039487	-0.1018106751143932	Tier_4_not_prioritized	Tier_4_not_prioritized	True	False	0.0735785953177257	0.6153846153846154	0.2632107023411371	239	2.009007845147325	2.782548756150072	early_tier=Tier_4_not_prioritized; late_tier=Tier_4_not_prioritized; both_hard_gate=False	221	250
nu-7026	nvp-tae684	0.6373665460851043	0.469944382208355	0.1674221638767493	0.2296837022128914	0.121435706104551	0.0272444321049584	0.3068421044283443	0.1615088503393862	0.1419794602053506	Tier_4_not_prioritized	Tier_4_not_prioritized	True	False	0.2909698996655518	0.2040133779264214	0.2605351170568561	240	1.7581600552143564	2.7994032456748315	early_tier=Tier_4_not_prioritized; late_tier=Tier_4_not_prioritized; both_hard_gate=False	205	259
nu-7026	verteporfin	0.6235599765287978	0.4264076694602234	0.1971523070685743	0.2296837022128914	0.121435706104551	0.0272444321049584	0.3174578201853567	0.1837441553879115	0.0395371671766042	Tier_4_not_prioritized	Tier_1_mechanistic_probe	True	False	0.2541806020066889	0.2709030100334448	0.2600334448160535	241	1.7581600552143564	2.937649773036116	early_tier=Tier_4_not_prioritized; late_tier=Tier_1_mechanistic_probe; both_hard_gate=False	208	263
arcyriaflavin-a	glycocholic-acid	0.6201103914322124	0.4240672066770788	0.1960431847551335	0.2513968291958527	0.135857936926186	0.176811108055214	0.2927055549290445	0.113612961049916	-0.1485714369586535	Tier_4_not_prioritized	Tier_4_not_prioritized	True	False	0.2474916387959866	0.2575250836120401	0.2510033444816053	242	1.9248851248778247	2.5581223219077263	early_tier=Tier_4_not_prioritized; late_tier=Tier_4_not_prioritized; both_hard_gate=False	195	249
ag-490	atorvastatin	0.536263542648937	0.2503629262736511	0.2859006163752859	0.3408095247245259	0.2174672408561621	-0.0613149003022246	0.2072999146249559	0.1362054027203056	-0.1188452158655439	Tier_4_not_prioritized	Tier_4_not_prioritized	True	False	0.1003344481605351	0.5217391304347826	0.2478260869565217	243	2.6682951078262267	2.075961514835675	early_tier=Tier_4_not_prioritized; late_tier=Tier_4_not_prioritized; both_hard_gate=False	215	265
prochlorperazine	atorvastatin	0.5747537164549742	0.3296004318011303	0.2451532846538439	0.3393047527809228	0.148764285658087	0.0186749911970562	0.2072999146249559	0.1362054027203056	-0.1188452158655439	Excluded_safety	Tier_4_not_prioritized	True	False	0.1638795986622073	0.4013377926421405	0.2469899665551839	244	2.4835161945213544	2.075961514835675	early_tier=Excluded_safety; late_tier=Tier_4_not_prioritized; both_hard_gate=False	228	261
geldanamycin	atorvastatin	0.6477951589262201	0.5255529402444759	0.1222422186817442	0.3060583371136869	0.1065098238842827	0.2312507074740198	0.2072999146249559	0.1362054027203056	-0.1188452158655439	Excluded_safety	Tier_4_not_prioritized	True	False	0.3244147157190635	0.1003344481605351	0.2459866220735786	245	2.176621694134193	2.075961514835675	early_tier=Excluded_safety; late_tier=Tier_4_not_prioritized; both_hard_gate=False	203	262
arcyriaflavin-a	pd-184352	0.5963955238971503	0.3878725584751614	0.2085229654219889	0.2513968291958527	0.135857936926186	0.176811108055214	0.2852154970169067	0.2008830491039487	-0.1018106751143932	Tier_4_not_prioritized	Tier_4_not_prioritized	True	False	0.2140468227424749	0.3010033444816054	0.2444816053511705	246	1.9248851248778247	2.782548756150072	early_tier=Tier_4_not_prioritized; late_tier=Tier_4_not_prioritized; both_hard_gate=False	208	256
geldanamycin	tubocurarine	0.6316676455668159	0.4709507637760705	0.1607168817907453	0.3060583371136869	0.1065098238842827	0.2312507074740198	0.2221980144580205	0.1128484031392468	-0.0646910603557314	Excluded_safety	Tier_4_not_prioritized	True	False	0.2742474916387959	0.1872909698996655	0.2438127090301003	247	2.176621694134193	2.099352326781365	early_tier=Excluded_safety; late_tier=Tier_4_not_prioritized; both_hard_gate=False	197	259
etomidate	glycocholic-acid	0.5900813280346078	0.3740080955497448	0.2160732324848629	0.2152146542710917	0.1923187635838985	0.189117331109527	0.2927055549290445	0.113612961049916	-0.1485714369586535	Tier_4_not_prioritized	Tier_4_not_prioritized	True	False	0.197324414715719	0.3244147157190635	0.2418060200668896	248	1.8530080550657204	2.5581223219077263	early_tier=Tier_4_not_prioritized; late_tier=Tier_4_not_prioritized; both_hard_gate=False	171	264
emf-sumo1-10	verteporfin	0.5644837631843984	0.3145209809188686	0.2499627822655297	0.2255065434479287	0.1770792342722416	-0.0825536770539151	0.3174578201853567	0.1837441553879115	0.0395371671766042	Tier_4_not_prioritized	Tier_1_mechanistic_probe	True	False	0.1438127090301003	0.4214046822742475	0.2409698996655518	249	1.8755526661235435	2.937649773036116	early_tier=Tier_4_not_prioritized; late_tier=Tier_1_mechanistic_probe; both_hard_gate=False	195	282
bibx-1382	pd-184352	0.5605148893359693	0.3091739156904319	0.2513409736455373	0.2560217449707644	0.2144357274685587	0.0958000073830286	0.2852154970169067	0.2008830491039487	-0.1018106751143932	Tier_4_not_prioritized	Tier_4_not_prioritized	True	False	0.1371237458193979	0.4280936454849498	0.2389632107023411	250	2.15358517128177	2.782548756150072	early_tier=Tier_4_not_prioritized; late_tier=Tier_4_not_prioritized; both_hard_gate=False	235	250
emf-sumo1-10	pd-184352	0.4408228455946618	0.1155626304920703	0.3252602151025914	0.2255065434479287	0.1770792342722416	-0.0825536770539151	0.2852154970169067	0.2008830491039487	-0.1018106751143932	Tier_4_not_prioritized	Tier_4_not_prioritized	True	False	0.0167224080267558	0.6387959866220736	0.234448160535117	251	1.8755526661235435	2.782548756150072	early_tier=Tier_4_not_prioritized; late_tier=Tier_4_not_prioritized; both_hard_gate=False	230	262
emf-sumo1-10	nvp-tae684	0.578290332740705	0.3580576936670002	0.2202326390737047	0.2255065434479287	0.1770792342722416	-0.0825536770539151	0.3068421044283443	0.1615088503393862	0.1419794602053506	Tier_4_not_prioritized	Tier_4_not_prioritized	True	False	0.1739130434782608	0.334448160535117	0.2301003344481605	252	1.8755526661235435	2.7994032456748315	early_tier=Tier_4_not_prioritized; late_tier=Tier_4_not_prioritized; both_hard_gate=False	203	290
loperamide	duloxetine	0.6276783585485572	0.480896645876032	0.1467817126725252	0.2855147977492639	0.1086321733891964	0.2002627576390902	0.2185218946801291	0.1440896673334969	-0.0665861084125936	Tier_4_not_prioritized	Tier_4_not_prioritized	True	False	0.2642140468227424	0.157190635451505	0.2267558528428093	253	2.0592202618733775	2.1732541979990767	early_tier=Tier_4_not_prioritized; late_tier=Tier_4_not_prioritized; both_hard_gate=False	217	262
wz-4002	duloxetine	0.6507373391373438	0.6094975147584807	0.041239824378863	0.2427962143306753	0.1696766402040209	0.3318178856538402	0.2185218946801291	0.1440896673334969	-0.0665861084125936	Tier_1_mechanistic_probe	Tier_4_not_prioritized	True	False	0.334448160535117	0.0167224080267558	0.2232441471571906	254	1.9599890247309877	2.1732541979990767	early_tier=Tier_1_mechanistic_probe; late_tier=Tier_4_not_prioritized; both_hard_gate=False	184	285
arcyriaflavin-a	tyrphostin-1	0.6455864000710703	0.5939482996528522	0.051638100418218	0.2513968291958527	0.135857936926186	0.176811108055214	0.2134195044636726	0.165535744279623	0.1507142931222915	Tier_4_not_prioritized	Tier_1_mechanistic_probe	True	False	0.3210702341137124	0.0234113712374581	0.2168896321070234	255	1.9248851248778247	2.207292994011233	early_tier=Tier_4_not_prioritized; late_tier=Tier_1_mechanistic_probe; both_hard_gate=False	240	259
loperamide	ambroxol	0.6133221702591057	0.4649554851302315	0.1483666851288742	0.2855147977492639	0.1086321733891964	0.2002627576390902	0.2222777725093894	0.214442616328597	-0.1124999905005097	Tier_4_not_prioritized	Tier_4_not_prioritized	True	False	0.2341137123745819	0.1672240802675585	0.2107023411371237	256	2.0592202618733775	2.4175703242393984	early_tier=Tier_4_not_prioritized; late_tier=Tier_4_not_prioritized; both_hard_gate=False	228	267
nu-7026	glycocholic-acid	0.5236139264741232	0.2636439672353425	0.2599699592387806	0.2296837022128914	0.121435706104551	0.0272444321049584	0.2927055549290445	0.113612961049916	-0.1485714369586535	Tier_4_not_prioritized	Tier_4_not_prioritized	True	False	0.0836120401337792	0.4448160535117056	0.2100334448160535	257	1.7581600552143564	2.5581223219077263	early_tier=Tier_4_not_prioritized; late_tier=Tier_4_not_prioritized; both_hard_gate=False	241	266
loperamide	tubocurarine	0.595630131284928	0.4296910442589294	0.1659390870259985	0.2855147977492639	0.1086321733891964	0.2002627576390902	0.2221980144580205	0.1128484031392468	-0.0646910603557314	Tier_4_not_prioritized	Tier_4_not_prioritized	True	False	0.2073578595317725	0.2006688963210702	0.2050167224080267	258	2.0592202618733775	2.099352326781365	early_tier=Tier_4_not_prioritized; late_tier=Tier_4_not_prioritized; both_hard_gate=False	232	272
nu-7026	pd-184352	0.4998990589390611	0.2274493190334252	0.272449739905636	0.2296837022128914	0.121435706104551	0.0272444321049584	0.2852154970169067	0.2008830491039487	-0.1018106751143932	Tier_4_not_prioritized	Tier_4_not_prioritized	True	False	0.0535117056856187	0.4849498327759197	0.204515050167224	259	1.7581600552143564	2.782548756150072	early_tier=Tier_4_not_prioritized; late_tier=Tier_4_not_prioritized; both_hard_gate=False	247	264
wz-4002	ambroxol	0.6363811508478922	0.5751513214356871	0.061229829412205	0.2427962143306753	0.1696766402040209	0.3318178856538402	0.2222777725093894	0.214442616328597	-0.1124999905005097	Tier_1_mechanistic_probe	Tier_4_not_prioritized	True	False	0.2876254180602006	0.0367892976588628	0.1998327759197324	260	1.9599890247309877	2.4175703242393984	early_tier=Tier_1_mechanistic_probe; late_tier=Tier_4_not_prioritized; both_hard_gate=False	191	290
prednisolone-acetate	pd-184352	0.531379148552549	0.2870602080975437	0.2443189404550053	0.2319165623214628	0.1410348883696965	0.0857388911147912	0.2852154970169067	0.2008830491039487	-0.1018106751143932	Tier_4_not_prioritized	Tier_4_not_prioritized	True	False	0.0903010033444816	0.3979933110367893	0.1979933110367893	261	1.8216565241617504	2.782548756150072	early_tier=Tier_4_not_prioritized; late_tier=Tier_4_not_prioritized; both_hard_gate=False	247	263
loperamide	atorvastatin	0.6117576446443322	0.4842932207273348	0.1274644239169974	0.2855147977492639	0.1086321733891964	0.2002627576390902	0.2072999146249559	0.1362054027203056	-0.1188452158655439	Tier_4_not_prioritized	Tier_4_not_prioritized	True	False	0.2307692307692307	0.1170568561872909	0.1909698996655518	262	2.0592202618733775	2.075961514835675	early_tier=Tier_4_not_prioritized; late_tier=Tier_4_not_prioritized; both_hard_gate=False	239	273
wz-4002	atorvastatin	0.6348166252331188	0.5944890570327905	0.0403275682003282	0.2427962143306753	0.1696766402040209	0.3318178856538402	0.2072999146249559	0.1362054027203056	-0.1188452158655439	Tier_1_mechanistic_probe	Tier_4_not_prioritized	True	False	0.2809364548494983	0.0133779264214046	0.1872909698996655	263	1.9599890247309877	2.075961514835675	early_tier=Tier_1_mechanistic_probe; late_tier=Tier_4_not_prioritized; both_hard_gate=False	204	292
ticlopidine	tubocurarine	0.4722396500874311	0.204419226801422	0.267820423286009	0.2711753677909395	0.1225165724754333	-0.017839344839255	0.2221980144580205	0.1128484031392468	-0.0646910603557314	Tier_4_not_prioritized	Tier_4_not_prioritized	True	False	0.0334448160535117	0.471571906354515	0.1867892976588628	264	2.009007845147325	2.099352326781365	early_tier=Tier_4_not_prioritized; late_tier=Tier_4_not_prioritized; both_hard_gate=False	253	271
ticlopidine	ambroxol	0.4899316890616088	0.2396836676727241	0.2502480213888846	0.2711753677909395	0.1225165724754333	-0.017839344839255	0.2222777725093894	0.214442616328597	-0.1124999905005097	Tier_4_not_prioritized	Tier_4_not_prioritized	True	False	0.0468227424749163	0.4247491638795986	0.1790969899665551	265	2.009007845147325	2.4175703242393984	early_tier=Tier_4_not_prioritized; late_tier=Tier_4_not_prioritized; both_hard_gate=False	248	278
etomidate	pd-184352	0.5663664604995458	0.382087694067094	0.1842787664324517	0.2152146542710917	0.1923187635838985	0.189117331109527	0.2852154970169067	0.2008830491039487	-0.1018106751143932	Tier_4_not_prioritized	Tier_4_not_prioritized	True	False	0.1505016722408027	0.2307692307692307	0.1785953177257525	266	1.8530080550657204	2.782548756150072	early_tier=Tier_4_not_prioritized; late_tier=Tier_4_not_prioritized; both_hard_gate=False	231	282
emf-sumo1-10	tubocurarine	0.3942136596370902	0.1168704824152565	0.2773431772218336	0.2255065434479287	0.1770792342722416	-0.0825536770539151	0.2221980144580205	0.1128484031392468	-0.0646910603557314	Tier_4_not_prioritized	Tier_4_not_prioritized	True	False	0.0033444816053511	0.4949832775919732	0.1754180602006688	267	1.8755526661235435	2.099352326781365	early_tier=Tier_4_not_prioritized; late_tier=Tier_4_not_prioritized; both_hard_gate=False	253	280
wz-4002	tubocurarine	0.6186891118737144	0.539886880564385	0.0788022313093294	0.2427962143306753	0.1696766402040209	0.3318178856538402	0.2221980144580205	0.1128484031392468	-0.0646910603557314	Tier_1_mechanistic_probe	Tier_4_not_prioritized	True	False	0.2441471571906354	0.040133779264214	0.1727424749163879	268	1.9599890247309877	2.099352326781365	early_tier=Tier_1_mechanistic_probe; late_tier=Tier_4_not_prioritized; both_hard_gate=False	202	295
ticlopidine	duloxetine	0.5042878773510603	0.2740298609955177	0.2302580163555426	0.2711753677909395	0.1225165724754333	-0.017839344839255	0.2185218946801291	0.1440896673334969	-0.0665861084125936	Tier_4_not_prioritized	Tier_4_not_prioritized	True	False	0.0635451505016722	0.3745819397993311	0.1724080267558528	269	2.009007845147325	2.1732541979990767	early_tier=Tier_4_not_prioritized; late_tier=Tier_4_not_prioritized; both_hard_gate=False	250	284
bibx-1382	tyrphostin-1	0.6097057655098891	0.5152496568681226	0.0944561086417664	0.2560217449707644	0.2144357274685587	0.0958000073830286	0.2134195044636726	0.165535744279623	0.1507142931222915	Tier_4_not_prioritized	Tier_1_mechanistic_probe	True	False	0.2240802675585284	0.060200668896321	0.1667224080267558	270	2.15358517128177	2.207292994011233	early_tier=Tier_4_not_prioritized; late_tier=Tier_1_mechanistic_probe; both_hard_gate=False	256	273
ticlopidine	tyrphostin-1	0.5680397122189225	0.4091871160559266	0.1588525961629958	0.2711753677909395	0.1225165724754333	-0.017839344839255	0.2134195044636726	0.165535744279623	0.1507142931222915	Tier_4_not_prioritized	Tier_1_mechanistic_probe	True	False	0.1605351170568562	0.177257525083612	0.1663879598662207	271	2.009007845147325	2.207292994011233	early_tier=Tier_4_not_prioritized; late_tier=Tier_1_mechanistic_probe; both_hard_gate=False	243	297
emf-sumo1-10	ambroxol	0.4119056986112679	0.1521349232865586	0.2597707753247092	0.2255065434479287	0.1770792342722416	-0.0825536770539151	0.2222777725093894	0.214442616328597	-0.1124999905005097	Tier_4_not_prioritized	Tier_4_not_prioritized	True	False	0.0100334448160535	0.4414715719063545	0.1610367892976588	272	1.8755526661235435	2.4175703242393984	early_tier=Tier_4_not_prioritized; late_tier=Tier_4_not_prioritized; both_hard_gate=False	256	287
ticlopidine	atorvastatin	0.4883671634468354	0.2590214032698275	0.2293457601770079	0.2711753677909395	0.1225165724754333	-0.017839344839255	0.2072999146249559	0.1362054027203056	-0.1188452158655439	Tier_4_not_prioritized	Tier_4_not_prioritized	True	False	0.0434782608695652	0.3712374581939799	0.1581939799331103	273	2.009007845147325	2.075961514835675	early_tier=Tier_4_not_prioritized; late_tier=Tier_4_not_prioritized; both_hard_gate=False	258	285
arcyriaflavin-a	duloxetine	0.5818345652032081	0.4587910445924432	0.1230435206107648	0.2513968291958527	0.135857936926186	0.176811108055214	0.2185218946801291	0.1440896673334969	-0.0665861084125936	Tier_4_not_prioritized	Tier_4_not_prioritized	True	False	0.1872909698996655	0.1036789297658862	0.1580267558528428	274	1.9248851248778247	2.1732541979990767	early_tier=Tier_4_not_prioritized; late_tier=Tier_4_not_prioritized; both_hard_gate=False	259	284
etomidate	tyrphostin-1	0.6155573366734656	0.5881634352447848	0.0273939014286808	0.2152146542710917	0.1923187635838985	0.189117331109527	0.2134195044636726	0.165535744279623	0.1507142931222915	Tier_4_not_prioritized	Tier_1_mechanistic_probe	True	False	0.2374581939799331	0.0100334448160535	0.1578595317725752	275	1.8530080550657204	2.207292994011233	early_tier=Tier_4_not_prioritized; late_tier=Tier_1_mechanistic_probe; both_hard_gate=False	254	277
arcyriaflavin-a	ambroxol	0.5674783769137565	0.4244448512696497	0.1430335256441067	0.2513968291958527	0.135857936926186	0.176811108055214	0.2222777725093894	0.214442616328597	-0.1124999905005097	Tier_4_not_prioritized	Tier_4_not_prioritized	True	False	0.157190635451505	0.1438127090301003	0.1525083612040133	276	1.9248851248778247	2.4175703242393984	early_tier=Tier_4_not_prioritized; late_tier=Tier_4_not_prioritized; both_hard_gate=False	260	286
emf-sumo1-10	duloxetine	0.4262618869007195	0.1864811166093521	0.2397807702913673	0.2255065434479287	0.1770792342722416	-0.0825536770539151	0.2185218946801291	0.1440896673334969	-0.0665861084125936	Tier_4_not_prioritized	Tier_4_not_prioritized	True	False	0.0133779264214046	0.3879598662207358	0.1444816053511705	277	1.8755526661235435	2.1732541979990767	early_tier=Tier_4_not_prioritized; late_tier=Tier_4_not_prioritized; both_hard_gate=False	265	293
bibx-1382	duloxetine	0.545953930642027	0.3800924018077137	0.1658615288343132	0.2560217449707644	0.2144357274685587	0.0958000073830286	0.2185218946801291	0.1440896673334969	-0.0665861084125936	Tier_4_not_prioritized	Tier_4_not_prioritized	True	False	0.1137123745819397	0.197324414715719	0.1429765886287625	278	2.15358517128177	2.1732541979990767	early_tier=Tier_4_not_prioritized; late_tier=Tier_4_not_prioritized; both_hard_gate=False	270	280
bibx-1382	ambroxol	0.5315977423525755	0.3457462084849201	0.1858515338676554	0.2560217449707644	0.2144357274685587	0.0958000073830286	0.2222777725093894	0.214442616328597	-0.1124999905005097	Tier_4_not_prioritized	Tier_4_not_prioritized	True	False	0.0936454849498327	0.2341137123745819	0.1428093645484949	279	2.15358517128177	2.4175703242393984	early_tier=Tier_4_not_prioritized; late_tier=Tier_4_not_prioritized; both_hard_gate=False	270	283
arcyriaflavin-a	tubocurarine	0.5497863379395789	0.3891804103983476	0.1606059275412312	0.2513968291958527	0.135857936926186	0.176811108055214	0.2221980144580205	0.1128484031392468	-0.0646910603557314	Tier_4_not_prioritized	Tier_4_not_prioritized	True	False	0.1204013377926421	0.1839464882943143	0.1426421404682274	280	1.9248851248778247	2.099352326781365	early_tier=Tier_4_not_prioritized; late_tier=Tier_4_not_prioritized; both_hard_gate=False	261	288
bibx-1382	tubocurarine	0.5139057033783977	0.310481767613618	0.2034239357647796	0.2560217449707644	0.2144357274685587	0.0958000073830286	0.2221980144580205	0.1128484031392468	-0.0646910603557314	Tier_4_not_prioritized	Tier_4_not_prioritized	True	False	0.0668896321070234	0.2809364548494983	0.1418060200668896	281	2.15358517128177	2.099352326781365	early_tier=Tier_4_not_prioritized; late_tier=Tier_4_not_prioritized; both_hard_gate=False	270	281
emf-sumo1-10	atorvastatin	0.4103411729964945	0.1714726588836619	0.2388685141128325	0.2255065434479287	0.1770792342722416	-0.0825536770539151	0.2072999146249559	0.1362054027203056	-0.1188452158655439	Tier_4_not_prioritized	Tier_4_not_prioritized	True	False	0.0066889632107023	0.3846153846153846	0.1389632107023411	282	1.8755526661235435	2.075961514835675	early_tier=Tier_4_not_prioritized; late_tier=Tier_4_not_prioritized; both_hard_gate=False	268	294
prednisolone-acetate	tyrphostin-1	0.5805700247264688	0.4931359492752344	0.0874340754512343	0.2319165623214628	0.1410348883696965	0.0857388911147912	0.2134195044636726	0.165535744279623	0.1507142931222915	Tier_4_not_prioritized	Tier_1_mechanistic_probe	True	False	0.1806020066889632	0.0568561872909698	0.1372909698996655	283	1.8216565241617504	2.207292994011233	early_tier=Tier_4_not_prioritized; late_tier=Tier_1_mechanistic_probe; both_hard_gate=False	275	287
nu-7026	tubocurarine	0.4532898729814896	0.2287571709566113	0.2245327020248783	0.2296837022128914	0.121435706104551	0.0272444321049584	0.2221980144580205	0.1128484031392468	-0.0646910603557314	Tier_4_not_prioritized	Tier_4_not_prioritized	True	False	0.020066889632107	0.3444816053511705	0.1336120401337792	284	1.7581600552143564	2.099352326781365	early_tier=Tier_4_not_prioritized; late_tier=Tier_4_not_prioritized; both_hard_gate=False	278	288
arcyriaflavin-a	atorvastatin	0.565913851298983	0.4437825868667531	0.1221312644322298	0.2513968291958527	0.135857936926186	0.176811108055214	0.2072999146249559	0.1362054027203056	-0.1188452158655439	Tier_4_not_prioritized	Tier_4_not_prioritized	True	False	0.1471571906354515	0.0969899665551839	0.1295986622073578	285	1.9248851248778247	2.075961514835675	early_tier=Tier_4_not_prioritized; late_tier=Tier_4_not_prioritized; both_hard_gate=False	266	294
nu-7026	ambroxol	0.4709819119556673	0.2640216118279134	0.2069603001277539	0.2296837022128914	0.121435706104551	0.0272444321049584	0.2222777725093894	0.214442616328597	-0.1124999905005097	Tier_4_not_prioritized	Tier_4_not_prioritized	True	False	0.0301003344481605	0.2976588628762542	0.1237458193979933	286	1.7581600552143564	2.4175703242393984	early_tier=Tier_4_not_prioritized; late_tier=Tier_4_not_prioritized; both_hard_gate=False	280	293
bibx-1382	atorvastatin	0.5300332167378019	0.3650839440820235	0.1649492726557784	0.2560217449707644	0.2144357274685587	0.0958000073830286	0.2072999146249559	0.1362054027203056	-0.1188452158655439	Tier_4_not_prioritized	Tier_4_not_prioritized	True	False	0.0869565217391304	0.1906354515050167	0.1232441471571906	287	2.15358517128177	2.075961514835675	early_tier=Tier_4_not_prioritized; late_tier=Tier_4_not_prioritized; both_hard_gate=False	276	289
prednisolone-acetate	tubocurarine	0.4847699625949774	0.2883680600207298	0.1964019025742475	0.2319165623214628	0.1410348883696965	0.0857388911147912	0.2221980144580205	0.1128484031392468	-0.0646910603557314	Tier_4_not_prioritized	Tier_4_not_prioritized	True	False	0.0367892976588628	0.2642140468227424	0.1163879598662207	288	1.8216565241617504	2.099352326781365	early_tier=Tier_4_not_prioritized; late_tier=Tier_4_not_prioritized; both_hard_gate=False	279	292
prednisolone-acetate	ambroxol	0.5024620015691551	0.323632500892032	0.1788295006771231	0.2319165623214628	0.1410348883696965	0.0857388911147912	0.2222777725093894	0.214442616328597	-0.1124999905005097	Tier_4_not_prioritized	Tier_4_not_prioritized	True	False	0.060200668896321	0.2207357859531772	0.1163879598662207	289	1.8216565241617504	2.4175703242393984	early_tier=Tier_4_not_prioritized; late_tier=Tier_4_not_prioritized; both_hard_gate=False	289	294
nu-7026	duloxetine	0.4853381002451189	0.298367805150707	0.1869702950944119	0.2296837022128914	0.121435706104551	0.0272444321049584	0.2185218946801291	0.1440896673334969	-0.0665861084125936	Tier_4_not_prioritized	Tier_4_not_prioritized	True	False	0.040133779264214	0.2441471571906354	0.1115384615384615	290	1.7581600552143564	2.1732541979990767	early_tier=Tier_4_not_prioritized; late_tier=Tier_4_not_prioritized; both_hard_gate=False	284	296
nu-7026	tyrphostin-1	0.5490899351129811	0.433525060211116	0.1155648749018651	0.2296837022128914	0.121435706104551	0.0272444321049584	0.2134195044636726	0.165535744279623	0.1507142931222915	Tier_4_not_prioritized	Tier_1_mechanistic_probe	True	False	0.1170568561872909	0.0869565217391304	0.1065217391304347	291	1.7581600552143564	2.207292994011233	early_tier=Tier_4_not_prioritized; late_tier=Tier_1_mechanistic_probe; both_hard_gate=False	272	298
prednisolone-acetate	duloxetine	0.5168181898586066	0.3579786942148255	0.158839495643781	0.2319165623214628	0.1410348883696965	0.0857388911147912	0.2185218946801291	0.1440896673334969	-0.0665861084125936	Tier_4_not_prioritized	Tier_4_not_prioritized	True	False	0.0702341137123745	0.1739130434782608	0.1065217391304347	291	1.8216565241617504	2.1732541979990767	early_tier=Tier_4_not_prioritized; late_tier=Tier_4_not_prioritized; both_hard_gate=False	287	293
emf-sumo1-10	tyrphostin-1	0.4900137217685816	0.3216383716697611	0.1683753500988204	0.2255065434479287	0.1770792342722416	-0.0825536770539151	0.2134195044636726	0.165535744279623	0.1507142931222915	Tier_4_not_prioritized	Tier_1_mechanistic_probe	True	False	0.0501672240802675	0.2073578595317725	0.1051839464882943	293	1.8755526661235435	2.207292994011233	early_tier=Tier_4_not_prioritized; late_tier=Tier_1_mechanistic_probe; both_hard_gate=False	266	299
etomidate	duloxetine	0.5518055018056035	0.4530061801843758	0.0987993216212277	0.2152146542710917	0.1923187635838985	0.189117331109527	0.2185218946801291	0.1440896673334969	-0.0665861084125936	Tier_4_not_prioritized	Tier_4_not_prioritized	True	False	0.1237458193979933	0.0668896321070234	0.1038461538461538	294	1.8530080550657204	2.1732541979990767	early_tier=Tier_4_not_prioritized; late_tier=Tier_4_not_prioritized; both_hard_gate=False	268	297
nu-7026	atorvastatin	0.4694173863408938	0.2833593474250168	0.186058038915877	0.2296837022128914	0.121435706104551	0.0272444321049584	0.2072999146249559	0.1362054027203056	-0.1188452158655439	Tier_4_not_prioritized	Tier_4_not_prioritized	True	False	0.0267558528428093	0.2374581939799331	0.1005016722408026	295	1.7581600552143564	2.075961514835675	early_tier=Tier_4_not_prioritized; late_tier=Tier_4_not_prioritized; both_hard_gate=False	291	297
etomidate	ambroxol	0.5374493135161519	0.4186599868615822	0.1187893266545696	0.2152146542710917	0.1923187635838985	0.189117331109527	0.2222777725093894	0.214442616328597	-0.1124999905005097	Tier_4_not_prioritized	Tier_4_not_prioritized	True	False	0.1036789297658862	0.0936454849498327	0.1001672240802675	296	1.8530080550657204	2.4175703242393984	early_tier=Tier_4_not_prioritized; late_tier=Tier_4_not_prioritized; both_hard_gate=False	269	297
prednisolone-acetate	atorvastatin	0.5008974759543816	0.3429702364891352	0.1579272394652463	0.2319165623214628	0.1410348883696965	0.0857388911147912	0.2072999146249559	0.1362054027203056	-0.1188452158655439	Tier_4_not_prioritized	Tier_4_not_prioritized	True	False	0.0568561872909698	0.1705685618729097	0.0966555183946488	297	1.8216565241617504	2.075961514835675	early_tier=Tier_4_not_prioritized; late_tier=Tier_4_not_prioritized; both_hard_gate=False	294	299
etomidate	tubocurarine	0.5197572745419742	0.38339554599028	0.1363617285516941	0.2152146542710917	0.1923187635838985	0.189117331109527	0.2221980144580205	0.1128484031392468	-0.0646910603557314	Tier_4_not_prioritized	Tier_4_not_prioritized	True	False	0.0769230769230769	0.1304347826086956	0.0956521739130434	298	1.8530080550657204	2.099352326781365	early_tier=Tier_4_not_prioritized; late_tier=Tier_4_not_prioritized; both_hard_gate=False	273	299
etomidate	atorvastatin	0.5358847879013784	0.4379977224586855	0.0978870654426928	0.2152146542710917	0.1923187635838985	0.189117331109527	0.2072999146249559	0.1362054027203056	-0.1188452158655439	Tier_4_not_prioritized	Tier_4_not_prioritized	True	False	0.0969899665551839	0.0635451505016722	0.0852842809364548	299	1.8530080550657204	2.075961514835675	early_tier=Tier_4_not_prioritized; late_tier=Tier_4_not_prioritized; both_hard_gate=False	279	299
