pert_iname_norm	pert_iname	pert_ids	n_signatures	n_cell_lines	cell_lines	median_retention_suppression	q25_retention_suppression	median_endo_support	median_macro_support	median_resolver_floor	median_dual_control	q25_dual_control	fraction_dual_positive	n_pert_ids	min_id_retention	max_id_retention	min_id_resolver_floor	max_id_resolver_floor	retention_direction_conflict_across_ids	resolver_direction_conflict_across_ids	robust_dual	concurrent_score	early_score	late_score	concurrent_rank	median_sensitivity_rank	worst_sensitivity_rank	n_top50_schemes	is_touchstone	has_structure	pubchem_cids	named_identity	identity_resolved	duplicate_id_conflict	safety_gate	mechanism_context	computational_hard_gate	translation_tier
dacinostat	dacinostat	BRD-K56957086	4	2	HEPG2;PHH	0.0418203498961197	0.0008960107548369248	0.13159527310303276	0.1436075223609805	0.0497764819966895	0.18093008946420414	0.0243070255373678	0.75	1	0.0418203498961197	0.0418203498961197	0.0497764819966895	0.0497764819966895	False	False	0.19308360223288804	5.222467318254684	1.024246283943957	0.5817157146170637	9	155.0	175	0	1	True	6445533	True	True	False	exclude_narrow_margin_or_cytotoxic	unresolved_or_not_curated	False	Excluded_safety
prochlorperazine	prochlorperazine	BRD-K19352500	3	2	HEPG2;PHH	0.0186749911970562	-0.0008714991725153505	0.5047345033713749	0.1738750021904707	0.148764285658087	0.3037168638603318	0.29211770705435247	0.6666666666666666	1	0.0186749911970562	0.0186749911970562	0.148764285658087	0.148764285658087	False	False	0.44977571738750804	5.193776824072043	2.4835161945213544	0.4263738366866162	11	47.0	171	3	1	True		True	True	False	exclude_narrow_margin_or_cytotoxic	unresolved_or_not_curated	True	Excluded_safety
panobinostat	panobinostat	BRD-K02130563	7	2	HEPG2;PHH	0.0823826835387283	-0.1212855792707867	0.4303749033382961	0.5868699364364147	0.4303749033382961	0.4924273421943542	0.31596310812211226	0.5714285714285714	1	0.0823826835387283	0.0823826835387283	0.4303749033382961	0.4303749033382961	False	False	0.6504088962554103	5.0008070392663315	4.2164036292646205	0.4621845328639788	15	9.0	51	4	1	True	6918837	True	True	False	exclude_narrow_margin_or_cytotoxic	unresolved_or_not_curated	True	Excluded_safety
terfenadine	terfenadine	BRD-A06352418	3	2	HEPG2;PHH	0.0787223801016807	-0.03821520590119895	0.1088928447238036	0.0061750006861984	0.0061750006861984	0.2491889264700668	-0.5311899541374592	0.6666666666666666	1	0.0787223801016807	0.0787223801016807	0.0061750006861984	0.0061750006861984	False	False	-0.01640605059866279	4.388493623142532	0.43395810718368066	0.6982668916572825	22	185.0	276	0	1	True		True	True	False	exclude_narrow_margin_or_cytotoxic	unresolved_or_not_curated	False	Excluded_safety
menadione	menadione	BRD-K78126613	4	2	HEPG2;PHH	-0.1429788004348262	-0.5192025662529178	0.3164527213999203	0.25278845988214016	0.23732967634818383	0.19749318212196826	-0.32330678088686593	0.5	1	-0.1429788004348262	-0.1429788004348262	0.23732967634818383	0.23732967634818383	False	False	0.03583979167853529	3.5345413771965957	2.3831560941048107	-2.240880116494065	31	179.0	392	0	1	True		True	True	False	exclude_narrow_margin_or_cytotoxic	unresolved_or_not_curated	False	Excluded_safety
geldanamycin	geldanamycin	BRD-A19500257	35	3	HEPG2;HUH7;PHH	0.2312507074740198	0.0309788017637199	0.4041338435241154	0.2079828307032585	0.1065098238842827	0.3454009828615993	-0.21644695727006774	0.42857142857142855	1	0.2312507074740198	0.2312507074740198	0.1065098238842827	0.1065098238842827	False	False	0.23717750422656544	3.477674577276362	2.176621694134193	1.901928676501215	32	20.0	30	5	1	True	5288382	True	True	False	exclude_narrow_margin_or_cytotoxic	unresolved_or_not_curated	False	Excluded_safety
ouabain	ouabain	BRD-A46747628;BRD-A68930007;BRD-K35708212	7	2	HEPG2;PHH	0.1288166551126374	-0.1269290016757117	0.1778428511960166	0.2575500067323446	-0.0488910973072052	0.1962746299271072	-0.14663403052540996	0.14285714285714285	3	-0.169300228357315	0.3127004644936985	-0.2297251777989523	0.1915428532021386	True	True	0.12295761466440222	1.6617392742859587	1.2506929814950014	0.7450930480382244	145	59.0	91	2	1	True	439501	True	True	True	exclude_narrow_margin_or_cytotoxic	unresolved_or_not_curated	False	Excluded_safety
digoxin	digoxin	BRD-A94756469;BRD-K23478508	5	2	HEPG2;PHH	-0.2088537000947528	-0.2424627881911066	0.4839931343282972	0.6180186588317156	0.36039450019598	0.384522095026951	0.285989594527535	0.0	2	-0.2088537000947528	-0.14629266162713364	0.3550915208512119	0.36039450019598	False	False	0.5275168922907185	1.551259844599329	4.290767959379218	-1.8018625895605687	151	52.0	356	2	1	True	30322;73707466	True	True	False	exclude_narrow_margin_or_cytotoxic	unresolved_or_not_curated	False	Excluded_safety
alvocidib	alvocidib	BRD-K87909389	3	2	HEPG2;PHH	-0.4633889454934332	-0.5538215301930904	1.1669247363294877	0.7276575677096844	0.7276575677096844	0.3623919347153297	0.3239225000143051	0.0	1	-0.4633889454934332	-0.4633889454934332	0.7276575677096844	0.7276575677096844	False	False	0.5243531847224823	1.545794850615631	7.599862853723048	-4.423080481543519	152	14.0	488	3	1	True	5287969	True	True	False	exclude_narrow_margin_or_cytotoxic	unresolved_or_not_curated	False	Excluded_safety
aminopurvalanol-a	aminopurvalanol-a	BRD-K07762753	13	3	HEPG2;HUH7;PHH	-0.4394389018416405	-0.925781797617674	0.936057720865522	0.7590625323355198	0.7443279027938843	0.2945362848362752	0.0678264410678474	0.0	1	-0.4394389018416405	-0.4394389018416405	0.7443279027938843	0.7443279027938843	False	False	0.3284495053701989	1.2073904924525825	7.046214621190847	-5.431238025185862	183	32.0	496	3	1	True		True	True	False	exclude_narrow_margin_or_cytotoxic	unresolved_or_not_curated	False	Excluded_safety
doxorubicin	doxorubicin	BRD-A52530684;BRD-K92093830	11	2	HEPG2;PHH	-0.5563972045977911	-0.9224659950058494	0.6325040991817202	0.851612526923418	0.5959352105855942	0.2565840770978302	-0.0367098011386891	0.0	2	-0.5563972045977911	-0.5207569420777468	0.2993245654340301	0.6325040991817202	False	False	0.23822917652848566	1.0515437387015365	6.035735997780269	-6.1779131683761594	209	133.0	561	1	1	True		True	True	False	exclude_narrow_margin_or_cytotoxic	unresolved_or_not_curated	False	Excluded_safety
thiostrepton	thiostrepton	BRD-A20697603	3	2	HEPG2;PHH	-0.0688117179605695	-0.5015461912585628	0.4601235432284219	0.4335254803299904	0.4335254803299904	0.1304218468019768	0.07967164809815586	0.0	1	-0.0688117179605695	-0.0688117179605695	0.4335254803299904	0.4335254803299904	False	False	0.17025767085105473	0.9341296409765828	3.8549695031365783	-1.7055992691756159	225	51.0	186	2	1	True	16129995;73707520	True	True	False	exclude_narrow_margin_or_cytotoxic	unresolved_or_not_curated	False	Excluded_safety
proscillaridin	proscillaridin	BRD-A34806832	3	2	HEPG2;PHH	-0.2359194482366244	-0.4676930582564738	0.5250661287988935	0.4303891714662313	0.4303891714662313	0.115793039833772	0.08922658588123755	0.0	1	-0.2359194482366244	-0.2359194482366244	0.4303891714662313	0.4303891714662313	False	False	0.16040633277439076	0.9171124223622975	4.031717594847846	-2.681384892615845	228	101.0	421	1	1	True		True	True	False	exclude_narrow_margin_or_cytotoxic	unresolved_or_not_curated	False	Excluded_safety
mitoxantrone	mitoxantrone	BRD-K21680192	12	3	HEPG2;HUH7;PHH	-0.4020279803209834	-0.86921102543258	0.8253790991646903	0.3194843409582972	0.1658730969897338	0.02458009984905995	-0.31979559859517764	0.08333333333333333	1	-0.4020279803209834	-0.4020279803209834	0.1658730969897338	0.1658730969897338	False	False	-0.13531769944852887	0.8783791147713175	3.9211769957199416	-5.012179663479662	236	144.0	528	1	1	True		True	True	False	exclude_narrow_margin_or_cytotoxic	unresolved_or_not_curated	False	Excluded_safety
daunorubicin	daunorubicin	BRD-A68009927;BRD-K17210248;BRD-K43389675	7	2	HEPG2;PHH	-0.6019518747925758	-0.9376429124062673	1.0600857138633728	0.7591437427327037	0.5354925245046616	0.025579403649779	0.0039992433758305	0.0	3	-0.9895524833247892	-0.3825888923472828	0.2934500121045857	0.8805753253400326	False	False	0.027579025337694248	0.6876662993070426	6.882923292397851	-6.520238780060372	257	66.0	560	2	1	True	12309103;2958;46931007	True	True	False	exclude_narrow_margin_or_cytotoxic	unresolved_or_not_curated	False	Excluded_safety
triclosan	triclosan	BRD-K41731458	3	2	HEPG2;PHH	-0.5485333235313495	-0.6494560675022917	0.4694142746073859	0.4962542206048965	0.4694142746073859	-0.2069706198434153	-0.38871487223779755	0.0	1	-0.5485333235313495	-0.5485333235313495	0.4694142746073859	0.4694142746073859	False	False	-0.4013280559623141	-0.053228542682682456	4.162099091643294	-5.273265322414287	379	415.0	569	0	1	True		True	True	False	exclude_narrow_margin_or_cytotoxic	unresolved_or_not_curated	False	Excluded_safety
cyclosporin-a	cyclosporin-a	BRD-A38030642;BRD-A64290322;BRD-A69815203;BRD-K13533483	9	2	HEPG2;PHH	-0.0557719253831439	-0.1988489725109603	-0.11048367193767	0.1891020014882087	-0.1528996713459491	-0.1594022081588351	-0.51451192060042	0.0	4	-0.32255524138195646	0.10767144777087695	-0.22424040734767908	0.1891020014882087	True	True	-0.4166581684590451	-0.07970980580737688	-0.0820139988552334	-0.6746119167501481	382	362.0	449	0	1	True	16404350;5284373	True	True	True	exclude_narrow_margin_or_cytotoxic	unresolved_or_not_curated	False	Excluded_safety
wz-4002	WZ-4002	BRD-K72420232	4	2	HEPG2;PHH	0.3318178856538402	0.17990509017060197	0.2535583270447595	0.23203410161659122	0.1696766402040209	0.524433414692	-0.10182169676455302	0.75	1	0.3318178856538402	0.3318178856538402	0.1696766402040209	0.1696766402040209	False	False	0.4735225663097235	5.706898075023038	1.9599890247309875	3.018593789307171	4	10.0	24	5	1	True	44607530	True	True	False	mechanistic_probe_only	EGFR-family kinase probe; tests growth-factor input into the retention attractor	True	Tier_1_mechanistic_probe
verteporfin	verteporfin	BRD-M45964048	3	2	HEPG2;PHH	0.3174578201853567	0.1837441553879115	0.2116477851356779	0.0395371671766042	0.0395371671766042	0.5588061455489388	0.06401566066409631	0.6666666666666666	1	0.3174578201853567	0.3174578201853567	0.0395371671766042	0.0395371671766042	False	False	0.5908139758809869	5.437406558335957	0.9262458198629218	2.937649773036116	6	23.0	58	3	1	True	11980942	True	True	False	mechanistic_probe_only	YAP/TEAD-mechanotransduction probe; independent HSC fibrosis evidence	True	Tier_1_mechanistic_probe
pre-084	PRE-084	BRD-K57304726	3	2	HEPG2;PHH	0.1047722188134988	0.06850122701790595	0.5425642643656049	0.1495749969035387	0.1495749969035387	0.4508418494480706	0.14556920642979326	0.6666666666666666	1	0.1047722188134988	0.1047722188134988	0.1495749969035387	0.1495749969035387	False	False	0.5236264526629673	5.321346713281833	2.5260382596153486	1.2006012697266555	7	25.0	111	3	1	True		True	True	False	mechanistic_probe_only	sigma-1 receptor probe; liver mechanism unresolved	True	Tier_1_mechanistic_probe
tyrphostin-1	tyrphostin-1	BRD-K41996876	3	2	HEPG2;PHH	0.2134195044636726	0.165535744279623	0.1507142931222915	0.2187437564134597	0.1507142931222915	0.5313515474886766	-0.11645787764739779	0.6666666666666666	1	0.2134195044636726	0.2134195044636726	0.1507142931222915	0.1507142931222915	False	False	0.47312260866497774	5.234106284876336	1.56428358984996	2.207292994011233	8	41.0	66	3	1	True		True	True	False	mechanistic_probe_only	broad receptor-tyrosine-kinase probe	True	Tier_1_mechanistic_probe
oxfendazole	oxfendazole	BRD-A33447119	3	2	HEPG2;PHH	0.1823611193233066	0.17575834525956047	0.1390857100486755	0.1529172277078032	0.1164587789348193	0.3215597023012205	0.26279782169934596	0.6666666666666666	1	0.1823611193233066	0.1823611193233066	0.1164587789348193	0.1164587789348193	False	False	0.4529586131508935	5.199274963777584	1.2450827882545723	2.0382269557396553	10	63.0	82	0	1	True		True	True	False	translation_review	named repurposing candidate; mechanism and exposure review required	False	Tier_2_translation_anchor
dehydrocholate	dehydrocholate	BRD-A64125466	3	2	HEPG2;PHH	0.1285866532060835	0.0915572169340319	0.3431857185704367	0.1244734413921833	0.0620308773858206	0.4008099704699975	0.03355280549768064	0.6666666666666666	1	0.1285866532060835	0.1285866532060835	0.0620308773858206	0.0620308773858206	False	False	0.41758637321883785	5.138172894686419	1.6309568382064117	1.426846483949817	12	53.0	116	2	1	True		True	True	False	translation_review	bile-acid-context candidate; formulation and mechanism review required	True	Tier_2_translation_anchor
pioglitazone	pioglitazone	BRD-A48430263	3	2	HEPG2;PHH	0.0744920210498902	0.03765156570201115	0.1430142798594066	0.2565000038594007	0.1430142798594066	0.2005682522135358	0.1587396111516725	0.6666666666666666	1	0.0744920210498902	0.0744920210498902	0.1430142798594066	0.1430142798594066	False	False	0.2799380577893721	4.90039895399708	1.634436950116657	0.9081325691311279	16	79.0	122	0	1	True		True	True	False	translation_review	PPAR-gamma re-quiescence/metabolic anchor	False	Tier_2_translation_anchor
psb-069	PSB-069	BRD-K79366068	3	2	HEPG2;PHH	0.4291111048724916	0.35651184579667944	0.0297714109931673	0.2435254864394664	0.0297714109931673	0.791133112813686	0.17288818184862886	0.6666666666666666	1	0.4291111048724916	0.4291111048724916	0.0297714109931673	0.0297714109931673	False	False	0.8775772037380005	5.932761859413336	0.9673640184921087	4.200628672561935	2	8.0	38	5	1	True		True	True	False	manual_review_required	unresolved_or_not_curated	True	Tier_3_computational_hit
y-26763	Y-26763	BRD-K45117373	3	2	HEPG2;PHH	0.0190958171668979	-0.04166459302521415	0.7314142712524959	0.1104624923318624	0.1104624923318624	0.5422828206496816	0.23510033493151977	0.6666666666666666	1	0.0190958171668979	0.0190958171668979	0.1104624923318624	0.1104624923318624	False	False	0.6598329881154414	5.55663012071861	2.8736127698234353	0.30153106158441767	5	21.0	233	3	1	True		True	True	False	manual_review_required	unresolved_or_not_curated	True	Tier_3_computational_hit
brd-k78062244	BRD-K78062244	BRD-K78062244	3	2	HEPG2;PHH	0.1072504143748018	0.0429324878172742	0.8654840929167611	0.197705453261733	0.197705453261733	0.6956984300964645	0.6256057801730339	0.6666666666666666	1	0.1072504143748018	0.1072504143748018	0.197705453261733	0.197705453261733	False	False	1.0085013201829813	6.158920407022624	3.758454815706069	1.136684425099371	1	6.0	78	4	0	True	6545175	False	False	False	manual_review_required	unresolved_or_not_curated	False	Tier_4_not_prioritized
fluphenazine	fluphenazine	BRD-K53987533;BRD-K55127134	3	2	HEPG2;PHH	0.1243361118766996	-0.1394722203517126	0.393835717013904	0.5218250118196011	0.393835717013904	0.5359248185293779	0.5101092632135583	0.6666666666666666	2	-0.13947222035171258	0.2155527714639902	0.393835717013904	0.5027285777032375	True	False	0.7909794501361571	5.783172748464093	3.8192251762718294	0.6768668230002531	3	10.0	39	5	1	True	9550045	True	True	True	manual_review_required	unresolved_or_not_curated	False	Tier_4_not_prioritized
tolazamide	tolazamide	BRD-K32164935	3	2	HEPG2;PHH	0.0826314886411031	0.0807579101787673	0.0982233562639781	0.2166481369640678	0.0982233562639781	0.3161777444922971	0.18588139767950718	0.6666666666666666	1	0.0826314886411031	0.0826314886411031	0.0982233562639781	0.0982233562639781	False	False	0.40911844333205066	5.123545377797597	1.2667926191841408	1.0956180696692681	13	105.0	149	0	1	True	5503	True	True	False	manual_review_required	unresolved_or_not_curated	False	Tier_4_not_prioritized
norethisterone	norethisterone	BRD-A39415247;BRD-K92073408	3	2	HEPG2;PHH	0.086446759601434	-0.0937433859540357	0.5049031249114445	0.1826546504162252	0.1826546504162252	0.2379600993165421	0.22477001321339415	0.6666666666666666	2	-0.0855621517532402	0.086446759601434	0.1593171618878841	0.1826546504162252	True	False	0.3503451059232392	5.022020212018737	2.5969785222677513	0.5746193116159791	14	30.0	101	3	1	True	5702093;6230	True	True	True	manual_review_required	unresolved_or_not_curated	False	Tier_4_not_prioritized
gr-113808	GR-113808	BRD-K49945136	3	2	HEPG2;PHH	0.130313897298442	0.09494444438152841	0.1243499943188258	0.0663125030696392	0.0663125030696392	0.2256451459926745	0.1013047074130367	0.6666666666666666	1	0.130313897298442	0.130313897298442	0.0663125030696392	0.0663125030696392	False	False	0.2762974996991928	4.894110247588217	0.8138180229495693	1.448618952734183	17	112.0	164	0	1	True		True	True	False	manual_review_required	unresolved_or_not_curated	False	Tier_4_not_prioritized
gbr-12783	GBR-12783	BRD-K34034388;BRD-K92015269	3	2	HEPG2;PHH	0.2707820265657372	0.1409497017868691	0.2082190534898213	0.3051418904215097	0.2082190534898213	0.3294947808164926	-0.20088156522621242	0.6666666666666666	2	0.19432905802710188	0.2707820265657372	-0.4745668194123676	0.2566804719556655	False	True	0.22905399820338637	4.812501740520241	2.141617923330496	2.501702828801528	18	19.0	33	5	1	True	5788723	True	True	True	manual_review_required	unresolved_or_not_curated	False	Tier_4_not_prioritized
noretynodrel	noretynodrel	BRD-A00758722;BRD-K80334323	3	2	HEPG2;PHH	0.1771500149948729	0.13784028331024775	0.2728619213615145	0.0559541760012507	0.0559541760012507	0.3763652007568568	-0.5475758120476728	0.6666666666666666	2	0.1771500149948729	0.24176065168446959	-0.3373654862599714	0.0559541760012507	False	True	0.10257729473302041	4.594025661857614	1.2003317044195727	1.885920686376618	19	60.0	132	1	1	True	5702095;6231;7061273	True	True	True	manual_review_required	unresolved_or_not_curated	False	Tier_4_not_prioritized
pergolide	pergolide	BRD-K60770992	3	2	HEPG2;PHH	0.0323305676380793	0.02691210164792005	0.1394507991416113	0.2421250343322754	0.1394507991416113	0.2323502209924516	-0.338086283810082	0.6666666666666666	1	0.0323305676380793	0.0323305676380793	0.1394507991416113	0.1394507991416113	False	False	0.0633070790874106	4.52619022270499	1.5716917285854217	0.6016471127654947	20	114.0	165	0	1	True		True	True	False	manual_review_required	unresolved_or_not_curated	False	Tier_4_not_prioritized
vincristine	vincristine	BRD-A60414806;BRD-A76528577	3	2	HEPG2;PHH	0.0908861193392011	0.02949444784058465	0.0440428512437003	0.1582312472164631	0.0440428512437003	0.193546082765337	-0.2783891915358485	0.6666666666666666	2	0.0497902776632044	0.0908861193392011	-0.17736429082495825	0.2830500043928623	False	True	0.05435148699741274	4.510720317273883	0.7915528116761916	0.9887391544047632	21	136.0	186	0	1	True	24058669;5022426;5388992;6324671	True	True	True	manual_review_required	unresolved_or_not_curated	False	Tier_4_not_prioritized
brd-k41172353	BRD-K41172353	BRD-K41172353	12	3	HEPG2;HUH7;PHH	0.1116012223064899	-0.17448765494757223	0.3327827884682587	0.700984176248312	0.22701601258346016	0.4965592959659203	0.2963275890972923	0.4166666666666667	1	0.1116012223064899	0.1116012223064899	0.22701601258346016	0.22701601258346016	False	False	0.6447230905145664	4.1142265493539	3.7454880180462724	0.48493781282177295	23	7.0	44	5	0	True	673329	False	False	False	manual_review_required	unresolved_or_not_curated	False	Tier_4_not_prioritized
gdc-0941	GDC-0941	BRD-K52911425	4	2	HEPG2;PHH	0.020038250523308897	-0.0199786485172808	0.14543799843106947	0.32953458442352707	0.050225634526993496	0.2575245419506072	0.14598527873334077	0.5	1	0.020038250523308897	0.020038250523308897	0.050225634526993496	0.050225634526993496	False	False	0.3305171813172776	4.043567615170103	1.6226160228998632	0.3754467158156463	24	90.0	160	0	1	True	17755052	True	True	False	mechanistic_probe_only	PI3K pathway probe	False	Tier_4_not_prioritized
ag-490	AG-490	BRD-K12357156;BRD-K47105409	4	2	HEPG2;PHH	-0.061314900302224695	-0.3058142845208446	0.28224956563540865	0.39936948381364346	0.2174672408561621	0.36288505776356605	-0.21283392859844583	0.5	2	-0.07189392484724524	-0.061314900302224695	0.041165707233761034	0.46617948583194185	False	False	0.2564680934643431	3.915655091371252	2.6682951078262267	-1.0449883664039261	25	77.0	233	1	1	True		True	True	False	manual_review_required	unresolved_or_not_curated	False	Tier_4_not_prioritized
r(-)-propylnorapomorphine	r(-)-propylnorapomorphine	BRD-K13544237	3	2	HEPG2;PHH	-0.0806753974821832	-0.18439834639947444	0.2418594307133129	0.7916333414614201	0.2317333327872412	0.5774252299138064	0.20982796538968584	0.3333333333333333	1	-0.0806753974821832	-0.0806753974821832	0.2317333327872412	0.2317333327872412	False	False	0.6823392126086494	3.707103801802152	3.7567379308635473	-0.7906168911568439	26	22.0	170	3	1	True		True	True	False	manual_review_required	unresolved_or_not_curated	False	Tier_4_not_prioritized
u-0126	U-0126	BRD-K18787491;BRD-K91701654	16	3	HEPG2;HUH7;PHH	0.0946428860641188	0.0157433682017856	0.14443383631961684	0.183947111479938	0.010784115110124849	0.16860948396488162	-0.09756857955030027	0.5	2	0.0946428860641188	0.16602620854973796	-0.3983759858778545	0.0308613762525575	False	True	0.11982519418973149	3.6796179083053278	1.0834597605085847	0.970053963666875	27	91.0	116	0	1	True	3006531;5354033	True	True	True	mechanistic_probe_only	MEK-ERK/AP-1 pathway probe	False	Tier_4_not_prioritized
rs-39604	RS-39604	BRD-K20742498	3	2	HEPG2;PHH	0.2354541489233573	0.1837479063413209	0.1898714361180152	-0.0045319534838199	-0.1698943163667406	0.535246127248106	0.2143228333480361	0.3333333333333333	1	0.2354541489233573	0.2354541489233573	-0.1698943163667406	-0.1698943163667406	False	False	0.6424075439221241	3.6381257675103953	0.193551477434098	2.4068705942978186	28	57.0	133	2	1	True		True	True	False	manual_review_required	unresolved_or_not_curated	False	Tier_4_not_prioritized
aliskiren	aliskiren	BRD-K30020243	3	2	HEPG2;PHH	0.4764824906984965	0.2830468008501662	0.0255714314324515	-0.0147318169474601	-0.0147318169474601	0.5497612852957987	0.16343575297662666	0.3333333333333333	1	0.4764824906984965	0.4764824906984965	-0.0147318169474601	-0.0147318169474601	False	False	0.631479161784112	3.619248061101808	0.06887154876739829	4.2775155343430695	29	25.0	71	4	1	True		True	True	False	manual_review_required	unresolved_or_not_curated	False	Tier_4_not_prioritized
nsc-632839	NSC-632839	BRD-K37392901;BRD-K74402642	15	3	HEPG2;HUH7;PHH	0.1132611094249619	0.05013780564897585	0.1902502030134201	0.3623399175703525	0.1902502030134201	0.3938085539118637	-0.4077525977636613	0.4666666666666667	2	0.0716323140594694	0.16119946984367234	-0.2601836685623441	0.20176455564796925	False	True	0.18993225503003305	3.611880606706878	2.212920594748267	1.1981224809094182	30	42.0	92	3	1	True	6477762	True	True	True	mechanistic_probe_only	deubiquitinase-pathway probe; toxicity gate required	False	Tier_4_not_prioritized
bibx-1382	BIBX-1382	BRD-K70914287	3	2	HEPG2;PHH	0.0958000073830286	-0.06717419914073416	0.2576059762920652	0.2544375136494636	0.2144357274685587	0.3984232026906241	0.28052690761193394	0.3333333333333333	1	0.0958000073830286	0.0958000073830286	0.2144357274685587	0.2144357274685587	False	False	0.5386866564965911	3.4589581252619745	2.1535851712817706	0.718246932061949	33	54.0	90	1	1	True		True	True	False	manual_review_required	unresolved_or_not_curated	False	Tier_4_not_prioritized
tubocurarine	tubocurarine	BRD-K02607075;BRD-K99621550	4	2	HEPG2;PHH	0.22219801445802054	0.11284840313924682	-0.0646910603557314	0.015834821388125433	-0.0646910603557314	0.11443980831268527	-0.4930531865554965	0.5	2	0.149452768266201	0.30094704777002335	-0.1166049089016659	-0.0344823650749666	False	False	-0.132086784965063	3.2444647151579735	-0.237416359233037	2.099352326781365	34	126.0	219	0	1	True	6713947	True	True	False	manual_review_required	unresolved_or_not_curated	False	Tier_4_not_prioritized
rhamnetin	rhamnetin	BRD-K37206356	3	2	HEPG2;PHH	-0.1832732118976613	-0.3410032666547017	0.6455573503460202	0.3307749945670366	0.3307749945670366	0.3110339619174954	0.16787621369659303	0.3333333333333333	1	-0.1832732118976613	-0.1832732118976613	0.3307749945670366	0.3307749945670366	False	False	0.3949720687657919	3.210705295195149	3.8392599686004805	-1.9444381846614376	35	68.0	347	2	1	True		True	True	False	manual_review_required	unresolved_or_not_curated	False	Tier_4_not_prioritized
rutin	rutin	BRD-A34907681;BRD-K20482099	5	2	HEPG2;PHH	0.1631370389627086	0.0753427313433753	-0.0944963672331401	0.0522606917656958	-0.0944963672331401	0.1843693222377508	-0.1134658092558975	0.4	2	-0.0393086971922053	0.1631370389627086	-0.32129550888203084	-0.0944963672331401	True	False	0.12763641760980204	3.1265899461611597	-0.2938830444732535	1.5997778348564196	36	177.0	264	0	1	True	5293655	True	True	True	manual_review_required	unresolved_or_not_curated	False	Tier_4_not_prioritized
ticlopidine	ticlopidine	BRD-K00603606	3	2	HEPG2;PHH	-0.017839344839255	-0.09134745101133979	0.346075747694288	0.1962749878875911	0.1225165724754333	0.2337006829856407	0.22507874911562314	0.3333333333333333	1	-0.017839344839255	-0.017839344839255	0.1225165724754333	0.1225165724754333	False	False	0.3462400575434523	3.1265255338235667	2.0090078451473246	-0.09290818249818347	37	95.0	198	0	1	True		True	True	False	manual_review_required	unresolved_or_not_curated	False	Tier_4_not_prioritized
l-755507	L-755507	BRD-A93206962	3	2	HEPG2;PHH	0.0719694246848424	0.0716444353262583	-0.0552500145775931	0.1757347541861236	-0.0552500145775931	0.2645270127049159	0.11654477654254092	0.3333333333333333	1	0.0719694246848424	0.0719694246848424	-0.0552500145775931	-0.0552500145775931	False	False	0.32279940097618637	3.086034102693773	0.2929915646947229	0.9981056529534822	38	190.0	280	0	1	True		True	True	False	manual_review_required	unresolved_or_not_curated	False	Tier_4_not_prioritized
nvp-tae684	NVP-TAE684	BRD-K50140147	5	2	HEPG2;PHH	0.3068421044283443	0.1615088503393862	0.1419794602053506	0.206894633360207	0.1419794602053506	0.0904138987026517	0.019557782249259	0.4	1	0.3068421044283443	0.3068421044283443	0.1419794602053506	0.1419794602053506	False	False	0.10019278982728119	3.0791837755567313	1.4803982138948242	2.7994032456748315	39	16.0	43	5	1	True	16038120	True	True	False	mechanistic_probe_only	oncology kinase probe; experimental use only	False	Tier_4_not_prioritized
nu-7026	NU-7026	BRD-K09537769	3	2	HEPG2;PHH	0.0272444321049584	-0.010497229380740051	0.3177923911384174	0.1415750132873654	0.121435706104551	0.2075846081614376	0.20573438439030373	0.3333333333333333	1	0.0272444321049584	0.0272444321049584	0.121435706104551	0.121435706104551	False	False	0.3104518003565895	3.0647048357992275	1.7581600552143564	0.4517406225796001	40	92.0	186	0	1	True		True	True	False	manual_review_required	unresolved_or_not_curated	False	Tier_4_not_prioritized
etomoxir	etomoxir	BRD-K32405725;BRD-K77625572	3	2	HEPG2;PHH	0.2536740799744924	0.0590975077615844	0.055091449192592	0.1128125116229057	0.0046254955232143	0.2679031282249424	0.081141268065761	0.3333333333333333	2	0.059097507761584386	0.3190087392512295	-0.1012920439243316	0.05871900357306	False	True	0.30847376225782286	3.0612879693297037	0.5879494662237649	2.1350018092191334	41	54.0	92	2	1	True	123823;14249524;9840324	True	True	True	manual_review_required	unresolved_or_not_curated	False	Tier_4_not_prioritized
loperamide	loperamide	BRD-K61250553	3	2	HEPG2;PHH	0.2002627576390902	0.03549115525351629	0.4623974221093314	0.1086321733891964	0.1086321733891964	0.2541456246778132	0.04811022794317635	0.3333333333333333	1	0.2002627576390902	0.2002627576390902	0.1086321733891964	0.1086321733891964	False	False	0.27820073864940137	3.008994295429682	2.0592202618733775	1.7154616707420802	42	28.0	74	4	1	True	71420	True	True	False	manual_review_required	unresolved_or_not_curated	False	Tier_4_not_prioritized
digitoxin	digitoxin	BRD-A93236127	3	2	HEPG2;PHH	0.0826944433566596	-0.143573420536187	0.6051721487726484	0.0462874863296747	0.0462874863296747	0.1786486358337459	0.16537555239148555	0.3333333333333333	1	0.0826944433566596	0.0826944433566596	0.0462874863296747	0.0462874863296747	False	False	0.26133641202948865	2.9798628281467168	2.140155759729121	0.39450475293914156	43	34.0	234	3	1	True	73707526	True	True	False	manual_review_required	unresolved_or_not_curated	False	Tier_4_not_prioritized
apigenin	apigenin	BRD-K01493881;BRD-K12057390	7	2	HEPG2;PHH	0.0341018281049198	-0.049766499031749054	0.0593049973249435	0.1420576111413538	0.0460132722343717	0.1396941612844192	-0.3917846333693772	0.42857142857142855	2	0.0299724928206867	0.052879444633920955	-0.1243634511317526	0.0978082375867026	False	True	-0.0561981554002694	2.970896950000916	0.7938693446885171	0.37332553311455935	44	188.0	220	0	1	True	5280443	True	True	True	manual_review_required	unresolved_or_not_curated	False	Tier_4_not_prioritized
malonoben	malonoben	BRD-K38477985	13	3	HEPG2;HUH7;PHH	0.0918104764488008	-0.0664305488268534	0.1107872873544693	0.4231870509684086	0.0447393364406057	0.2958654559232176	-0.41940871275784	0.38461538461538464	1	0.0918104764488008	0.0918104764488008	0.0447393364406057	0.0447393364406057	False	False	0.08616109954429763	2.967788319520786	1.7849672486468018	0.6947491319698437	45	47.0	134	3	1	True	16759147	True	True	False	manual_review_required	unresolved_or_not_curated	False	Tier_4_not_prioritized
arcyriaflavin-a	arcyriaflavin-a	BRD-K72726508	3	2	HEPG2;PHH	0.176811108055214	0.01702754176221785	0.3669357214655195	0.135857936926186	0.135857936926186	0.1725136560964442	0.1553061375438812	0.3333333333333333	1	0.176811108055214	0.176811108055214	0.135857936926186	0.135857936926186	False	False	0.2501667248683848	2.9605682910194266	1.9248851248778247	1.5059257923067568	46	39.0	73	4	1	True		True	True	False	manual_review_required	unresolved_or_not_curated	False	Tier_4_not_prioritized
rilmenidine	rilmenidine	BRD-K01638814;BRD-M62162320	3	2	HEPG2;PHH	0.1728532032834159	0.10575160249653791	-0.0326952444655554	0.2478398997336626	-0.0326952444655554	0.2270845388771877	0.03886496137812856	0.3333333333333333	2	0.10575160249653791	0.3568769858943091	-0.2211747680391584	0.10757232763405361	False	True	0.246517019566252	2.954263783700646	0.6336896367191936	1.7577618523386747	47	76.0	184	1	1	True	5388964;73707355	True	True	True	manual_review_required	unresolved_or_not_curated	False	Tier_4_not_prioritized
leucodin	leucodin	BRD-K96119599	3	2	HEPG2;PHH	0.3289481637378533	0.0881342724379566	0.0156380965241364	0.0698083639144897	0.0156380965241364	0.3716713939571664	-0.25992332523067796	0.3333333333333333	1	0.3289481637378533	0.3289481637378533	0.0156380965241364	0.0156380965241364	False	False	0.24170973134182744	2.945959665618383	0.3696157289327867	2.7130363635567094	48	43.0	99	3	1	True		True	True	False	manual_review_required	unresolved_or_not_curated	False	Tier_4_not_prioritized
anthothecol	anthothecol	BRD-A37828317	11	3	HEPG2;HUH7;PHH	0.1026599943223926	-0.07268386727405915	0.2845623620918819	0.4037724547088146	-0.0437081285885402	0.4408085008580533	-0.5985949764264717	0.36363636363636365	1	0.1026599943223926	0.1026599943223926	-0.0437081285885402	-0.0437081285885402	False	False	0.1415110126448174	2.9445492792838293	2.0201350906879063	0.7454204156429036	49	27.0	67	3	0	True	73707348	True	True	False	manual_review_required	unresolved_or_not_curated	False	Tier_4_not_prioritized
cabergoline	cabergoline	BRD-A63043573;BRD-K86882815	3	2	HEPG2;PHH	-0.0376499102761348	-0.14786179229203195	0.1342892263616834	0.0450768740847706	0.000360369682312	0.2104990572210341	0.011988290301006649	0.3333333333333333	2	-0.2580736743079291	0.1081127192204197	0.000360369682312	0.024291862334523892	True	False	0.2164932023715374	2.9024005893952873	0.6113033860643118	-0.3978670175285577	50	285.0	357	0	1	True		True	True	True	manual_review_required	unresolved_or_not_curated	False	Tier_4_not_prioritized
diflunisal	diflunisal	BRD-K22031190	3	2	HEPG2;PHH	-0.069132562726736	-0.0868406678653425	0.3599526967321123	5.014613270759583e-05	5.014613270759583e-05	0.200189474570964	0.030964941946819202	0.3333333333333333	1	-0.069132562726736	-0.069132562726736	5.014613270759583e-05	5.014613270759583e-05	False	False	0.2156719455443736	2.900981948916445	1.150531125657504	-0.4108239388516756	51	207.0	438	0	1	True		True	True	False	manual_review_required	unresolved_or_not_curated	False	Tier_4_not_prioritized
trimetozine	trimetozine	BRD-K53220666	3	2	HEPG2;PHH	0.0778777649005254	-0.047908339584763635	0.1790619024208613	0.0993833243846893	0.0993833243846893	0.1693280254535022	0.0674280973931124	0.3333333333333333	1	0.0778777649005254	0.0778777649005254	0.0993833243846893	0.0993833243846893	False	False	0.2030420741500584	2.8791650869922263	1.1608625637345544	0.662487875269609	52	119.0	181	0	1	True		True	True	False	manual_review_required	unresolved_or_not_curated	False	Tier_4_not_prioritized
ubenimex	ubenimex	BRD-K59574735	3	2	HEPG2;PHH	-0.1906684881283177	-0.20143839696215254	0.1819771485669272	0.1720514204353094	0.1354305269196629	0.2000292478986676	-0.016048397196249786	0.3333333333333333	1	-0.1906684881283177	-0.1906684881283177	0.1354305269196629	0.1354305269196629	False	False	0.1920050493005427	2.8600997109738744	1.4790517992653127	-1.5558639042985414	53	358.0	476	0	1	True		True	True	False	manual_review_required	unresolved_or_not_curated	False	Tier_4_not_prioritized
fraxetin	fraxetin	BRD-K76587808	3	2	HEPG2;PHH	-0.0056852671421236	-0.0606384710926148	0.3417906633445194	0.0039166063070297	-0.0743702586208071	0.1913240185037019	-0.035524935313751754	0.3333333333333333	1	-0.0056852671421236	-0.0056852671421236	-0.0743702586208071	-0.0743702586208071	False	False	0.173561550846826	2.828240379504721	0.9173836016349226	0.08179437696499299	54	150.0	368	0	1	True		True	True	False	manual_review_required	unresolved_or_not_curated	False	Tier_4_not_prioritized
rosiglitazone	rosiglitazone	BRD-A97437073	3	2	HEPG2;PHH	-0.0067228716280725	-0.0438694327862726	0.2482067431722368	0.2748724650591612	0.0743025764822959	0.1545317881991939	0.03621060894210899	0.3333333333333333	1	-0.0067228716280725	-0.0067228716280725	0.0743025764822959	0.0743025764822959	False	False	0.17263709267024838	2.826643468834499	1.8280355829797097	0.12751773062662114	55	102.0	185	0	1	True	77999	True	True	False	manual_review_required	unresolved_or_not_curated	False	Tier_4_not_prioritized
primidone	primidone	BRD-K32247306	3	2	HEPG2;PHH	0.1555944441093338	0.04704444441530439	-0.0512357056140899	0.0698850862681865	-0.0512357056140899	0.3317809481292016	-0.3695372931718352	0.3333333333333333	1	0.1555944441093338	0.1555944441093338	-0.0512357056140899	-0.0512357056140899	False	False	0.147012301543284	2.782379159848301	-0.0011787951979433664	1.4624629752627074	56	153.0	218	0	1	True		True	True	False	manual_review_required	unresolved_or_not_curated	False	Tier_4_not_prioritized
brd-k69516039	BRD-K69516039	BRD-K69516039	3	2	HEPG2;PHH	-0.0132207166817453	-0.10694783926010129	0.1078368127346038	0.2340820743702352	0.1078368127346038	0.1577387268706742	-0.03912400206484429	0.3333333333333333	1	-0.0132207166817453	-0.0132207166817453	0.1078368127346038	0.1078368127346038	False	False	0.13817672583825205	2.7671165709303787	1.3722487518233497	-0.11179783322493231	57	163.0	246	0	0	True	17460708	False	False	False	manual_review_required	unresolved_or_not_curated	False	Tier_4_not_prioritized
ryuvidine	ryuvidine	BRD-K06426971	12	3	HEPG2;HUH7;PHH	-0.15449408648742566	-0.250498425318963	0.4273323624261788	0.4026112016290426	0.14158151391893625	0.29139375000719037	0.22767240722988924	0.25	1	-0.15449408648742566	-0.15449408648742566	0.14158151391893625	0.14158151391893625	False	False	0.405229953622135	2.756323880815296	2.9175583357267474	-1.4751340630775145	58	100.0	339	1	1	True	481747	True	True	False	manual_review_required	unresolved_or_not_curated	False	Tier_4_not_prioritized
staurosporine	staurosporine	BRD-K17953061;BRD-K70549064	9	2	HEPG2;PHH	-0.4922916773292753	-0.7996908268994756	1.1304699523108346	0.7444062661379576	0.7444062661379576	0.3790816810159456	0.2295553047978689	0.2222222222222222	2	-0.6469500164190928	-0.4376342160006364	0.35557101254484486	0.8170234858989716	False	False	0.49385933341488003	2.7520554588607506	7.583803467971089	-5.37903477386145	59	19.0	510	3	1	True	44259;6610353	True	True	False	manual_review_required	unresolved_or_not_curated	False	Tier_4_not_prioritized
lobendazole	lobendazole	BRD-K15834839	3	2	HEPG2;PHH	-0.1055666671858893	-0.13256045037673575	0.3101785438401358	0.0480562262237072	0.0480562262237072	0.1375675798201608	-0.022757588080056596	0.3333333333333333	1	-0.1055666671858893	-0.1055666671858893	0.0480562262237072	0.0480562262237072	False	False	0.12618878578013248	2.7464085823184345	1.2680726109850027	-0.7896267666318192	60	259.0	430	0	1	True		True	True	False	manual_review_required	unresolved_or_not_curated	False	Tier_4_not_prioritized
cyclopamine	cyclopamine	BRD-A02333338;BRD-K58938839	3	2	HEPG2;PHH	-0.5766409635543823	-0.662220624792907	0.4488088658877781	0.1783616691827774	0.1783616691827774	0.3561852191471391	-0.48065354620357836	0.3333333333333333	2	-0.7478002860314317	-0.2630476917450627	-0.10585740155407361	0.8191567994654179	False	True	0.1158584460453499	2.728563935402595	2.405464297081311	-5.495116474358916	61	537.0	573	0	1	True	44118238;442972	True	True	True	manual_review_required	unresolved_or_not_curated	False	Tier_4_not_prioritized
prednisolone-acetate	prednisolone-acetate	BRD-A01643550	3	2	HEPG2;PHH	0.0857388911147912	-0.06749921170477234	0.1410348883696965	0.3227982362732291	0.1410348883696965	0.0881527480004089	0.04966599789876785	0.3333333333333333	1	0.0857388911147912	0.0857388911147912	0.1410348883696965	0.1410348883696965	False	False	0.11298574694979283	2.723601629963301	1.8216565241617504	0.6521072723455675	62	62.0	113	1	1	True		True	True	False	manual_review_required	unresolved_or_not_curated	False	Tier_4_not_prioritized
phentermine	phentermine	BRD-K96319534	3	2	HEPG2;PHH	-0.0237944473822911	-0.12034027775128679	0.2455285659858158	0.028725910000503	0.028725910000503	0.123619834715057	-0.022025983226263812	0.3333333333333333	1	-0.0237944473822911	-0.0237944473822911	0.028725910000503	0.028725910000503	False	False	0.11260684310192509	2.7229471107941503	0.9675517475961702	-0.22211950911782263	63	202.0	359	0	1	True		True	True	False	manual_review_required	unresolved_or_not_curated	False	Tier_4_not_prioritized
epicatechin-gallate-(-)	epicatechin-gallate-(-)	BRD-K50660797	3	2	HEPG2;PHH	0.0380055519441763	-0.17612778830031556	-0.0244285826172147	0.2895750068128109	-0.0244285826172147	0.1661754737475089	-0.13098731845439898	0.3333333333333333	1	0.0380055519441763	0.0380055519441763	-0.0244285826172147	-0.0244285826172147	False	False	0.10068181452030942	2.7023477955766917	0.804323004375796	0.003440995184032347	64	151.0	284	0	1	True		True	True	False	manual_review_required	unresolved_or_not_curated	False	Tier_4_not_prioritized
chlorphenamine	chlorphenamine	BRD-A04553218;BRD-K89595132	6	2	HEPG2;PHH	0.022950760864963102	-0.18358396128233934	0.19107768791062485	0.1389621100388467	0.057086220742868496	0.1016097704599064	-0.008013357308560176	0.3333333333333333	2	-0.2462944500148296	0.0413540168147948	0.008785713996206	0.105386727489531	True	False	0.09760309180562632	2.6970296045775792	1.206886433830242	-0.11732187980559985	65	132.0	193	0	1	True		True	True	True	manual_review_required	unresolved_or_not_curated	False	Tier_4_not_prioritized
nbqx	NBQX	BRD-K47717570	3	2	HEPG2;PHH	-0.0090433197716871	-0.032613327933682254	0.0308714370642389	0.0208250079303979	0.0208250079303979	0.408827374031442	-0.6315727211675414	0.3333333333333333	1	-0.0090433197716871	-0.0090433197716871	0.0208250079303979	0.0208250079303979	False	False	0.0930410134476713	2.6891490624472953	0.2819896847198623	0.1476976865427765	66	324.0	352	0	1	True		True	True	False	manual_review_required	unresolved_or_not_curated	False	Tier_4_not_prioritized
mitotane	mitotane	BRD-A31204924	3	2	HEPG2;PHH	-0.3768854752803842	-0.45590107096359134	0.1330142904605184	0.3544494025409221	0.1330142904605184	0.1460435579841335	-0.11678142127181806	0.3333333333333333	1	-0.3768854752803842	-0.3768854752803842	0.1330142904605184	0.1330142904605184	False	False	0.08765284734822446	2.679841534908314	1.8717798341389367	-3.556950097333384	67	478.0	558	0	1	True		True	True	False	manual_review_required	unresolved_or_not_curated	False	Tier_4_not_prioritized
psb-06126	PSB-06126	BRD-K71266197	3	2	HEPG2;PHH	-0.0164333403938346	-0.1504847258329391	0.2248428761959076	0.0871062465012073	0.0871062465012073	0.0743455823274358	0.022925179318657896	0.3333333333333333	1	-0.0164333403938346	-0.0164333403938346	0.0871062465012073	0.0871062465012073	False	False	0.08580817198676474	2.6766550394643387	1.2296120911563788	-0.2687393818271552	68	181.0	288	0	1	True		True	True	False	manual_review_required	unresolved_or_not_curated	False	Tier_4_not_prioritized
ketorolac	ketorolac	BRD-A40639672	3	2	HEPG2;PHH	0.0166166607911388	-0.09442777833383945	0.1222457726086889	0.0447801481932401	-0.0117857094321932	0.0699764987276423	0.02383607644439925	0.3333333333333333	1	0.0166166607911388	0.0166166607911388	-0.0117857094321932	-0.0117857094321932	False	False	0.08189453694984193	2.669894619460319	0.5433352077633024	0.12048493133522198	69	219.0	299	0	1	True		True	True	False	manual_review_required	unresolved_or_not_curated	False	Tier_4_not_prioritized
etomidate	etomidate	BRD-A54880345	3	2	HEPG2;PHH	0.189117331109527	0.08991838683788145	0.2381105449582849	0.1923187635838985	0.1923187635838985	0.3121716815623499	-0.4698865864544161	0.3333333333333333	1	0.189117331109527	0.189117331109527	0.1923187635838985	0.1923187635838985	False	False	0.07722838833514187	2.661834306186613	1.8530080550657204	1.8135227538224685	70	46.0	49	5	1	True		True	True	False	manual_review_required	unresolved_or_not_curated	False	Tier_4_not_prioritized
vardenafil	vardenafil	BRD-K13926615	3	2	HEPG2;PHH	0.0583555524547894	-0.030367114891608545	0.0321928582021168	0.0919474642723798	-0.1061562448740005	0.1787832309270189	-0.2049482877011455	0.3333333333333333	1	0.0583555524547894	0.0583555524547894	-0.1061562448740005	-0.1061562448740005	False	False	0.07630908707644614	2.6602463035853554	0.17367261810669943	0.5909793651480333	71	208.0	225	0	1	True	23581791	True	True	False	manual_review_required	unresolved_or_not_curated	False	Tier_4_not_prioritized
acarbose	acarbose	BRD-A16444946;BRD-K44276885	4	2	HEPG2;PHH	0.061346439437733755	-0.2485645696934726	-0.0634572207927704	0.14882523752748958	-0.0634572207927704	-0.06369813224152909	-0.8175086941318734	0.5	2	0.061346439437733755	0.0930002334838112	-0.07112999792609896	0.015522740382168998	False	True	-0.4724524793074658	2.656516419773808	0.16700981734042006	-0.0720004847717271	72	213.0	304	0	1	True	41774;444254	True	True	True	manual_review_required	unresolved_or_not_curated	False	Tier_4_not_prioritized
losartan	losartan	BRD-K76205745	3	2	HEPG2;PHH	0.1422083328167597	-0.0529914674245649	0.1934285759925842	-0.0046187471598386	-0.0046187471598386	0.2296851264933745	-0.3463152730467892	0.3333333333333333	1	0.1422083328167597	0.1422083328167597	-0.0046187471598386	-0.0046187471598386	False	False	0.05652748996997989	2.6260755381643754	0.6267963764727986	1.0629890763782037	73	103.0	223	0	1	True	3961;73707547	True	True	False	manual_review_required	unresolved_or_not_curated	False	Tier_4_not_prioritized
yohimbine	yohimbine	BRD-A51410489;BRD-A87445400	4	2	HEPG2;PHH	-0.09668749777807129	-0.27205730022655594	0.41556009011609213	0.309143727645278	0.2855062490063054	0.2283138586171267	0.19198131632237206	0.25	2	-0.2673694458272722	0.0739944502711296	0.2839624807238579	0.2870500172887529	True	False	0.32430451677831273	2.6165331397493663	2.971181904432619	-1.1683834384702905	74	83.0	277	1	1	True	2866;7059505	True	True	True	manual_review_required	unresolved_or_not_curated	False	Tier_4_not_prioritized
niguldipine	niguldipine	BRD-A43331270;BRD-A62336480	3	2	HEPG2;PHH	0.1247684756914774	-0.10993349906574525	0.2394519448280334	0.1012627510353922	0.1012627510353922	0.2517397842843026	-0.41046856448335184	0.3333333333333333	2	0.1247684756914774	0.13290080363448292	-0.09967239759862423	0.1012627510353922	False	True	0.046505502042626684	2.6087635386997046	1.3518285310947338	0.7720378333437937	75	80.0	135	0	1	True	1236;71317558	True	True	True	manual_review_required	unresolved_or_not_curated	False	Tier_4_not_prioritized
f-1061-0166	F-1061-0166	BRD-A75931230	3	2	HEPG2;PHH	0.188827596604824	-0.1290748551901844	0.0551925557000296	0.0870199128985405	0.0551925557000296	0.0975877035941396	-0.11237269042739795	0.3333333333333333	1	0.188827596604824	0.188827596604824	0.0551925557000296	0.0551925557000296	False	False	0.04140135838044062	2.5999466320153335	0.6405233019644404	1.126819638365938	76	96.0	137	0	0	True	3646984	True	True	False	manual_review_required	unresolved_or_not_curated	False	Tier_4_not_prioritized
emf-sumo1-10	EMF-sumo1-10	BRD-A80788753	3	2	HEPG2;PHH	-0.0825536770539151	-0.17197208758443588	0.2301168856876237	0.2208962012082338	0.1770792342722416	0.0284526029542561	0.02273223143337025	0.3333333333333333	1	-0.0825536770539151	-0.0825536770539151	0.1770792342722416	0.1770792342722416	False	False	0.03981871867094123	2.5972127774146068	1.8755526661235435	-0.7639156166773059	77	176.0	331	0	0	True	24761501	True	True	False	manual_review_required	unresolved_or_not_curated	False	Tier_4_not_prioritized
ro-04-6790	Ro-04-6790	BRD-K43290182	3	2	HEPG2;PHH	0.4211833419071303	0.39128056127164096	-0.2883500116212027	0.1345937363803386	-0.2883500116212027	0.0827770875027729	-0.08817413543897959	0.3333333333333333	1	0.4211833419071303	0.4211833419071303	-0.2883500116212027	-0.2883500116212027	False	False	0.03869001978328311	2.5952630609830414	-1.123268103801151	4.258041552845558	78	51.0	188	2	1	True		True	True	False	manual_review_required	unresolved_or_not_curated	False	Tier_4_not_prioritized
prednisone	prednisone	BRD-A62525898	3	2	HEPG2;PHH	0.4679000046518113	0.36816012290202904	0.0216071467314447	-0.106774996034801	-0.106774996034801	0.2651535859479317	-0.4677128060942606	0.3333333333333333	1	0.4679000046518113	0.4679000046518113	-0.106774996034801	-0.106774996034801	False	False	0.03129718290080141	2.5824926616291757	-0.45364647067473746	4.488126371972259	79	31.0	112	3	1	True	40469477	True	True	False	manual_review_required	unresolved_or_not_curated	False	Tier_4_not_prioritized
stk-249718	STK-249718	BRD-K81142122	11	3	HEPG2;HUH7;PHH	-0.0874331403109762	-0.2110995149446858	0.6387470343283245	0.3268000055104494	0.3056777156889438	0.4484110074856924	0.1592476463374046	0.18181818181818182	1	-0.0874331403109762	-0.0874331403109762	0.3056777156889438	0.3056777156889438	False	False	0.5280348306543947	2.582192865205811	3.74280352389874	-0.9178571333294507	80	36.0	197	3	0	True	906542	True	True	False	manual_review_required	unresolved_or_not_curated	False	Tier_4_not_prioritized
amoxapine	amoxapine	BRD-K02265150	3	2	HEPG2;PHH	0.4839423899021413	0.1838754220969147	0.0060764742749077	0.1598120564594864	-0.2796495908073017	0.1776146902850576	-0.3179664307769152	0.3333333333333333	1	0.4839423899021413	0.4839423899021413	-0.2796495908073017	-0.2796495908073017	False	False	0.018631474896599998	2.560613895482396	-0.14541523598087663	4.01567660471768	81	8.0	44	5	1	True		True	True	False	manual_review_required	unresolved_or_not_curated	False	Tier_4_not_prioritized
tyrphostin-a9	tyrphostin-A9	BRD-K40255344	14	3	HEPG2;HUH7;PHH	0.03863028643859755	-0.20312871018217665	0.2712329019393239	0.16543418448418376	0.0418050826992839	0.18542972612305586	-0.04283207156399764	0.2857142857142857	1	0.03863028643859755	0.03863028643859755	0.0418050826992839	0.0418050826992839	False	False	0.16401369034105703	2.541975444227168	1.4865554360121775	-0.0769515465355694	82	91.0	156	0	1	True	5614	True	True	False	manual_review_required	unresolved_or_not_curated	False	Tier_4_not_prioritized
brd-k86574132	BRD-K86574132	BRD-K86574132	13	3	HEPG2;HUH7;PHH	0.0528600513935089	-0.086718665021989	0.3116611753191267	0.026625758036971	0.026625758036971	0.1685186446393056	-0.158075930757655	0.3076923076923077	1	0.0528600513935089	0.0528600513935089	0.026625758036971	0.026625758036971	False	False	0.0894806792604781	2.5377371187603726	1.1536061905544965	0.3791877248759756	83	115.0	283	0	0	True	7326481	False	False	False	manual_review_required	unresolved_or_not_curated	False	Tier_4_not_prioritized
anandamide	anandamide	BRD-K78280988;BRD-K87905482	3	2	HEPG2;PHH	0.0186972104840808	-0.0623624992246429	0.2497928653444562	-0.1124564250931143	-0.1124564250931143	0.0830396606867748	-0.17027341790260775	0.3333333333333333	2	0.0186972104840808	0.09335399243152806	-0.17879696330055592	0.2497928653444562	False	True	-0.0020970482645290695	2.524807408339315	0.1970034999165231	0.23422522996068207	84	244.0	460	0	1	True	5281969	True	True	True	manual_review_required	unresolved_or_not_curated	False	Tier_4_not_prioritized
dup-697	DUP-697	BRD-K06221026	3	2	HEPG2;PHH	-0.1778057279686133	-0.19612324010166854	0.1109714436211756	0.1682166727259755	0.1109714436211756	0.0092629635085662	-0.032791865276291	0.3333333333333333	1	-0.1778057279686133	-0.1778057279686133	0.1109714436211756	0.1109714436211756	False	False	-0.0071329691295793	2.516108349833973	1.192732551335019	-1.4559848494562457	85	380.0	475	0	1	True		True	True	False	manual_review_required	unresolved_or_not_curated	False	Tier_4_not_prioritized
vecuronium	vecuronium	BRD-K20168442;BRD-K61341215	3	2	HEPG2;PHH	0.0359042808413505	0.008864060044288649	0.1094444394111633	0.0030776187777519	0.0030776187777519	0.0921653099358081	-0.21837432868778708	0.3333333333333333	2	0.0359042808413505	0.1479713693261147	-0.1560038570314646	0.0030776187777519	False	True	-0.017021854408085443	2.499026272117591	0.41842247674247934	0.5683397549285635	86	234.0	326	0	1	True	28280238;39764;57369718	True	True	True	manual_review_required	unresolved_or_not_curated	False	Tier_4_not_prioritized
mdl-29951	MDL-29951	BRD-K59753853	3	2	HEPG2;PHH	-0.0849031429323885	-0.21842379805942375	0.4516857266426086	-0.0786687582731247	-0.0786687582731247	0.0389714133408334	-0.12223384653528532	0.3333333333333333	1	-0.0849031429323885	-0.0849031429323885	-0.0786687582731247	-0.0786687582731247	False	False	-0.022145509926809262	2.490175660618129	0.9880291055261068	-0.9243852747724035	87	215.0	498	0	1	True		True	True	False	manual_review_required	unresolved_or_not_curated	False	Tier_4_not_prioritized
diclofenac	diclofenac	BRD-K08252256	3	2	HEPG2;PHH	0.041723178492652	-0.11491942509180969	0.1073508337140083	0.1205092323943972	0.0668724961578846	0.0536795780062675	-0.16200937658903145	0.3333333333333333	1	0.041723178492652	0.041723178492652	0.0668724961578846	0.0668724961578846	False	False	-0.027325110288248224	2.4812284098995656	0.9264545723795481	0.21891291238735455	88	174.0	191	0	1	True		True	True	False	manual_review_required	unresolved_or_not_curated	False	Tier_4_not_prioritized
brd-k55149044	BRD-K55149044	BRD-K55149044	12	3	HEPG2;HUH7;PHH	0.0266963589108652	-0.10547555610537528	0.07975884846278594	0.06125695724040265	0.014380385833127101	0.09806397433082259	-0.2726092328140069	0.3333333333333333	1	0.0266963589108652	0.0266963589108652	0.014380385833127101	0.014380385833127101	False	False	-0.03824064207618086	2.4623729012081683	0.5325247770140706	0.1511802892916524	89	225.0	270	0	0	True	54654201	False	False	False	manual_review_required	unresolved_or_not_curated	False	Tier_4_not_prioritized
brd-a57107094	BRD-A57107094	BRD-A57107094	3	2	HEPG2;PHH	-0.0616831580797831	-0.07776750417219265	0.0153008944221905	0.2154663894325494	0.0153008944221905	0.0514969129617961	-0.18130376332232526	0.3333333333333333	1	-0.0616831580797831	-0.0616831580797831	0.0153008944221905	0.0153008944221905	False	False	-0.03915496869936653	2.4607934918009864	0.8031959518534726	-0.33423238673972744	90	283.0	355	0	0	True	2864482	False	False	False	manual_review_required	unresolved_or_not_curated	False	Tier_4_not_prioritized
f-1566-0341	F-1566-0341	BRD-K69852452	3	2	HEPG2;PHH	0.0901090842154291	0.0519222817901108	-0.076499866587775	0.3667569290846586	-0.076499866587775	0.1204878155822082	-0.3357080670354504	0.3333333333333333	1	0.0901090842154291	0.0901090842154291	-0.076499866587775	-0.076499866587775	False	False	-0.04736621793551701	2.4466093655167658	0.7461640090792185	1.0538450943066282	91	113.0	283	1	0	True	5056826	True	True	False	manual_review_required	unresolved_or_not_curated	False	Tier_4_not_prioritized
donepezil	donepezil	BRD-A49160188	3	2	HEPG2;PHH	-0.0541444561547703	-0.1072079844565855	0.0532142860548836	0.0463518602773547	0.0463518602773547	0.0368958591069612	-0.2013877059724773	0.3333333333333333	1	-0.0541444561547703	-0.0541444561547703	0.0463518602773547	0.0463518602773547	False	False	-0.06379799387927745	2.418225087027907	0.49041065628378344	-0.37750130567466544	92	348.0	381	0	1	True		True	True	False	manual_review_required	unresolved_or_not_curated	False	Tier_4_not_prioritized
nsc-95397	NSC-95397	BRD-K68143200	12	3	HEPG2;HUH7;PHH	-0.3408960566545526	-0.4897496360944286	0.27973429858684534	0.4042212422937155	0.27907285759491574	0.2644436817379698	-0.11016286619650635	0.25	1	-0.3408960566545526	-0.3408960566545526	0.27907285759491574	0.27907285759491574	False	False	0.2093622486397166	2.4179816648416375	2.8329028196230777	-3.4298488720651568	93	341.0	535	0	1	True	262093	True	True	False	manual_review_required	unresolved_or_not_curated	False	Tier_4_not_prioritized
brd-k67808578	BRD-K67808578	BRD-K67808578	3	2	HEPG2;PHH	0.0772457176612483	0.047548207557863646	0.1494616945939404	-0.0341317877173423	-0.0341317877173423	0.0027655499381205	-0.14405130065741045	0.3333333333333333	1	0.0772457176612483	0.0772457176612483	-0.0341317877173423	-0.0341317877173423	False	False	-0.06926010039058472	2.408789834692226	0.33161355975306717	0.9569050339045364	94	187.0	321	0	0	True	768699	False	False	False	manual_review_required	unresolved_or_not_curated	False	Tier_4_not_prioritized
rofecoxib	rofecoxib	BRD-K21733600	3	2	HEPG2;PHH	0.0101277733014689	-0.01749274051851695	-0.0177124898348535	0.3625435139983892	-0.0177124898348535	0.1007335229909845	-0.3631926685763849	0.3333333333333333	1	0.0101277733014689	0.0101277733014689	-0.0177124898348535	-0.0177124898348535	False	False	-0.08086281129720795	2.3887472915899775	1.0597272491124086	0.3190723169317399	95	137.0	310	1	1	True		True	True	False	manual_review_required	unresolved_or_not_curated	False	Tier_4_not_prioritized
l-689560	L-689560	BRD-A28422058;BRD-K74284736	3	2	HEPG2;PHH	0.1122090506056944	-0.004252975806593909	0.1020781014646802	0.0496514765545725	-0.0295730307698249	-0.0619949929874449	-0.08686486183340465	0.3333333333333333	2	-0.1207150022188822	0.16062034894194865	-0.0726216730129506	-0.0295730307698249	True	False	-0.10542742390414722	2.3463143368325183	0.4520959016094278	1.021223865313896	96	131.0	194	0	1	True	4267713;6604749	True	True	True	manual_review_required	unresolved_or_not_curated	False	Tier_4_not_prioritized
gw-441756	GW-441756	BRD-K04146668;BRD-K28178212	3	2	HEPG2;PHH	-0.091814962733123	-0.3395650896968113	0.2192652715103966	0.1293075203429907	0.1293075203429907	-0.0319558066567258	-0.1658827420915403	0.3333333333333333	2	-0.3395650896968113	0.158680013484425	0.10872217547148465	0.1293075203429907	True	False	-0.11489717770249595	2.3299562675676238	1.447075334776136	-1.3479525523843123	97	248.0	366	0	1	True	22228376;9943465	True	True	True	manual_review_required	unresolved_or_not_curated	False	Tier_4_not_prioritized
selamectin	selamectin	BRD-A58564983	3	2	HEPG2;PHH	0.2182166584146519	0.1654057076149102	-0.0581500040633337	-0.0658499971032142	-0.2113562393933534	-0.0365874822591505	-0.17304790337451748	0.3333333333333333	1	0.2182166584146519	0.2182166584146519	-0.2113562393933534	-0.2113562393933534	False	False	-0.12311143394640923	2.315766946972937	-0.837315979020576	2.237937222557804	98	164.0	285	0	1	True		True	True	False	manual_review_required	unresolved_or_not_curated	False	Tier_4_not_prioritized
chlorpromazine	chlorpromazine	BRD-K89997465	4	2	HEPG2;PHH	-0.031446277681324256	-0.2727690256304211	0.1434324362448284	0.23111665993928904	0.016663862658398504	0.22794996302885306	-0.1575964607800993	0.25	1	-0.031446277681324256	-0.031446277681324256	0.016663862658398504	0.016663862658398504	False	False	0.1491517326388034	2.313973914250518	1.2365252490332013	-0.748317703900366	99	166.0	267	0	1	True	15491403;160588;165214;70413	True	True	False	manual_review_required	unresolved_or_not_curated	False	Tier_4_not_prioritized
aminoglutethimide	aminoglutethimide	BRD-A25234499	4	2	HEPG2;PHH	0.11883388025065256	0.03372639169295623	0.06455921701022556	0.1679568737745285	-0.09778706543147565	0.15475819922525375	-0.05096712110504978	0.25	1	0.11883388025065256	0.11883388025065256	-0.09778706543147565	-0.09778706543147565	False	False	0.12927463867272887	2.2796381873873166	0.519079918227091	1.1828725660813166	100	111.0	146	0	1	True		True	True	False	manual_review_required	unresolved_or_not_curated	False	Tier_4_not_prioritized
lovastatin	lovastatin	BRD-A70155556;BRD-K09416995	4	2	HEPG2;PHH	0.008404212693373346	-0.1066932882596221	0.398381592971938	-0.09800497069954864	-0.09800497069954864	0.15585533352125253	-0.060685859941360054	0.25	2	-0.0722854948706097	0.0890939202573564	-0.1148810870945453	-0.081128854304552	True	False	0.1255124035505725	2.2731392958607195	0.7213944284868496	0.02897138496143191	101	160.0	455	0	1	True	3565209;53232;7048568	True	True	True	manual_review_required	unresolved_or_not_curated	False	Tier_4_not_prioritized
resorcinol	resorcinol	BRD-K85603128	3	2	HEPG2;PHH	0.2053333272536595	0.06698197548070714	-0.0856500055108751	0.0517062507569789	-0.0963687552139163	0.1014569237059543	-0.5075037153252948	0.3333333333333333	1	0.2053333272536595	0.2053333272536595	-0.0963687552139163	-0.0963687552139163	False	False	-0.1522949339566931	2.265355318040883	-0.2738846309664677	1.8467592538120416	102	130.0	222	0	1	True		True	True	False	manual_review_required	unresolved_or_not_curated	False	Tier_4_not_prioritized
erythromycin-ethylsuccinate	erythromycin-ethylsuccinate	BRD-K51677086	3	2	HEPG2;PHH	0.0154139010442627	-0.002010880038142199	0.1569097765854426	0.2610513232648372	-0.0276862420141696	0.0384963053086447	-0.43043247783290495	0.3333333333333333	1	0.0154139010442627	0.0154139010442627	-0.0276862420141696	-0.0276862420141696	False	False	-0.17671993360780777	2.223163530947366	1.2528342148074376	0.4017025194113042	103	113.0	178	0	1	True		True	True	False	manual_review_required	unresolved_or_not_curated	False	Tier_4_not_prioritized
nu-1025	NU-1025	BRD-K48692744	3	2	HEPG2;PHH	0.0414234018988079	-0.14026172283209032	0.1775146153356347	0.170402854681015	0.170402854681015	0.0742884648387276	-0.5074268793724181	0.3333333333333333	1	0.0414234018988079	0.0414234018988079	0.170402854681015	0.170402854681015	False	False	-0.1794249748474815	2.2184908379813995	1.550261767971945	0.13772301228124342	104	120.0	157	0	1	True	63306	True	True	False	manual_review_required	unresolved_or_not_curated	False	Tier_4_not_prioritized
pizotifen	pizotifen	BRD-K75958195	3	2	HEPG2;PHH	0.0167027790513303	-0.0958765467318396	0.0898785750780786	-0.0553250107914209	-0.0553250107914209	-0.0694758169471271	-0.2200618020613633	0.3333333333333333	1	0.0167027790513303	0.0167027790513303	-0.0553250107914209	-0.0553250107914209	False	False	-0.17950671797780876	2.2183496347551808	0.03590466073611885	0.11651181899787395	105	306.0	412	0	1	True		True	True	False	manual_review_required	unresolved_or_not_curated	False	Tier_4_not_prioritized
ranitidine	ranitidine	BRD-K14204120;BRD-K30816563;BRD-K70505054	7	2	HEPG2;PHH	0.1589276064187288	-0.03669304897387825	-0.0011714398860931	-0.0042624957859516	-0.0042624957859516	0.0710325974320608	-0.19416627457868008	0.2857142857142857	3	-0.036693048973878255	0.2266532749765449	-0.1648139674216509	0.20427901936428886	True	True	-0.02605053985727923	2.213658160740311	0.04700761279350765	1.2221769136209404	106	166.0	234	0	1	True	3033332;6603542	True	True	True	manual_review_required	unresolved_or_not_curated	False	Tier_4_not_prioritized
ipratropium	ipratropium	BRD-A05352148;BRD-A07029265	4	2	HEPG2;PHH	-0.04700364420811336	-0.10536534816492348	0.22581508968557623	0.0691254609264433	0.0691254609264433	0.06947955172435036	0.02541128390039945	0.25	2	-0.0752239359749688	0.0134444518221749	0.0623634178191423	0.0758875040337443	True	False	0.08218519367455009	2.198295797782641	1.1327590073444032	-0.32551824642676425	107	218.0	343	0	1	True	5702074	True	True	True	manual_review_required	unresolved_or_not_curated	False	Tier_4_not_prioritized
calmidazolium	calmidazolium	BRD-A26199074;BRD-A98283014	4	2	HEPG2;PHH	-0.0657458211709228	-0.3425738532354848	0.7177800408431462	0.2066021033097058	0.06417789682745936	0.1766305441362044	-0.20530332107603225	0.25	2	-0.49411405638481176	0.09874972990817485	0.034862544387578936	0.06417789682745936	True	False	0.07397888359818829	2.1841202034116733	3.001843559478051	-1.1886218895612242	108	35.0	217	3	1	True	2531;644274	True	True	True	manual_review_required	unresolved_or_not_curated	False	Tier_4_not_prioritized
cilostazol	cilostazol	BRD-K67017579	3	2	HEPG2;PHH	-0.3803277694516712	-0.40140138525101876	0.0974049695900508	0.2518187537789345	0.0809855386614799	0.010232598712993	-0.43942146281164796	0.3333333333333333	1	-0.3803277694516712	-0.3803277694516712	0.0809855386614799	0.0809855386614799	False	False	-0.20947813269283097	2.1665769605848455	1.3253858482328806	-3.408801833791669	109	515.0	563	0	1	True		True	True	False	manual_review_required	unresolved_or_not_curated	False	Tier_4_not_prioritized
l-694247	L-694247	BRD-K18816859	3	2	HEPG2;PHH	0.0025626487202114	-0.0013732941200336	0.0136625937053135	0.313784446567297	0.0136625937053135	0.1584142831760266	-0.7791131533061466	0.3333333333333333	1	0.0025626487202114	0.0025626487202114	0.0136625937053135	0.0136625937053135	False	False	-0.2311422934770467	2.129154251376101	1.088032609946053	0.32051315364580085	110	152.0	281	0	1	True	132059	True	True	False	manual_review_required	unresolved_or_not_curated	False	Tier_4_not_prioritized
ambroxol	ambroxol	BRD-K56558538	3	2	HEPG2;PHH	0.2222777725093894	0.214442616328597	-0.0382571262972695	0.0598500110208988	-0.1124999905005097	0.062538120629532	-0.5921724128522098	0.3333333333333333	1	0.2222777725093894	0.2222777725093894	-0.1124999905005097	-0.1124999905005097	False	False	-0.23354808579657288	2.1249984815179004	-0.1491284051159114	2.4175703242393984	111	107.0	181	0	1	True		True	True	False	manual_review_required	unresolved_or_not_curated	False	Tier_4_not_prioritized
flunarizine	flunarizine	BRD-K12184470;BRD-K29582677	4	2	HEPG2;PHH	0.016875274686349702	-0.037743605052431475	0.009805959516337948	0.2599247766193002	0.009805959516337948	0.12731326343528626	-0.180971442281993	0.25	2	-0.06233581445283365	0.016875274686349702	-0.22953023635117076	0.1236244482653482	True	True	0.036827542294289764	2.1199449115008244	0.9056196927134785	0.2994195721880898	112	171.0	266	0	1	True	941361	True	True	True	manual_review_required	unresolved_or_not_curated	False	Tier_4_not_prioritized
enzastaurin	enzastaurin	BRD-K79404599	4	2	HEPG2;PHH	0.004051306284964051	-0.009871172822184025	0.23823925746338703	0.02584421588107945	0.02584421588107945	0.13421869240257706	-0.2285340828821063	0.25	1	0.004051306284964051	0.004051306284964051	0.02584421588107945	0.02584421588107945	False	False	0.019951650961523903	2.0907934673126607	0.9297720546140871	0.30357463343573693	113	186.0	337	0	1	True	176167	True	True	False	manual_review_required	unresolved_or_not_curated	False	Tier_4_not_prioritized
fluspirilene	fluspirilene	BRD-K77947974	4	2	HEPG2;PHH	0.18745578928954068	0.0386627407537566	0.29460991865822245	0.15539875114336604	-0.009577518794685595	0.07601588686543795	-0.1202729018201815	0.25	1	0.18745578928954068	0.18745578928954068	-0.009577518794685595	-0.009577518794685595	False	False	0.0158794359553472	2.0837591159925455	1.39497438107134	1.642483176627667	114	45.0	57	4	1	True		True	True	False	manual_review_required	unresolved_or_not_curated	False	Tier_4_not_prioritized
pd-98059	PD-98059	BRD-K62810658	15	3	HEPG2;HUH7;PHH	0.1907580314307577	-0.02452077840765315	-0.0880605493273053	0.0270988903939723	-0.0880605493273053	0.1363905665154258	-0.40278988863740645	0.26666666666666666	1	0.1907580314307577	0.1907580314307577	-0.0880605493273053	-0.0880605493273053	False	False	-0.06500437780327742	2.0384604552391496	-0.3333986631200688	1.4662726192203226	115	159.0	257	0	1	True	4713	True	True	False	manual_review_required	unresolved_or_not_curated	False	Tier_4_not_prioritized
anagrelide	anagrelide	BRD-K62200014	3	2	HEPG2;PHH	0.0340583320293161	-0.121312752366066	0.0353430738406521	0.0766737051308155	0.0353430738406521	-0.2005577591794823	-0.2106166032275983	0.3333333333333333	1	0.0340583320293161	0.0340583320293161	0.0353430738406521	0.0353430738406521	False	False	-0.30586606079328144	2.0000762850929696	0.4994655494947473	0.14930714227319772	116	242.0	249	0	1	True		True	True	False	manual_review_required	unresolved_or_not_curated	False	Tier_4_not_prioritized
ar-a014418	AR-A014418	BRD-K67860401	14	3	HEPG2;HUH7;PHH	0.1686130728986528	-0.15294141032629538	0.08455646942768774	0.1807256182655692	0.0030922317611320003	0.0622350212541365	-0.44644210180674226	0.2857142857142857	1	0.1686130728986528	0.1686130728986528	0.0030922317611320003	0.0030922317611320003	False	False	-0.16098602964923464	1.9805703597993685	0.875142678518299	0.9213410480885031	117	70.0	106	0	1	True	448014	True	True	False	manual_review_required	unresolved_or_not_curated	False	Tier_4_not_prioritized
cucurbitacin-i	cucurbitacin-i	BRD-A28105619;BRD-A49680073	14	3	HEPG2;HUH7;PHH	0.0185860548582342	-0.073183718835935	0.1335819150720324	0.3770616529509425	-0.0246353543230465	0.24933702965813964	0.080314756958701	0.14285714285714285	2	-0.059761981997225	0.0386317695180575	-0.0251212609665734	-0.0241494476795196	True	False	0.28949440813749017	1.9494152224464267	1.5377184503485741	0.19966601932233585	118	80.0	172	1	1	True	73707401	True	True	True	manual_review_required	unresolved_or_not_curated	False	Tier_4_not_prioritized
ellipticine	ellipticine	BRD-K85985071	14	3	HEPG2;HUH7;PHH	-0.1785890776146617	-0.32896812694768107	0.4532054593520505	0.24039319250732655	0.2007471142070634	0.2144377691789515	-0.3243829674227902	0.21428571428571427	1	-0.1785890776146617	-0.1785890776146617	0.2007471142070634	0.2007471142070634	False	False	0.052246285467556386	1.9442503171488021	2.6613289360463748	-1.8764830077286048	119	147.0	409	0	1	True	3213	True	True	False	manual_review_required	unresolved_or_not_curated	False	Tier_4_not_prioritized
biperiden	biperiden	BRD-A00546892;BRD-A36471396	5	2	HEPG2;PHH	-0.0481111043029361	-0.1511277759240733	0.526809790304729	0.0560624748468399	0.0030812639743089	0.230525963111884	-0.2679344184312319	0.2	2	-0.09967082925140855	0.0228144394026862	-0.2098571423973356	0.25675000157207245	True	True	0.09655875389626806	1.9398641692681615	1.824564392188834	-0.4757931867337513	120	100.0	356	1	1	True		True	True	True	manual_review_required	unresolved_or_not_curated	False	Tier_4_not_prioritized
ran-07	RAN-07	BRD-K98381590	3	2	HEPG2;PHH	-0.39966388957368	-0.44113502837717533	0.10209635751588	0.0948694422841072	0.0948694422841072	-0.1622152339726214	-0.3999949841360961	0.3333333333333333	1	-0.39966388957368	-0.39966388957368	0.0948694422841072	0.0948694422841072	False	False	-0.36221272604066945	1.9027429570477032	0.9057271287449941	-3.6582137022177843	121	545.0	568	0	0	True	1993104	True	True	False	manual_review_required	unresolved_or_not_curated	False	Tier_4_not_prioritized
naproxen	naproxen	BRD-A87719232;BRD-K59197931	3	2	HEPG2;PHH	-0.0389486978658371	-0.1783738552799655	0.0645666952644075	0.0627458319067955	0.0090586170554161	-0.0021360417059253	-0.7266819994371857	0.3333333333333333	2	-0.0389486978658371	0.059086620807647705	-0.2754023665828364	0.0090586170554161	True	True	-0.36547704142451815	1.8971041729474485	0.4779420731363337	-0.5016899886448214	122	315.0	344	0	1	True	1302;23675324;23681059	True	True	True	manual_review_required	unresolved_or_not_curated	False	Tier_4_not_prioritized
brd-k51674646	BRD-K51674646	BRD-K51674646	12	3	HEPG2;HUH7;PHH	0.11587668913933966	-0.03716475826998543	0.14865426612751825	0.0572249570395797	-0.047177472284862	0.019481051546920654	-0.2473312417666117	0.25	1	0.11587668913933966	0.11587668913933966	-0.047177472284862	-0.047177472284862	False	False	-0.1041845693363852	1.8763603433734237	0.5689363365581936	0.9420431127570309	123	117.0	184	0	0	True	24002878	False	False	False	manual_review_required	unresolved_or_not_curated	False	Tier_4_not_prioritized
y-27152	Y-27152	BRD-K42679050	3	2	HEPG2;PHH	0.3709777891635895	0.03740496105617952	0.0940357191222054	0.0098062492907047	0.0098062492907047	-0.1587660091056947	-0.43795839440639295	0.3333333333333333	1	0.3709777891635895	0.3709777891635895	0.0098062492907047	0.0098062492907047	False	False	-0.3777452063088912	1.8759121234807863	0.4096886816123675	2.8264456006330545	124	36.0	74	4	1	True		True	True	False	manual_review_required	unresolved_or_not_curated	False	Tier_4_not_prioritized
quinidine	quinidine	BRD-K59632282;BRD-K70799801	3	2	HEPG2;PHH	0.4156777833898862	0.3520097247221403	0.1581743572439466	-0.2189562432467937	-0.2189562432467937	-0.0532065330457592	-0.6495027741387723	0.3333333333333333	2	0.3520097247221403	0.5336797212560972	-0.4829066941248519	0.1581743572439466	False	True	-0.3779579201151454	1.8755446812800278	-0.6677678382779846	4.099599001515531	125	39.0	163	3	1	True	10448938;11068;441074	True	True	True	manual_review_required	unresolved_or_not_curated	False	Tier_4_not_prioritized
fpl-64176	FPL-64176	BRD-K78959463	3	2	HEPG2;PHH	0.1126270724667443	-0.05900152358743879	-0.0616881240691457	0.0216000005602836	-0.1027513779699802	-0.123719745507789	-0.508714365691597	0.3333333333333333	1	0.1126270724667443	0.1126270724667443	-0.1027513779699802	-0.1027513779699802	False	False	-0.3780769283535875	1.8753391062409104	-0.30858391807844937	0.852721950051689	126	233.0	294	0	1	True	3423	True	True	False	manual_review_required	unresolved_or_not_curated	False	Tier_4_not_prioritized
sertraline	sertraline	BRD-K82036761	3	2	HEPG2;PHH	0.0782833447058995	-0.296919443541103	-0.179342398153884	0.2349687702953815	-0.179342398153884	-0.0255913531466845	-0.7247795647357606	0.3333333333333333	1	0.0782833447058995	0.0782833447058995	-0.179342398153884	-0.179342398153884	False	False	-0.38798113551456476	1.8582305614779642	-0.21840519762627056	-0.11358540057428029	127	211.0	396	0	1	True	6093397	True	True	False	manual_review_required	unresolved_or_not_curated	False	Tier_4_not_prioritized
escitalopram	escitalopram	BRD-K70301876	3	2	HEPG2;PHH	0.2199611133999294	0.029990481419695736	-0.0557455154401915	0.2792673502117395	-0.0557455154401915	-0.1318375063350512	-0.5198274802874834	0.3333333333333333	1	0.2199611133999294	0.2199611133999294	-0.0557455154401915	-0.0557455154401915	False	False	-0.3917512464787929	1.8517180652080047	0.5997577065807642	1.825763090364576	128	55.0	161	2	1	True		True	True	False	manual_review_required	unresolved_or_not_curated	False	Tier_4_not_prioritized
mestranol	mestranol	BRD-A14798026;BRD-K31920458	4	2	HEPG2;PHH	0.2844753735181358	0.18861248220006618	-0.1318427066185644	0.17494759708642954	-0.1318427066185644	-0.03241864396702675	-0.17385903301294003	0.25	2	0.12740554577774466	0.3531295526772737	-0.35889292189053124	0.06959080509841445	False	True	-0.11934816047349676	1.850166729536424	-0.13430713385997553	2.739386034759698	129	67.0	171	2	1	True	12598376;6291;7076513	True	True	True	manual_review_required	unresolved_or_not_curated	False	Tier_4_not_prioritized
nifedipine	nifedipine	BRD-K96354014	3	2	HEPG2;PHH	0.1517639503710799	-0.06705791027181682	-0.0654917444501604	0.0736135002225637	-0.0654917444501604	-0.2452728061803749	-0.3126646579420638	0.3333333333333333	1	0.1517639503710799	0.1517639503710799	-0.0654917444501604	-0.0654917444501604	False	False	-0.4016051351514068	1.834696440689817	-0.06912675431714868	1.0808523213042316	130	167.0	230	0	1	True	4485	True	True	False	manual_review_required	unresolved_or_not_curated	False	Tier_4_not_prioritized
brd-k80045183	BRD-K80045183	BRD-K80045183	12	3	HEPG2;HUH7;PHH	-0.11138952585558096	-0.2821749941859808	0.3061893747321196	0.41681995894759893	0.18933772428759504	0.13716372880818584	0.006066090782128573	0.16666666666666666	1	-0.11138952585558096	-0.11138952585558096	0.18933772428759504	0.18933772428759504	False	False	0.1401967741992501	1.826404200776274	2.720061666158326	-1.2951859716151257	131	96.0	303	0	0	True	54654296	False	False	False	manual_review_required	unresolved_or_not_curated	False	Tier_4_not_prioritized
amsacrine	amsacrine	BRD-K98490050	3	2	HEPG2;PHH	-0.1029638983309269	-0.1130041669950717	0.2129999973944255	-0.139624997973442	-0.139624997973442	-0.1911730150884342	-0.43539434574573993	0.3333333333333333	1	-0.1029638983309269	-0.1029638983309269	-0.139624997973442	-0.139624997973442	False	False	-0.40887018796130414	1.8221467757663066	-0.06372490035291394	-0.7116239415870689	132	418.0	523	0	1	True		True	True	False	manual_review_required	unresolved_or_not_curated	False	Tier_4_not_prioritized
vorinostat	vorinostat	BRD-K81418486	30	3	HEPG2;HUH7;PHH	-0.0021582591450876494	-0.17225439546422822	0.11753183124320844	0.2564468802884221	-0.0041988393557923	0.0445865483008443	-0.2705724855130981	0.23333333333333334	1	-0.0021582591450876494	-0.0021582591450876494	-0.0041988393557923	-0.0041988393557923	False	False	-0.09069969445570475	1.8052339592921758	1.181441245108965	-0.24441738522661255	133	135.0	223	0	1	True		True	True	False	manual_review_required	unresolved_or_not_curated	False	Tier_4_not_prioritized
thioperamide	thioperamide	BRD-A85424553;BRD-K63874012	4	2	HEPG2;PHH	0.11462003458291284	-0.028325854697161295	0.06933359163148055	0.12438530847430225	-0.09095936747533935	-0.0861232410746789	-0.16945976882966024	0.25	2	0.022848485141164707	0.11462003458291284	-0.09095936747533935	0.0183567740023136	False	True	-0.17085312548950904	1.7611969629343822	0.42056319961659294	0.9615497757119956	134	125.0	149	0	1	True	3035905;6713984	True	True	True	manual_review_required	unresolved_or_not_curated	False	Tier_4_not_prioritized
ezetimibe	ezetimibe	BRD-A41519720	3	2	HEPG2;PHH	-0.0482021930317084	-0.0625649835500452	0.7706999672310693	0.3016187567263841	0.2945428660937718	0.4723777618436586	0.34676539959267727	0.0	1	-0.0482021930317084	-0.0482021930317084	0.2945428660937718	0.2945428660937718	False	False	0.6457604616399972	1.7555139929892387	4.033512798365034	-0.1994324281430613	135	12.0	129	3	1	True	150311	True	True	False	translation_review	metabolic translation anchor; dual-axis consistency review required	False	Tier_4_not_prioritized
brd-k08438429	BRD-K08438429	BRD-K08438429	3	2	HEPG2;PHH	0.2291484392351574	0.07659703120589254	0.8621418731553214	-0.061602659523487	-0.061602659523487	0.5227660044125977	0.23481488744876106	0.0	1	0.2291484392351574	0.2291484392351574	-0.061602659523487	-0.061602659523487	False	False	0.6401734481369782	1.745862976097731	2.309790538106599	2.03097685158098	136	11.0	187	4	0	True	9893924	False	False	False	manual_review_required	unresolved_or_not_curated	False	Tier_4_not_prioritized
saracatinib	saracatinib	BRD-K19540840	3	2	HEPG2;PHH	0.2258413607875506	0.1242338307201862	-0.21663612978799	-0.0131153110414743	-0.21663612978799	-0.2104390554928354	-0.4901432757088471	0.3333333333333333	1	0.2258413607875506	0.2258413607875506	-0.21663612978799	-0.21663612978799	False	False	-0.4555106933472589	1.7415798852325568	-1.1669735518593898	2.15853896638821	137	206.0	344	0	1	True	10302451	True	True	False	manual_review_required	unresolved_or_not_curated	False	Tier_4_not_prioritized
brd-k71701252	BRD-K71701252	BRD-K71701252	12	3	HEPG2;HUH7;PHH	-0.07763417313496271	-0.19334318644056717	0.042523017419236	0.2608034401200712	0.03486085789544235	0.11138266836485215	-0.05898451074839582	0.16666666666666666	1	-0.07763417313496271	-0.07763417313496271	0.03486085789544235	0.03486085789544235	False	False	0.08189041299065425	1.7256856905019655	1.070160444517796	-0.7989037248753007	138	257.0	358	0	0	True	6626036	False	False	False	manual_review_required	unresolved_or_not_curated	False	Tier_4_not_prioritized
amcinonide	amcinonide	BRD-A36010170	3	2	HEPG2;PHH	-0.0188425834445903	-0.08804628694067805	0.0101428500243595	0.1617187424562871	0.0101428500243595	-0.059862051111099	-0.8207826891817921	0.3333333333333333	1	-0.0188425834445903	-0.0188425834445903	0.0101428500243595	0.0101428500243595	False	False	-0.47025339570199504	1.716113315413968	0.6138975520122039	-0.08907863465637311	139	266.0	314	0	1	True	2133;40469418	True	True	False	manual_review_required	unresolved_or_not_curated	False	Tier_4_not_prioritized
pik-75	PIK-75	BRD-K49371609;BRD-M16762496	3	2	HEPG2;PHH	-0.6439034529030323	-0.7492872590406073	0.7192571374720761	1.1666482165455818	0.7192571374720761	0.5370622043098722	0.16902146587473532	0.0	2	-0.6439034529030323	-0.5896133100613952	0.6390722329462213	1.1666482165455818	False	False	0.6215729372472398	1.7137324210721274	7.5524295894438005	-6.202762725440365	140	70.0	564	2	1	True	10275789;73707389	True	True	False	manual_review_required	unresolved_or_not_curated	False	Tier_4_not_prioritized
nsc-663284	NSC-663284	BRD-K03109492	12	3	HEPG2;HUH7;PHH	0.023535651723957753	-0.3756217869619528	0.04309075432164325	0.2362116882577538	-0.02309860927718025	0.164993705202101	-0.19759817366739582	0.16666666666666666	1	0.023535651723957753	0.023535651723957753	-0.02309860927718025	-0.02309860927718025	False	False	0.06619461836840308	1.698572747434416	0.8500458808947711	-0.7140697451909381	141	157.0	245	0	1	True		True	True	False	manual_review_required	unresolved_or_not_curated	False	Tier_4_not_prioritized
brd-k63350243	BRD-K63350243	BRD-K63350243	3	2	HEPG2;PHH	-0.0111261517223384	-0.34226919534719646	0.0462811376367296	0.1407853718847036	-0.1599807813763618	-0.2769529889485548	-0.41341274105648085	0.3333333333333333	1	-0.0111261517223384	-0.0111261517223384	-0.1599807813763618	-0.1599807813763618	False	False	-0.4836593594767952	1.6929558301550498	0.22407903533881574	-0.8341286130733976	142	249.0	281	0	0	True	2989846	False	False	False	manual_review_required	unresolved_or_not_curated	False	Tier_4_not_prioritized
guanabenz	guanabenz	BRD-K67847053	3	2	HEPG2;PHH	0.1201925203204155	0.08982662773794595	-0.1185535117983818	-0.1858939677476883	-0.1858939677476883	-0.169842974593242	-0.6276845692080402	0.3333333333333333	1	0.1201925203204155	0.1201925203204155	-0.1858939677476883	-0.1858939677476883	False	False	-0.4836852591972621	1.6929110909326415	-1.3116244724620296	1.367101356062696	143	377.0	465	0	1	True		True	True	False	manual_review_required	unresolved_or_not_curated	False	Tier_4_not_prioritized
brd-k41878610	BRD-K41878610	BRD-K41878610	12	3	HEPG2;HUH7;PHH	-0.0187509680787722	-0.18756924890395665	0.12386400359017505	0.30939517077058554	0.0563846534517194	-0.053078167462011855	-0.32604086680322997	0.25	1	-0.0187509680787722	-0.0187509680787722	0.0563846534517194	0.0563846534517194	False	False	-0.21609860086362684	1.6830398496816652	1.5136702768380605	-0.39971022961316605	144	125.0	231	0	0	True	54654300	False	False	False	manual_review_required	unresolved_or_not_curated	False	Tier_4_not_prioritized
brd-k35860134	BRD-K35860134	BRD-K35860134	18	3	HEPG2;HUH7;PHH	-0.19528228303210599	-0.5899798002921872	0.12661340566618096	0.3350094039924443	0.01392391776399945	0.043078878717053445	-0.4121724154415822	0.2222222222222222	1	-0.19528228303210599	-0.19528228303210599	0.01392391776399945	0.01392391776399945	False	False	-0.16300732900373766	1.617382837961427	1.4898255794727082	-2.8007605344305357	146	302.0	468	0	0	True	54646517	False	False	False	manual_review_required	unresolved_or_not_curated	False	Tier_4_not_prioritized
trichostatin-a	trichostatin-a	BRD-A19037878;BRD-K68202742	39	3	HEPG2;HUH7;PHH	-0.0237501710653305	-0.2139238673779699	0.1168928486960274	0.2599839083850384	0.0021279752254486	0.1370600650589617	-0.4945032378817569	0.20512820512820512	2	-0.0245505407866504	0.1848079359365834	-0.29032315313816065	0.0292870210749762	True	True	-0.11019155388191673	1.611775689439398	1.2062927170353202	-0.5144841289120129	147	154.0	255	0	1	True	444732	True	True	True	manual_review_required	unresolved_or_not_curated	False	Tier_4_not_prioritized
clonidine	clonidine	BRD-K98530306	4	2	HEPG2;PHH	0.05538778364037475	-0.06579138297173706	-0.0688368002218859	0.1141842538490891	-0.0688368002218859	-0.12973402387329516	-0.3105934268336684	0.25	1	0.05538778364037475	0.05538778364037475	-0.0688368002218859	-0.0688368002218859	False	False	-0.2850307372901294	1.563966356721532	0.033602523112007926	0.4609921925644165	148	253.0	318	0	1	True		True	True	False	manual_review_required	unresolved_or_not_curated	False	Tier_4_not_prioritized
chloroquine	chloroquine	BRD-A91699651	4	2	HEPG2;PHH	0.012708241326941348	-0.016843497481507548	0.34244182599442347	-0.1211847602389753	-0.1211847602389753	-0.058035473586873144	-0.4579686347472791	0.25	1	0.012708241326941348	0.012708241326941348	-0.1211847602389753	-0.1211847602389753	False	False	-0.2870197909605127	1.5605304619343419	0.4255557823715227	0.3378053824194779	149	195.0	471	0	1	True		True	True	False	manual_review_required	unresolved_or_not_curated	False	Tier_4_not_prioritized
brd-k67774729	BRD-K67774729	BRD-K67774729	18	3	HEPG2;HUH7;PHH	-0.10083851311355825	-0.34669668123953873	0.21976450750870363	0.17600327916443345	0.0826904089855296	0.0818348342981485	-0.199117241767309	0.16666666666666666	1	-0.10083851311355825	-0.10083851311355825	0.0826904089855296	0.0826904089855296	False	False	-0.017723786585505996	1.5536119480232569	1.4688934091801302	-1.4286615738078434	150	226.0	371	0	0	True	54645916	False	False	False	manual_review_required	unresolved_or_not_curated	False	Tier_4_not_prioritized
niclosamide	niclosamide	BRD-K35960502	4	2	HEPG2;PHH	-0.15997070322434104	-0.2994509980910354	0.4964871406555176	0.453717099619098	0.38342266290315563	0.3877447954737507	0.2614528851944857	0.0	1	-0.15997070322434104	-0.15997070322434104	0.38342266290315563	0.38342266290315563	False	False	0.5184712380709935	1.5356343656878977	3.895851926973136	-1.6636656555881921	153	77.0	328	1	1	True		True	True	False	manual_review_required	unresolved_or_not_curated	False	Tier_4_not_prioritized
pd-0325901	PD-0325901	BRD-A50454580;BRD-K49865102	5	2	HEPG2;PHH	0.3888269828425513	0.1429306140376461	-0.0332070567778178	0.0444643450900912	-0.0338409654796123	0.4608209769108465	0.1122153964677145	0.0	2	0.3888269828425513	0.47436028615468073	-0.11660106347075525	-0.0332070567778178	False	False	0.5169286751447038	1.532969739792544	0.021227989336981556	3.271975325148467	154	37.0	104	3	1	True	10206158;9826528	True	True	False	manual_review_required	unresolved_or_not_curated	False	Tier_4_not_prioritized
celecoxib	celecoxib	BRD-K02637541	4	2	HEPG2;PHH	-0.01658695646458195	-0.023989643177224476	0.1202642800552504	0.03153390937950459	-0.11443399265408515	-0.07223494403759051	-0.4691984119657833	0.25	1	-0.01658695646458195	-0.01658695646458195	-0.11443399265408515	-0.11443399265408515	False	False	-0.3068341500204822	1.5263031034576109	0.23517777647174135	0.12583713524068138	155	274.0	347	0	1	True		True	True	False	manual_review_required	unresolved_or_not_curated	False	Tier_4_not_prioritized
15-delta-prostaglandin-j2	15-delta-prostaglandin-j2	BRD-K05396879;BRD-K61033289	4	2	HEPG2;PHH	0.2651127862433592	0.12482696254220271	-0.09208082514149804	0.2590450295247137	-0.13700063606458043	-0.07912318586623145	-0.45735255210653	0.25	2	0.2432489130232069	0.3018185051365031	-0.231966672199113	0.0478050219161169	False	True	-0.3077994619194964	1.524635621995838	0.22277876588195528	2.414588693837588	156	49.0	156	3	1	True	12068863;5311211;6375741	True	True	True	manual_review_required	unresolved_or_not_curated	False	Tier_4_not_prioritized
fludarabine	fludarabine	BRD-A31374339;BRD-K72238567	3	2	HEPG2;PHH	0.0217454102304246	-0.42243701861136496	-0.0083499891417367	0.2935124933719635	-0.0083499891417367	-0.3332080340663355	-0.5348856065584908	0.3333333333333333	2	-0.4224370186113649	0.1465750071737501	-0.09394886876855575	1.5978437587618828	True	True	-0.6006508373455809	1.4908645467772654	0.9053002616763846	-0.8720564626708828	157	155.0	285	0	1	True	57007282;657237;8975	True	True	True	manual_review_required	unresolved_or_not_curated	False	Tier_4_not_prioritized
brd-k66383562	BRD-K66383562	BRD-K66383562	12	3	HEPG2;HUH7;PHH	-0.16522611258551476	-0.2269311827710933	0.00332596898078915	0.2575738755986094	-0.034965456596442596	-0.0004907145722961503	-0.12275440665331502	0.16666666666666666	1	-0.16522611258551476	-0.16522611258551476	-0.034965456596442596	-0.034965456596442596	False	False	-0.06186791789895366	1.4773572984261487	0.7646682726612789	-1.4709013734748424	158	383.0	469	0	0	True	54654477	False	False	False	manual_review_required	unresolved_or_not_curated	False	Tier_4_not_prioritized
badge	BADGE	BRD-A16694057	3	2	HEPG2;PHH	0.1307984296646383	0.04714025743305686	0.0924542727214949	-0.1035246346145868	-0.1035246346145868	0.1872565469423693	-1.5984616337624926	0.3333333333333333	1	0.1307984296646383	0.1307984296646383	-0.1035246346145868	-0.1035246346145868	False	False	-0.611974269938877	1.471304429521651	-0.2238124821322758	1.302263698225057	159	194.0	339	0	1	True		True	True	False	manual_review_required	unresolved_or_not_curated	False	Tier_4_not_prioritized
omeprazole	omeprazole	BRD-A55962179	3	2	HEPG2;PHH	0.0144583280715677	0.0015041619125339498	0.0099642766373498	-0.0631874958053231	-0.0631874958053231	-0.1328428575384711	-0.9620661193002312	0.3333333333333333	1	0.0144583280715677	0.0144583280715677	-0.0631874958053231	-0.0631874958053231	False	False	-0.6138759171885867	1.4680195207383235	-0.2466246536680053	0.40650942708911736	160	356.0	420	0	0	True	4594	True	True	False	manual_review_required	unresolved_or_not_curated	False	Tier_4_not_prioritized
tyrphostin-ag-879	tyrphostin-AG-879	BRD-K59469039	14	3	HEPG2;HUH7;PHH	-0.20096017327159638	-0.40310391783714294	-0.01308472082018855	0.4235724899917841	-0.08474226422341805	0.08093882377244645	-0.16244415679414353	0.14285714285714285	1	-0.20096017327159638	-0.20096017327159638	-0.08474226422341805	-0.08474226422341805	False	False	-0.00028325462462532036	1.4488527812445842	1.0845101811372881	-2.2531207247717093	161	336.0	478	0	1	True		True	True	False	manual_review_required	unresolved_or_not_curated	False	Tier_4_not_prioritized
pimozide	pimozide	BRD-K01292756	3	2	HEPG2;PHH	0.0103826204107867	-0.01408741085065735	-0.2255236772554261	0.1776825617998838	-0.2255236772554261	-0.4034094489253466	-0.45110866933735827	0.3333333333333333	1	0.0103826204107867	0.0103826204107867	-0.2255236772554261	-0.2255236772554261	False	False	-0.6289637835940257	1.4419567139351859	-0.645884117418579	0.33137090720767476	162	357.0	480	0	1	True	16362	True	True	False	manual_review_required	unresolved_or_not_curated	False	Tier_4_not_prioritized
cgk-733	CGK-733	BRD-A50737080	14	3	HEPG2;HUH7;PHH	-0.024308027389148848	-0.09404435733126265	0.43070956745318	0.18914790777489535	-0.01487762427755765	0.14320552618878465	-0.2998089663636323	0.14285714285714285	1	-0.024308027389148848	-0.024308027389148848	-0.01487762427755765	-0.01487762427755765	False	False	-0.006698956993031496	1.437770285758415	1.889184116084112	-0.1432121449822283	163	74.0	190	0	1	True		True	True	False	manual_review_required	unresolved_or_not_curated	False	Tier_4_not_prioritized
olmesartan-medoxomil	olmesartan-medoxomil	BRD-K78485176	3	2	HEPG2;PHH	0.1406448956372009	0.11566828299934659	-0.305571436882019	-0.146537497639656	-0.305571436882019	-0.3906668815466145	-0.49219341688449414	0.3333333333333333	1	0.1406448956372009	0.1406448956372009	-0.305571436882019	-0.305571436882019	False	False	-0.6367635899888615	1.4284833147342755	-2.0592688041348337	1.5802959666637206	164	439.0	519	0	1	True		True	True	False	manual_review_required	unresolved_or_not_curated	False	Tier_4_not_prioritized
brd-k84389640	BRD-K84389640	BRD-K84389640	12	3	HEPG2;HUH7;PHH	0.0349684500963323	-0.045307422522455426	-0.0263209539864744	0.2798983543179929	-0.09019200876355164	0.04146764986956165	-0.27755457719710347	0.16666666666666666	1	0.0349684500963323	0.0349684500963323	-0.09019200876355164	-0.09019200876355164	False	False	-0.0973096387289901	1.4161352079103555	0.6014761592062993	0.392879240470999	165	159.0	292	0	0	True	1244300	False	False	False	manual_review_required	unresolved_or_not_curated	False	Tier_4_not_prioritized
ikk-2-inhibitor-v	IKK-2-inhibitor-V	BRD-K74305673	15	3	HEPG2;HUH7;PHH	-0.1349314128359159	-0.1713524915070997	0.2834726476243564	0.2958759786561131	0.1368416603654623	0.1150701702350661	-0.22168698168862316	0.13333333333333333	1	-0.1349314128359159	-0.1349314128359159	0.1368416603654623	0.1368416603654623	False	False	0.004226679390754523	1.4026888602764074	2.156266493063029	-1.1010070785315005	166	175.0	382	0	1	True	5081913	True	True	False	manual_review_required	unresolved_or_not_curated	False	Tier_4_not_prioritized
meloxicam	meloxicam	BRD-A84174393	4	2	HEPG2;PHH	0.06406484482189015	-0.027838892510367773	0.09088284043329095	-0.07556578470394015	-0.1083970139069217	-0.1638378701727128	-0.44401750009920865	0.25	1	0.06406484482189015	0.06406484482189015	-0.1083970139069217	-0.1083970139069217	False	False	-0.38584662022231714	1.389816824313016	-0.15739249287766824	0.6358404672887585	167	262.0	383	0	1	True		True	True	False	manual_review_required	unresolved_or_not_curated	False	Tier_4_not_prioritized
brd-k03652504	BRD-K03652504	BRD-K03652504	12	3	HEPG2;HUH7;PHH	-0.10934909682772634	-0.1823307886305782	-0.0165046154787497	0.30431874142959714	-0.0165046154787497	-0.005508470092160954	-0.2199962584020954	0.16666666666666666	1	-0.10934909682772634	-0.10934909682772634	-0.0165046154787497	-0.0165046154787497	False	False	-0.11550659929320867	1.3847017464224822	0.8923631678917611	-0.9697495622091049	168	305.0	413	0	0	True	54657691	False	False	False	manual_review_required	unresolved_or_not_curated	False	Tier_4_not_prioritized
gw-405833	GW-405833	BRD-K10705233	3	2	HEPG2;PHH	-0.010896247294214	-0.022850146103236352	-0.0596286665116037	0.1929681729525327	-0.140926219522953	-0.322563019595922	-0.6791373747253113	0.3333333333333333	1	-0.010896247294214	-0.010896247294214	-0.140926219522953	-0.140926219522953	False	False	-0.6621317069585777	1.3846623851359876	0.11221235086484095	0.16623518116544617	169	279.0	368	0	1	True	9911463	True	True	False	manual_review_required	unresolved_or_not_curated	False	Tier_4_not_prioritized
bromocriptine	bromocriptine	BRD-A69960130;BRD-A80151636	4	2	HEPG2;PHH	0.3878145326679159	0.24927903101262122	0.061173006360019946	-0.019797473214566652	-0.02199003366487365	0.4461275680593052	-0.03616367120827951	0.0	2	0.2454494701491462	0.5250735140353855	-0.0247014984488487	-0.0148934479802846	False	False	0.4280457324551654	1.3794331892185863	0.14158931698460997	3.597990883692539	170	41.0	88	4	1	True	73707474	True	True	False	manual_review_required	unresolved_or_not_curated	False	Tier_4_not_prioritized
brd-k19876534	BRD-K19876534	BRD-K19876534	18	3	HEPG2;HUH7;PHH	-0.03417123895552425	-0.2559025118437906	0.020786796563437952	0.1735944794490933	-0.03779920516535635	0.02638872835548625	-0.3155692195268495	0.16666666666666666	1	-0.03417123895552425	-0.03417123895552425	-0.03779920516535635	-0.03779920516535635	False	False	-0.1313958814079385	1.3572545727221987	0.5585577304133216	-0.7132114009574406	171	271.0	329	0	0	True	54646516	False	False	False	manual_review_required	unresolved_or_not_curated	False	Tier_4_not_prioritized
brd-a14014306	BRD-A14014306	BRD-A14014306	12	3	HEPG2;HUH7;PHH	-0.010900585601727152	-0.2135131280455324	0.031874179707041844	0.2453457480296492	-0.05394728481769555	-0.0621220488027329	-0.16144700169504156	0.16666666666666666	1	-0.010900585601727152	-0.010900585601727152	-0.05394728481769555	-0.05394728481769555	False	False	-0.14284554965025367	1.3374763957858025	0.7648914226561264	-0.4300272676164573	172	193.0	276	0	0	True	3915969	False	False	False	manual_review_required	unresolved_or_not_curated	False	Tier_4_not_prioritized
strychnine	strychnine	BRD-A09094913	3	2	HEPG2;PHH	0.022405563129319	-0.019289434939209	0.1730007295097623	-0.0728000178933143	-0.2317585628479719	-0.4380011939487996	-0.5049621052226968	0.3333333333333333	1	0.022405563129319	0.022405563129319	-0.2317585628479719	-0.2317585628479719	False	False	-0.690482246560148	1.335689613470004	-0.21925900756800698	0.3929250697126104	173	260.0	423	0	1	True		True	True	False	manual_review_required	unresolved_or_not_curated	False	Tier_4_not_prioritized
thalidomide	thalidomide	BRD-A93255169	4	2	HEPG2;PHH	-0.045765559706423	-0.2815909050405025	0.029595655522176204	0.002738638781011101	-0.0617532088820423	-0.23698198594271191	-0.3631925884900349	0.25	1	-0.045765559706423	-0.045765559706423	-0.0617532088820423	-0.0617532088820423	False	False	-0.41857828018772936	1.3332760976721032	0.012823020718251824	-0.8685905855533862	174	373.0	416	0	1	True		True	True	False	manual_review_required	unresolved_or_not_curated	False	Tier_4_not_prioritized
paclitaxel	paclitaxel	BRD-A23723433;BRD-A28746609	5	2	HEPG2;PHH	0.0107555546694331	-0.017428880971339	-0.0146828836628368	0.1496271383948624	-0.0146828836628368	0.0280189209004184	-0.5858665148557594	0.2	2	0.0107555546694331	0.1452291320763632	-0.2701714230435235	0.06811431688921796	False	True	-0.26491433652746127	1.3154549209962763	0.4400130176869733	0.3233355006396123	175	252.0	305	0	1	True	4666;73707502	True	True	True	manual_review_required	unresolved_or_not_curated	False	Tier_4_not_prioritized
rosuvastatin	rosuvastatin	BRD-K82941592	3	2	HEPG2;PHH	0.2233904989229308	0.1307188620169957	0.216128582400935	-0.3048499980941415	-0.3048499980941415	-0.4635884798767548	-0.4837146627435845	0.3333333333333333	1	0.2233904989229308	0.2233904989229308	-0.3048499980941415	-0.3048499980941415	False	False	-0.705445811248547	1.309841525670167	-0.9710600101718535	2.1629548559447196	176	141.0	450	1	1	True		True	True	False	manual_review_required	unresolved_or_not_curated	False	Tier_4_not_prioritized
aminopentamide	aminopentamide	BRD-A69917777	3	2	HEPG2;PHH	-0.0583138830131954	-0.1352916647576623	0.4207928606442043	0.3456125017255544	0.3456125017255544	0.2723263904659284	0.22162981257433922	0.0	1	-0.0583138830131954	-0.0583138830131954	0.3456125017255544	0.3456125017255544	False	False	0.383141296753098	1.3018651884915244	3.2496369333869217	-0.4923113143786104	177	67.0	201	1	1	True		True	True	False	manual_review_required	unresolved_or_not_curated	False	Tier_4_not_prioritized
brd-k18710049	BRD-K18710049	BRD-K18710049	12	3	HEPG2;HUH7;PHH	0.0100376248980562	-0.10528950434592035	0.06110208854079251	0.1149208499118685	-0.0832509452344051	-0.028444119344746298	-0.2777626425330897	0.16666666666666666	1	0.0100376248980562	0.0100376248980562	-0.0832509452344051	-0.0832509452344051	False	False	-0.16732544061129115	1.2951897893475721	0.38738293162272225	0.04393394876891742	178	237.0	252	0	0	True	54618864	False	False	False	manual_review_required	unresolved_or_not_curated	False	Tier_4_not_prioritized
medrysone	medrysone	BRD-A20126139;BRD-K56515112	4	2	HEPG2;PHH	-0.027152024726900797	-0.10749476392649937	0.14766001275607515	-0.08371691638603805	-0.1621623419092169	-0.25059339118796203	-0.4252491756194522	0.25	2	-0.05423699433190955	0.001627684260408102	-0.19012853503227237	-0.1621623419092169	True	False	-0.46321797899768813	1.256165403915244	-0.14958550154520478	-0.20368230990654412	179	335.0	474	0	1	True	247839;5702081;73707449	True	True	True	manual_review_required	unresolved_or_not_curated	False	Tier_4_not_prioritized
fulvestrant	fulvestrant	BRD-A83237092;BRD-A90490067	9	2	HEPG2;PHH	-0.1577356685366895	-0.2324752906958262	0.0382999990667615	0.129635146819055	0.0260206270031631	-0.0405124779273238	-0.6808948727945486	0.2222222222222222	2	-0.1975963217102819	-0.13631935355563954	-0.01927163288928565	0.0382999990667615	False	True	-0.38095991432459814	1.2408911610856135	0.6427837707179295	-1.4397547848560206	180	411.0	472	0	1	True	5284640;73707501	True	True	True	manual_review_required	unresolved_or_not_curated	False	Tier_4_not_prioritized
butyl-paraben	butyl-paraben	BRD-K08287586	3	2	HEPG2;PHH	0.203190165054467	-0.04231196031388304	-0.2029281577893666	0.0129307182505726	-0.2029281577893666	-0.4620859655773355	-0.5746455038565077	0.3333333333333333	1	0.203190165054467	0.203190165054467	-0.2029281577893666	-0.2029281577893666	False	False	-0.7494087175055894	1.2338999245522844	-1.013054328419669	1.4911070222437242	181	209.0	333	0	1	True		True	True	False	manual_review_required	unresolved_or_not_curated	False	Tier_4_not_prioritized
brd-k69096174	BRD-K69096174	BRD-K69096174	12	3	HEPG2;HUH7;PHH	0.038049668694535854	-0.07907993594805397	0.0136780953034759	-0.00523293181322515	-0.1573049829208425	-0.246909915064905	-0.48583656114836526	0.25	1	0.038049668694535854	0.038049668694535854	-0.1573049829208425	-0.1573049829208425	False	False	-0.48982819563908764	1.210198869172835	-0.30307108451097886	0.3072110798363698	182	295.0	334	0	0	True	54618368	False	False	False	manual_review_required	unresolved_or_not_curated	False	Tier_4_not_prioritized
strophanthidin	strophanthidin	BRD-K84595254	14	3	HEPG2;HUH7;PHH	-0.25588815535108245	-0.4330876411663161	0.5303269691233123	0.3173599783331156	0.2587699228897691	0.27383692640190316	-0.361238288974005	0.07142857142857142	1	-0.25588815535108245	-0.25588815535108245	0.2587699228897691	0.2587699228897691	False	False	0.09321778191490065	1.2057087186830908	3.2704384396669486	-2.7024209359690152	184	148.0	463	0	1	True	6185	True	True	False	manual_review_required	unresolved_or_not_curated	False	Tier_4_not_prioritized
brd-k38596918	BRD-K38596918	BRD-K38596918	12	3	HEPG2;HUH7;PHH	0.11808906826708045	0.054545178802476946	-0.05888330404247555	0.00082389963790775	-0.24732115758316855	-0.18954764309501834	-0.6073845641924038	0.25	1	0.11808906826708045	0.11808906826708045	-0.24732115758316855	-0.24732115758316855	False	False	-0.4932399251912203	1.2043054415805987	-0.7322026563114679	1.243155325990796	185	241.0	304	0	0	True	6620960	False	False	False	manual_review_required	unresolved_or_not_curated	False	Tier_4_not_prioritized
wortmannin	wortmannin	BRD-A11678676;BRD-A75409952;BRD-K87343924	44	3	HEPG2;HUH7;PHH	-0.0087442565709352	-0.22216689955287922	0.035606165017400396	0.0918864351697266	-0.0344450837001204	-0.13097483964197126	-0.5818420401183031	0.22727272727272727	3	-0.3176684023346752	0.1721763776408301	-0.3502416979255421	0.0602596402168273	True	True	-0.4218958597011228	1.1987905133999037	0.36717287360348444	-0.4431316062789231	186	280.0	298	0	1	True		True	True	True	manual_review_required	unresolved_or_not_curated	False	Tier_4_not_prioritized
brd-a44244100	BRD-A44244100	BRD-A44244100	12	3	HEPG2;HUH7;PHH	0.0831218204564518	-0.060231493242705804	0.0372539971555982	0.07045556046068666	-0.042948375189942954	-0.0477996528710401	-0.3510247203318165	0.16666666666666666	1	0.0831218204564518	0.0831218204564518	-0.042948375189942954	-0.042948375189942954	False	False	-0.22331201303694834	1.1984784862720246	0.2862742798076963	0.6578949215378086	187	195.0	204	0	0	True	18574628	False	False	False	manual_review_required	unresolved_or_not_curated	False	Tier_4_not_prioritized
sa-792709	SA-792709	BRD-K51290057	3	2	HEPG2;PHH	-0.0507467225607898	-0.2097614180917541	0.0573821163603237	0.608403155580163	0.0573821163603237	0.2821459134094535	0.0642374455854888	0.0	1	-0.0507467225607898	-0.0507467225607898	0.0573821163603237	0.0573821163603237	False	False	0.3142646362021979	1.1828875246558817	2.211369336800427	-0.676209938726668	188	75.0	293	2	1	True		True	True	False	manual_review_required	unresolved_or_not_curated	False	Tier_4_not_prioritized
protriptyline	protriptyline	BRD-K42098891	3	2	HEPG2;PHH	0.1437321371502346	-0.05040476181440884	-0.2439999899693898	0.0966937812045216	-0.2439999899693898	-0.4969600244787418	-0.5905773872971565	0.3333333333333333	1	0.1437321371502346	0.1437321371502346	-0.2439999899693898	-0.2439999899693898	False	False	-0.7922487181273201	1.159898032591737	-0.9905124346900211	1.0809413635006426	189	264.0	395	0	1	True		True	True	False	manual_review_required	unresolved_or_not_curated	False	Tier_4_not_prioritized
arp-101	ARP-101	BRD-K73395020	3	2	HEPG2;PHH	-0.4756717913680606	-0.5700076510094934	0.0042587167450359	0.164033330976963	0.0042587167450359	-0.4147170354974352	-0.7553752242450764	0.3333333333333333	1	-0.4756717913680606	-0.4756717913680606	0.0042587167450359	0.0042587167450359	False	False	-0.7924046476199734	1.1596286797135547	0.5881712375928116	-4.553201169103641	190	561.0	572	0	1	True		True	True	False	manual_review_required	unresolved_or_not_curated	False	Tier_4_not_prioritized
bupropion	bupropion	BRD-A05186015	3	2	HEPG2;PHH	-0.28196938501464	-0.35285969202717143	0.9436982614653452	0.1753329206258058	0.1753329206258058	0.2775462060309355	0.0341116037471072	0.0	1	-0.28196938501464	-0.28196938501464	0.1753329206258058	0.1753329206258058	False	False	0.2946020079044891	1.148922266163113	3.868154006594056	-2.620352803339582	191	78.0	466	2	1	True		True	True	False	manual_review_required	unresolved_or_not_curated	False	Tier_4_not_prioritized
salmeterol	salmeterol	BRD-A01320529	3	2	HEPG2;PHH	0.0362750026914808	-0.022105488098329955	-0.13575887839709	-0.289035927504301	-0.289035927504301	-0.5006396801373552	-0.6135384766163215	0.3333333333333333	1	0.0362750026914808	0.0362750026914808	-0.289035927504301	-0.289035927504301	False	False	-0.807408918445516	1.1337102760612594	-1.9353046560744844	0.47389250354061574	192	505.0	533	0	1	True	5152	True	True	False	manual_review_required	unresolved_or_not_curated	False	Tier_4_not_prioritized
zm-447439	ZM-447439	BRD-K72703948	9	2	HEPG2;PHH	-0.0492926024728351	-0.1008101089133156	0.0751696931464331	0.0834658723324537	0.03604485307421	-0.0346265967846626	-0.099069506665396	0.1111111111111111	1	-0.0492926024728351	-0.0492926024728351	0.03604485307421	0.03604485307421	False	False	-0.0841613501173606	1.1241136495673019	0.6406300136931953	-0.3260891678476357	193	310.0	354	0	1	True	9914412	True	True	False	manual_review_required	unresolved_or_not_curated	False	Tier_4_not_prioritized
brd-a36411721	BRD-A36411721	BRD-A36411721	12	3	HEPG2;HUH7;PHH	-0.0514711127099063	-0.13451253301981414	0.14207548222371505	0.33804446179419756	0.0755794729505266	0.16523637346893777	-0.3172967959757126	0.08333333333333333	1	-0.0514711127099063	-0.0514711127099063	0.0755794729505266	0.0755794729505266	False	False	0.006587975481081476	1.1235072257032945	1.7028740139725826	-0.44558316305966994	194	129.0	269	0	0	True	3150672	False	False	False	manual_review_required	unresolved_or_not_curated	False	Tier_4_not_prioritized
brd-k22033393	BRD-K22033393	BRD-K22033393	12	3	HEPG2;HUH7;PHH	0.08790839530734551	-0.1943981467435757	-0.07689173306737626	0.0080347610637545	-0.07689173306737626	-0.11646870901394216	-0.30871034060634434	0.16666666666666666	1	0.08790839530734551	0.08790839530734551	-0.07689173306737626	-0.07689173306737626	False	False	-0.2708238793171143	1.1164064054064298	-0.3284257800260682	0.26931622302976566	195	284.0	332	0	0	True	54654536	False	False	False	manual_review_required	unresolved_or_not_curated	False	Tier_4_not_prioritized
fccp	FCCP	BRD-K14821540	14	3	HEPG2;HUH7;PHH	0.11587668665581274	-0.006537437542445103	0.01542561181953975	0.2201725479681044	-0.13606258481740952	-0.186158133195787	-0.48252128555794205	0.21428571428571427	1	0.11587668665581274	0.11587668665581274	-0.13606258481740952	-0.13606258481740952	False	False	-0.427418775974758	1.1156760515336441	0.4303630637797458	1.0378197441928814	196	113.0	190	0	1	True	3330	True	True	False	manual_review_required	unresolved_or_not_curated	False	Tier_4_not_prioritized
a-23187	A-23187	BRD-K41431477	11	3	HEPG2;HUH7;PHH	0.0904777807494004	-0.12426657084789541	0.1433857242975916	-0.1222287099808454	-0.1335124969482422	-0.1048543509982881	-0.44195417292501094	0.18181818181818182	1	0.0904777807494004	0.0904777807494004	-0.1335124969482422	-0.1335124969482422	False	False	-0.32583143746079357	1.10722278106058	-0.2041935588650586	0.5052601869291359	197	216.0	405	0	0	True	11957499;40486	True	True	False	manual_review_required	unresolved_or_not_curated	False	Tier_4_not_prioritized
calcitriol	calcitriol	BRD-A84327315;BRD-K27316855	3	2	HEPG2;PHH	-0.0643086050533586	-0.2168049422196216	0.4818291249019759	0.110016519203782	0.110016519203782	0.2316142169995203	0.07303102044684309	0.0	2	-0.2168049422196216	0.289318526784579	-0.171427452138492	0.35021175803350546	True	True	0.26812972722294187	1.1031940022388724	2.1249927071981967	-0.7860191391633258	198	108.0	315	0	1	True	21158442;5283740;73707427	True	True	True	manual_review_required	unresolved_or_not_curated	False	Tier_4_not_prioritized
brd-k47977047	BRD-K47977047	BRD-K47977047	12	3	HEPG2;HUH7;PHH	-0.1583856190037396	-0.2711063516843649	0.1707260959914752	0.13733490020968014	0.0235782064763563	-0.10228934042924451	-0.3676566927322364	0.16666666666666666	1	-0.1583856190037396	-0.1583856190037396	0.0235782064763563	0.0235782064763563	False	False	-0.2861176867953627	1.0899878556341254	1.0554470316578746	-1.5647674188000935	199	347.0	454	0	0	True	54650155	False	False	False	manual_review_required	unresolved_or_not_curated	False	Tier_4_not_prioritized
etodolac	etodolac	BRD-A16998493;BRD-A74667430;BRD-K99260425	5	2	HEPG2;PHH	0.0314040134350458	0.0179630617300669	0.0579071438738277	0.0657437592744827	-0.1889625191688537	-0.2394159179299123	-0.3248605298854056	0.2	3	-0.0153333412276373	0.0820797830820083	-0.23619035551590575	0.11028439179062846	True	True	-0.4018461828726151	1.078918610255603	-0.03965668955124943	0.5676646271190695	200	233.0	258	0	1	True	667528;73707528	True	True	True	manual_review_required	unresolved_or_not_curated	False	Tier_4_not_prioritized
pd-184352	PD-184352	BRD-K05104363	3	2	HEPG2;PHH	0.2852154970169067	0.20088304910394875	-0.066848914538111	-0.0476405108347535	-0.1018106751143932	0.2011884940522057	0.10266268293425021	0.0	1	0.2852154970169067	0.2852154970169067	-0.1018106751143932	-0.1018106751143932	False	False	0.2525198355193308	1.0762294480231445	-0.5286030157303664	2.782548756150072	201	121.0	223	1	1	True	6918454	True	True	False	manual_review_required	unresolved_or_not_curated	False	Tier_4_not_prioritized
danazol	danazol	BRD-A20243730;BRD-A92537424;BRD-K48970916	6	2	HEPG2;PHH	0.16171135939657685	0.13243951886478394	-0.09389017655381135	0.07845517015084624	-0.16306056501343846	-0.3346139790105914	-1.016592621345014	0.3333333333333333	3	0.1406286385738187	0.7121076153384315	-0.36105760080473764	0.2349436804652214	False	True	-0.8429102896830984	1.0723851453271993	-0.3891879962565308	1.7691007437107213	202	170.0	244	0	1	True	6540825	True	True	True	manual_review_required	unresolved_or_not_curated	False	Tier_4_not_prioritized
atorvastatin	atorvastatin	BRD-U88459701	13	3	HEPG2;HUH7;PHH	0.2072999146249559	0.1362054027203056	-0.0331866379295076	0.1084328517317771	-0.1188452158655439	-0.0523474000704785	-0.4095230520008102	0.15384615384615385	1	0.2072999146249559	0.2072999146249559	-0.1188452158655439	-0.1188452158655439	False	False	-0.2571089260708836	1.0674667315242699	-0.00496416575996755	2.075961514835675	203	97.0	163	0	1	True	2250;60823	True	True	False	manual_review_required	unresolved_or_not_curated	False	Tier_4_not_prioritized
cisapride	cisapride	BRD-K06895174	3	2	HEPG2;PHH	0.227401551273134	0.007988593230644853	0.4427635744214058	-0.1414390266872942	-0.1414390266872942	0.1669758489828497	0.159645153719577	0.0	1	0.227401551273134	0.227401551273134	-0.1414390266872942	-0.1414390266872942	False	False	0.2467984258426382	1.0663462749463013	0.6130989489933757	1.8051198264586321	204	41.0	274	3	1	True		True	True	False	manual_review_required	unresolved_or_not_curated	False	Tier_4_not_prioritized
zstk-474	ZSTK-474	BRD-K63068307	3	2	HEPG2;PHH	0.0721813895636134	-0.0747069704035918	0.2424535410744803	-0.1635907553136348	-0.1635907553136348	-0.4165547303264103	-0.86293800440543	0.3333333333333333	1	0.0721813895636134	0.0721813895636134	-0.1635907553136348	-0.1635907553136348	False	False	-0.8480237325291253	1.0635521752164059	-0.1086371398546871	0.5418128403364286	205	204.0	458	0	1	True	11647372	True	True	False	manual_review_required	unresolved_or_not_curated	False	Tier_4_not_prioritized
equilin	equilin	BRD-A88080608;BRD-K04046242	10	2	HEPG2;PHH	0.13199809597184256	0.04964407642061507	0.0099655134337289	-0.034432284533977446	-0.1348295682109892	-0.21028384730766805	-0.4064731320203651	0.2	2	0.13199809597184256	0.25334748398098683	-0.233951233726527	-0.0400938077364117	False	False	-0.4135204133178506	1.0587525241773355	-0.3439576952050224	1.317858714391492	206	198.0	276	0	1	True	223368;73707480	True	True	False	manual_review_required	unresolved_or_not_curated	False	Tier_4_not_prioritized
brd-k32581454	BRD-K32581454	BRD-K32581454	12	3	HEPG2;HUH7;PHH	-0.06436553080048821	-0.26049801489959157	0.08786552825144354	0.2214823218528181	0.0358295823846544	0.0440886619146026	-0.152826907641683	0.08333333333333333	1	-0.06436553080048821	-0.06436553080048821	0.0358295823846544	0.0358295823846544	False	False	-0.032324791906238895	1.0562892432968773	1.0906402173643077	-0.9230229999774171	207	237.0	337	0	0	True	54657690	False	False	False	manual_review_required	unresolved_or_not_curated	False	Tier_4_not_prioritized
ru-24969	RU-24969	BRD-K00234327	4	2	HEPG2;PHH	0.03586883110822075	-0.12806325178179473	-0.0591047762760094	0.174025472253561	-0.11768208237897065	-0.28839681297910236	-0.5826267080976524	0.25	1	0.03586883110822075	0.03586883110822075	-0.11768208237897065	-0.11768208237897065	False	False	-0.5797101670279285	1.0549365946773475	0.11662040586567737	0.13991616936492918	208	231.0	327	0	1	True		True	True	False	manual_review_required	unresolved_or_not_curated	False	Tier_4_not_prioritized
fenretinide	fenretinide	BRD-K28168037;BRD-K89085489	6	2	HEPG2;PHH	-0.268410675227642	-0.37047460033661783	0.05330357328057285	0.35209237318485975	0.05330357328057285	-0.12151342785976356	-0.3990113837515107	0.16666666666666666	2	-0.2997548551195197	-0.2198805546181069	-0.025291652019534802	0.05330357328057285	False	True	-0.3210191197355189	1.029699059363763	1.4224887554733998	-2.5876750954461536	210	416.0	521	0	1	True	5288209;5353342	True	True	True	manual_review_required	unresolved_or_not_curated	False	Tier_4_not_prioritized
brd-k82987299	BRD-K82987299	BRD-K82987299	11	3	HEPG2;HUH7;PHH	0.03876610348622	-0.16753497988813446	0.2782727607658931	0.266917647793889	-0.0198302865028381	-0.2054593644681431	-0.35541519654973863	0.18181818181818182	1	0.03876610348622	0.03876610348622	-0.0198302865028381	-0.0198302865028381	False	False	-0.38316696274301243	1.0081812944625674	1.6532918789319124	0.03523498952017717	211	76.0	130	0	0	True	1645763	False	False	False	manual_review_required	unresolved_or_not_curated	False	Tier_4_not_prioritized
brd-k09701578	BRD-K09701578	BRD-K09701578	12	3	HEPG2;HUH7;PHH	-0.14912898031373817	-0.2375134696356124	-0.032531033669199294	0.24607235100120306	-0.0404747340029904	-0.1298407834052803	-0.41617394822265297	0.16666666666666666	1	-0.14912898031373817	-0.14912898031373817	-0.0404747340029904	-0.0404747340029904	False	False	-0.33792775751660675	1.0004910489035252	0.6089919703840483	-1.3998008815734744	212	392.0	459	0	0	True	54654332	False	False	False	manual_review_required	unresolved_or_not_curated	False	Tier_4_not_prioritized
zk-93423	ZK-93423	BRD-K33882852	14	3	HEPG2;HUH7;PHH	-0.16734469806154564	-0.33026732659588254	0.15547568723559374	0.3662552749738097	0.12167388879294899	0.0430871659431547	-0.1395257615358642	0.07142857142857142	1	-0.16734469806154564	-0.16734469806154564	0.12167388879294899	0.12167388879294899	False	False	-0.02667571482477741	0.9986044828348457	1.9452080571209018	-1.8077635344147414	213	230.0	427	0	1	True	121926	True	True	False	manual_review_required	unresolved_or_not_curated	False	Tier_4_not_prioritized
amg-9810	AMG-9810	BRD-K43068349	3	2	HEPG2;PHH	-0.1117749984065691	-0.19701757737331915	0.0723214455481086	0.3748375019058585	0.0723214455481086	0.1642266825831953	0.08436245542936141	0.0	1	-0.1117749984065691	-0.1117749984065691	0.0723214455481086	0.0723214455481086	False	False	0.20640791029787603	0.9965756277895379	1.595999756431093	-1.0313798588686065	214	203.0	377	0	1	True		True	True	False	manual_review_required	unresolved_or_not_curated	False	Tier_4_not_prioritized
ski-ii	SKI-II	BRD-K20755323	3	2	HEPG2;PHH	-0.3619214968962801	-0.4181562774918145	0.3110185733863285	0.558755548670888	0.3110185733863285	0.1901766299196179	0.03180054198980101	0.0	1	-0.3619214968962801	-0.3619214968962801	0.3110185733863285	0.3110185733863285	False	False	0.2060769009145184	0.9960038416021043	3.4701511740832736	-3.3420575556368903	215	260.0	533	0	1	True	753704	True	True	False	manual_review_required	unresolved_or_not_curated	False	Tier_4_not_prioritized
brd-k55082668	BRD-K55082668	BRD-K55082668	12	3	HEPG2;HUH7;PHH	-0.2553570158779621	-0.3867039619427588	0.22021778885807305	0.3855279525741935	0.17654459018792418	-0.0012831906566307498	-0.13982048000408603	0.08333333333333333	1	-0.2553570158779621	-0.2553570158779621	0.17654459018792418	0.17654459018792418	False	False	-0.07119343065867377	0.9891474887715007	2.3367648009269324	-2.553933631463477	216	291.0	494	0	0	True	54654200	False	False	False	manual_review_required	unresolved_or_not_curated	False	Tier_4_not_prioritized
deracoxib	deracoxib	BRD-K68558722	3	2	HEPG2;PHH	0.4256833286748992	0.30950209581189686	-0.4863999996866499	-0.3774437494575977	-0.4863999996866499	-0.5705462446111061	-0.6531923950191527	0.3333333333333333	1	0.4256833286748992	0.4256833286748992	-0.4863999996866499	-0.4863999996866499	False	False	-0.8971424421206825	0.9787044304058675	-3.7528317716970467	4.03143427877933	217	350.0	540	1	1	True		True	True	False	manual_review_required	unresolved_or_not_curated	False	Tier_4_not_prioritized
brd-k74548617	BRD-K74548617	BRD-K74548617	12	3	HEPG2;HUH7;PHH	-0.03281558061846425	-0.1002639908757474	0.1133935355714389	0.2864209418185055	-0.0028297061217017498	0.06763423727095375	-0.2973857981093701	0.08333333333333333	1	-0.03281558061846425	-0.03281558061846425	-0.0028297061217017498	-0.0028297061217017498	False	False	-0.0810586617837313	0.9721062712811346	1.262181432940587	-0.21772939348753087	218	151.0	260	0	0	True	54657899	False	False	False	manual_review_required	unresolved_or_not_curated	False	Tier_4_not_prioritized
tacrolimus	tacrolimus	BRD-K08845546;BRD-K65261396;BRD-K69608737	5	2	HEPG2;PHH	-0.0491468322773774	-0.1979009940599402	0.4040428485189165	-0.0069055184721946	-0.0069055184721946	0.1837550858922657	0.0031175813859417	0.0	3	-0.921250025017394	0.1384000062114662	-0.0186687484383583	0.6557823643088341	True	True	0.18531387658523654	0.9601377570808465	1.243749706753139	-0.6287647285564251	219	174.0	429	0	1	True	13819073;24140138;6473866	True	True	True	manual_review_required	unresolved_or_not_curated	False	Tier_4_not_prioritized
bay-11-7082	BAY-11-7082	BRD-K15025317	3	2	HEPG2;PHH	-0.0367504540416929	-0.3240391148461236	0.1508263455969946	0.2236877121031284	0.1508263455969946	0.1505065748083686	0.0674957573036885	0.0	1	-0.0367504540416929	-0.0367504540416929	0.1508263455969946	0.1508263455969946	False	False	0.18425445346021285	0.9583077077227532	1.5796854429831702	-0.9429803829444197	220	174.0	273	0	1	True		True	True	False	manual_review_required	unresolved_or_not_curated	False	Tier_4_not_prioritized
glycocholic-acid	glycocholic-acid	BRD-K54771420	3	2	HEPG2;PHH	0.2927055549290445	0.11361296104991603	-0.1485714369586535	0.098981250077486	-0.1485714369586535	0.1497230490240904	0.060519427419566243	0.0	1	0.2927055549290445	0.2927055549290445	-0.1485714369586535	-0.1485714369586535	False	False	0.1799827627338735	0.950928781694935	-0.4542248684959919	2.5581223219077263	221	81.0	182	2	1	True		True	True	False	manual_review_required	unresolved_or_not_curated	False	Tier_4_not_prioritized
phenazone	phenazone	BRD-K46937689	15	3	HEPG2;HUH7;PHH	0.0671499677830272	-0.06411816738545895	0.0649642710174833	-0.165404325351119	-0.165404325351119	-0.2003810447049401	-0.5511226232740141	0.2	1	0.0671499677830272	0.0671499677830272	-0.165404325351119	-0.165404325351119	False	False	-0.47594235634194715	0.9509247506806783	-0.6493110077417679	0.5423585251324216	222	323.0	461	0	1	True	98889	True	True	False	manual_review_required	unresolved_or_not_curated	False	Tier_4_not_prioritized
chlorambucil	chlorambucil	BRD-K29458283	3	2	HEPG2;PHH	0.3111125388079219	0.19690765957865444	-0.4790000064032418	0.0537214018404483	-0.4790000064032418	-0.5642941155663086	-0.7057329971225016	0.3333333333333333	1	0.3111125388079219	0.3111125388079219	-0.4790000064032418	-0.4790000064032418	False	False	-0.9171606141275594	0.9441250050883728	-2.4227885748082905	2.9377426589690803	223	223.0	451	1	1	True		True	True	False	manual_review_required	unresolved_or_not_curated	False	Tier_4_not_prioritized
entinostat	entinostat	BRD-K77908580	9	2	HEPG2;PHH	-0.3489397687630521	-0.5397776845428679	0.3347965095724378	0.3415322825312614	0.3347965095724378	0.2547207708574003	-0.1589432042387742	0.0	1	-0.3489397687630521	-0.3489397687630521	0.3347965095724378	0.3347965095724378	False	False	0.17524916873801322	0.9427519631519152	2.9526755321321563	-3.6383598712138396	224	355.0	538	0	1	True	4261	True	True	False	manual_review_required	unresolved_or_not_curated	False	Tier_4_not_prioritized
brd-k16956545	BRD-K16956545	BRD-K16956545	18	3	HEPG2;HUH7;PHH	-0.04982988099153665	-0.2269834329684575	0.1965189214263643	0.1074997051618993	0.042350996551769104	-0.0357345087631118	-0.3318201724720734	0.1111111111111111	1	-0.04982988099153665	-0.04982988099153665	0.042350996551769104	0.042350996551769104	False	False	-0.2016445949991485	0.9211728869916229	1.0913938051771126	-0.7241314948964148	226	214.0	323	0	0	True	54645915	False	False	False	manual_review_required	unresolved_or_not_curated	False	Tier_4_not_prioritized
benzylpenicillin	benzylpenicillin	BRD-K55191674	3	2	HEPG2;PHH	0.2052153853906525	0.06507713766768575	0.379796890275819	-0.1360386665910482	-0.1360386665910482	0.1230364973464655	0.0771717130694361	0.0	1	0.2052153853906525	0.2052153853906525	-0.1360386665910482	-0.1360386665910482	False	False	0.16162235388118357	0.9192129793478402	0.4548191295782668	1.8400391034700638	227	58.0	289	1	1	True		True	True	False	manual_review_required	unresolved_or_not_curated	False	Tier_4_not_prioritized
quetiapine	quetiapine	BRD-K68867920	3	2	HEPG2;PHH	0.0232236646115779	0.0100937620219257	-0.3328000051634652	0.1253250148147344	-0.3328000051634652	-0.6059736434872899	-0.6615708915901091	0.3333333333333333	1	0.0232236646115779	0.0232236646115779	-0.3328000051634652	-0.3328000051634652	False	False	-0.9367590892823444	0.9102705648468341	-1.3975912584787527	0.49010652125050463	229	434.0	523	0	1	True		True	True	False	manual_review_required	unresolved_or_not_curated	False	Tier_4_not_prioritized
irbesartan	irbesartan	BRD-K60038276	3	2	HEPG2;PHH	0.0170861060420672	-0.10861806012690065	0.1862298338674008	-0.0318874940276145	-0.0411635772325098	0.1813075482135727	-0.054738590477167504	0.0	1	0.0170861060420672	0.0170861060420672	-0.0411635772325098	-0.0411635772325098	False	False	0.15393825297498895	0.9059394500102679	0.4302515708033272	0.07914820750462825	230	229.0	386	0	1	True		True	True	False	manual_review_required	unresolved_or_not_curated	False	Tier_4_not_prioritized
vemurafenib	vemurafenib	BRD-K56343971	3	2	HEPG2;PHH	0.2371266103453106	0.18129766359925265	-0.335922930921827	0.0429701432585716	-0.335922930921827	-0.6215482542202586	-0.63749213444276	0.3333333333333333	1	0.2371266103453106	0.2371266103453106	-0.335922930921827	-0.335922930921827	False	False	-0.9402943214416386	0.9041637986350979	-1.6611211291409067	2.410033742213608	231	236.0	392	0	1	True	42611257	True	True	False	manual_review_required	unresolved_or_not_curated	False	Tier_4_not_prioritized
brd-k31030218	BRD-K31030218	BRD-K31030218	12	3	HEPG2;HUH7;PHH	0.01468760313259225	-0.046799840819504473	-0.11323459286774905	0.1697582734050229	-0.1217239912865417	-0.1369893468910872	-0.5144359922398709	0.16666666666666666	1	0.01468760313259225	0.01468760313259225	-0.1217239912865417	-0.1217239912865417	False	False	-0.39420734301102267	0.9032735945408018	-0.06830156718226824	0.2569389449300187	232	293.0	391	0	0	True	96670	False	False	False	manual_review_required	unresolved_or_not_curated	False	Tier_4_not_prioritized
nadolol	nadolol	BRD-A87606379;BRD-A97454584	5	2	HEPG2;PHH	-0.0226581752714183	-0.0707583270139164	-0.16566130731787	0.0071312431246042	-0.2194562405347824	-0.3304585759631462	-0.3542522988429973	0.2	2	-0.0226581752714183	0.0475722190975729	-0.2194562405347824	-0.2137196242942342	True	False	-0.5075847253846448	0.8962656670838004	-0.9612695886555521	-0.05971380140960733	233	452.0	466	0	1	True	4411	True	True	True	manual_review_required	unresolved_or_not_curated	False	Tier_4_not_prioritized
brd-k52785744	BRD-K52785744	BRD-K52785744	12	3	HEPG2;HUH7;PHH	-0.19929136097845102	-0.41269250441756516	0.2717013582587242	0.32480849046260113	0.22052148490079804	0.21317858477344825	-0.142116158117821	0.0	1	-0.19929136097845102	-0.19929136097845102	0.22052148490079804	0.22052148490079804	False	False	0.14212050571453777	0.885525452734522	2.421671932814625	-2.2723039670007545	234	236.0	451	0	0	True	54650184	False	False	False	manual_review_required	unresolved_or_not_curated	False	Tier_4_not_prioritized
sib-1893	SIB-1893	BRD-K67439147	15	3	HEPG2;HUH7;PHH	0.0061524411042531	-0.1905749505385756	0.0140640341809817	0.1301101818680763	-0.1716351328151566	-0.0554588966012473	-0.48092047286234674	0.13333333333333333	1	0.0061524411042531	0.0061524411042531	-0.1716351328151566	-0.1716351328151566	False	False	-0.2959191330324207	0.8842164592259802	0.06603209447119757	-0.24791550936267137	235	251.0	277	0	1	True		True	True	False	manual_review_required	unresolved_or_not_curated	False	Tier_4_not_prioritized
amiodarone	amiodarone	BRD-K17561142	4	2	HEPG2;PHH	0.18009033136897615	0.09849065195562107	-0.1368139561797891	0.29310999251902103	-0.1368139561797891	0.1165631076261874	0.02503292569484085	0.0	1	0.18009033136897615	0.18009033136897615	-0.1368139561797891	-0.1368139561797891	False	False	0.12907957047360782	0.8629985184031003	0.19136344397381222	1.7818999369587702	237	89.0	257	1	1	True	16218975	True	True	False	manual_review_required	unresolved_or_not_curated	False	Tier_4_not_prioritized
pregnenolone	pregnenolone	BRD-K39356024;BRD-K43880410	4	2	HEPG2;PHH	0.08625278984093	0.02647121077299945	0.0900558121502399	-0.1092259837314486	-0.25430432440979134	-0.35308516981257565	-0.6761052012037013	0.25	2	0.00028319910375610227	0.21071737383802724	-0.25430432440979134	-0.20177114828090584	False	False	-0.6911377704144264	0.8624563578062118	-0.6338085526305659	0.9492945205238285	238	254.0	396	0	1	True	15032;7088398;8955	True	True	False	manual_review_required	unresolved_or_not_curated	False	Tier_4_not_prioritized
ropinirole	ropinirole	BRD-K15933101	3	2	HEPG2;PHH	-0.3393166694376204	-0.45316944561070865	0.2526714418615614	0.0319687463343143	0.0319687463343143	0.1379445436159296	-0.029526015861876448	0.0	1	-0.3393166694376204	-0.3393166694376204	0.0319687463343143	0.0319687463343143	False	False	0.12318153568499136	0.8528102427991697	1.0068973341492957	-3.3052336156724675	239	515.0	555	0	1	True		True	True	False	manual_review_required	unresolved_or_not_curated	False	Tier_4_not_prioritized
tolmetin	tolmetin	BRD-K82562631	3	2	HEPG2;PHH	0.338411118214329	0.2263774295440978	-0.4937999972275325	-0.0703437514603138	-0.4937999972275325	-0.3987579892966009	-1.1457814772812918	0.3333333333333333	1	0.338411118214329	0.338411118214329	-0.4937999972275325	-0.4937999972275325	False	False	-0.9716487279372468	0.850002142045436	-2.8757989235019226	3.206596883289318	240	277.0	487	0	1	True		True	True	False	manual_review_required	unresolved_or_not_curated	False	Tier_4_not_prioritized
piperlongumine	piperlongumine	BRD-K24132293	4	2	HEPG2;PHH	0.133368793874979	0.03025529492232533	0.02562477346509695	-0.03671573055908085	-0.0880441623074667	0.15236294505718562	-0.06984714927366155	0.0	1	0.133368793874979	0.133368793874979	-0.0880441623074667	-0.0880441623074667	False	False	0.11743937042035485	0.8428912164834303	-0.18426608354231	1.2660990318535434	241	192.0	262	0	1	True		True	True	False	manual_review_required	unresolved_or_not_curated	False	Tier_4_not_prioritized
nitrendipine	nitrendipine	BRD-A02006392	4	2	HEPG2;PHH	-0.044762117581235	-0.0661997133865952	0.2454386305596147	0.21230496466159815	0.07823857053049971	0.1655329104442711	-0.1194024451256227	0.0	1	-0.044762117581235	-0.044762117581235	0.07823857053049971	0.07823857053049971	False	False	0.10583168788145975	0.8228400853749046	1.642782440998692	-0.18853200617518728	242	136.0	266	0	1	True	4507	True	True	False	manual_review_required	unresolved_or_not_curated	False	Tier_4_not_prioritized
vinpocetine	vinpocetine	BRD-A19374631;BRD-K53318339	4	2	HEPG2;PHH	0.046540860293640046	-0.0440120405207077	0.3034160658717156	0.00016072858124970002	-0.09770398733339135	0.13771751003399016	-0.06813262449207882	0.0	2	-0.024078237306740552	0.0968281835731533	-0.09770398733339135	-0.0797180152897324	True	False	0.10365119778795075	0.819073502975766	0.7317315725802925	0.471835662432746	243	128.0	313	0	1	True	443955;5673;6978790	True	True	True	manual_review_required	unresolved_or_not_curated	False	Tier_4_not_prioritized
fluvastatin	fluvastatin	BRD-K66296774	3	2	HEPG2;PHH	0.1513774866859118	0.022866518754098147	-0.0075945226209504	-0.0838062553666532	-0.1297142782381602	0.1213858976575826	-0.0445168495459098	0.0	1	0.1513774866859118	0.1513774866859118	-0.1297142782381602	-0.1297142782381602	False	False	0.0991274728846277	0.8112592126700572	-0.5309719872913203	1.35955924651415	244	212.0	305	0	1	True	1548972	True	True	False	manual_review_required	unresolved_or_not_curated	False	Tier_4_not_prioritized
quipazine	quipazine	BRD-K77925998	3	2	HEPG2;PHH	0.0577972230191032	-0.09452499837304154	-0.0147714231695447	0.6342125069350004	-0.0147714231695447	0.2248710942055498	-0.25181699287708087	0.0	1	0.0577972230191032	0.0577972230191032	-0.0147714231695447	-0.0147714231695447	False	False	0.09896259776700936	0.8109744071036729	1.888211019162939	0.38673321881030437	245	44.0	258	3	1	True		True	True	False	manual_review_required	unresolved_or_not_curated	False	Tier_4_not_prioritized
gw-4064	GW-4064	BRD-K64245000	3	2	HEPG2;PHH	-0.1177888876344594	-0.49653750738232494	0.5286857272897448	0.3259687460958957	0.3259687460958957	0.1088589679095007	-0.02076065540313715	0.0	1	-0.1177888876344594	-0.1177888876344594	0.3259687460958957	0.3259687460958957	False	False	0.09847864020793212	0.8101384179701397	3.4632014776176434	-2.0069542522067305	246	65.0	274	1	1	True	9893571	True	True	False	manual_review_required	unresolved_or_not_curated	False	Tier_4_not_prioritized
diethylstilbestrol	diethylstilbestrol	BRD-K45330754	9	2	HEPG2;PHH	0.0170977197380529	-0.0455447638200389	-0.014611291033881	-0.0033053448423743	-0.0823820786816733	-0.1579665643355203	-0.2280137859107482	0.1111111111111111	1	0.0170977197380529	0.0170977197380529	-0.0823820786816733	-0.0823820786816733	False	False	-0.2719734572908944	0.7996866873303183	-0.1901848771498097	0.2764639068590118	247	331.0	350	0	1	True	448537	True	True	False	manual_review_required	unresolved_or_not_curated	False	Tier_4_not_prioritized
cgp-53353	CGP-53353	BRD-K32292990	14	3	HEPG2;HUH7;PHH	-0.10035238528831134	-0.28258981607440437	0.0492898779256003	0.21532418066635725	0.009433914109000099	-0.025810166202958548	-0.2449835094360871	0.07142857142857142	1	-0.10035238528831134	-0.10035238528831134	0.009433914109000099	0.009433914109000099	False	False	-0.14830192092100208	0.788507161815235	0.8893712540641767	-1.225042314522763	248	307.0	398	0	1	True		True	True	False	manual_review_required	unresolved_or_not_curated	False	Tier_4_not_prioritized
brd-k07339740	BRD-K07339740	BRD-K07339740	12	3	HEPG2;HUH7;PHH	-0.0408679019245836	-0.3730920807768901	0.13936958987531917	0.12422878947108978	0.0008713628298469998	-0.03623829529960711	-0.3055747171285532	0.08333333333333333	1	-0.0408679019245836	-0.0408679019245836	0.0008713628298469998	0.0008713628298469998	False	False	-0.1890256538638837	0.7856039004299102	0.8644268960008761	-1.1230283338310065	249	235.0	319	0	0	True	54657692	False	False	False	manual_review_required	unresolved_or_not_curated	False	Tier_4_not_prioritized
venlafaxine	venlafaxine	BRD-A51714012	3	2	HEPG2;PHH	0.0699305575754907	0.007867801520559548	0.3369129853589194	-0.1483187368139624	-0.1483187368139624	0.0613029974971025	-0.0014037637867861455	0.0	1	0.0699305575754907	0.0699305575754907	-0.1483187368139624	-0.1483187368139624	False	False	0.06060111560370943	0.7447087157569042	0.25848450849857285	0.7854685568514921	250	156.0	447	0	1	True		True	True	False	manual_review_required	unresolved_or_not_curated	False	Tier_4_not_prioritized
brd-k36111658	BRD-K36111658	BRD-K36111658	12	3	HEPG2;HUH7;PHH	0.0039324144729309	-0.07558622149129701	-0.04707929332341465	0.1891385125927627	-0.1261370456112282	-0.02997409301026465	-0.37044790573972497	0.08333333333333333	1	0.0039324144729309	0.0039324144729309	-0.1261370456112282	-0.1261370456112282	False	False	-0.21519804588012714	0.7403936647103363	0.1761195442903635	0.09730335524731996	251	256.0	341	0	0	True	855012	False	False	False	manual_review_required	unresolved_or_not_curated	False	Tier_4_not_prioritized
ku-55933	KU-55933	BRD-K25311561	4	2	HEPG2;PHH	-0.13570798245362106	-0.25992045761086047	0.22080711860741886	-0.09092385275289416	-0.09092385275289416	-0.38481433553591604	-0.760845151419441	0.25	1	-0.13570798245362106	-0.13570798245362106	-0.09092385275289416	-0.09092385275289416	False	False	-0.7652369112456365	0.7344573724051918	0.22981463619195364	-1.3830001691942546	252	425.0	517	0	1	True	5278396	True	True	False	manual_review_required	unresolved_or_not_curated	False	Tier_4_not_prioritized
forskolin	forskolin	BRD-A70449690;BRD-K03015355;BRD-K09602097;BRD-K77830450	9	2	HEPG2;PHH	0.1669938125544124	0.0792237288422054	-0.2734132281371525	0.1091191978193819	-0.2734132281371525	-0.4142763001829504	-0.5466019816785342	0.2222222222222222	4	0.0792237288422054	0.2720872975058025	-0.715468306094408	0.0848562233150005	False	True	-0.6875772910222175	0.7112397685948774	-1.1165542856055999	1.6368783582485475	253	246.0	400	0	1	True	3413;9871875	True	True	True	mechanistic_probe_only	cAMP/PKA probe; conflicts with reported PKA-RUNX2 activation	False	Tier_4_not_prioritized
brd-k00069117	BRD-K00069117	BRD-K00069117	12	3	HEPG2;HUH7;PHH	-0.0156529497665663	-0.16088836531465248	0.12657657851065907	-0.010743318125605597	-0.12353985663503411	-0.16823404167394435	-0.6861263070447696	0.16666666666666666	1	-0.0156529497665663	-0.0156529497665663	-0.12353985663503411	-0.12353985663503411	False	False	-0.5112971951963292	0.7010123791966958	0.10436099510400214	-0.29622197711755294	254	296.0	402	0	0	True	54649961	False	False	False	manual_review_required	unresolved_or_not_curated	False	Tier_4_not_prioritized
puromycin	puromycin	BRD-A28970875;BRD-K36007650	3	2	HEPG2;PHH	0.091585920088821	-0.0954871949636274	0.080182066985539	0.2487799655646085	-0.0955577194690704	0.0248604639329844	0.018405789113973052	0.0	2	-0.0691190502709813	0.091585920088821	-0.0955577194690704	-0.04981521849653551	True	False	0.03406335848997093	0.6988673477292401	0.8131132461060003	0.602430739436246	255	94.0	159	0	1	True	23618032;5702164	True	True	True	manual_review_required	unresolved_or_not_curated	False	Tier_4_not_prioritized
brazilin	brazilin	BRD-A83326220	3	2	HEPG2;PHH	-0.1618138847665654	-0.2709485374184118	0.3613357245922088	0.1969562545418739	0.1969562545418739	0.0392499498963828	-0.012392996004708744	0.0	1	-0.1618138847665654	-0.1618138847665654	0.1969562545418739	0.1969562545418739	False	False	0.03305345189402843	0.6971228333100392	2.2471244953571263	-1.5864642837517353	256	200.0	414	0	1	True		True	True	False	manual_review_required	unresolved_or_not_curated	False	Tier_4_not_prioritized
azd-6482	AZD-6482	BRD-K58772419	4	2	HEPG2;PHH	0.1140078153047297	-0.1169611845786372	-0.2441212210272039	0.1135281242895871	-0.2441212210272039	-0.5062760077657118	-0.5808775108196728	0.25	1	0.1140078153047297	0.1140078153047297	-0.2441212210272039	-0.2441212210272039	False	False	-0.7967147631755482	0.6800824759565249	-0.9408580315968569	0.6804098294425579	258	290.0	418	0	1	True	44137675	True	True	False	manual_review_required	unresolved_or_not_curated	False	Tier_4_not_prioritized
prednisolone-hemisuccinate	prednisolone-hemisuccinate	BRD-A78391468	3	2	HEPG2;PHH	0.2961805624266465	-0.10728660500090986	0.082414299249649	0.084087498486042	-0.0356071325285094	0.0441291916908489	-0.0471818206521372	0.0	1	0.2961805624266465	0.2961805624266465	-0.0356071325285094	-0.0356071325285094	False	False	0.020538281364780298	0.675504105860641	0.48081939137854285	1.8898261283841342	259	45.0	81	3	1	True		True	True	False	manual_review_required	unresolved_or_not_curated	False	Tier_4_not_prioritized
piroxicam	piroxicam	BRD-A57382968	3	2	HEPG2;PHH	0.0119722204075919	-0.042608337011188255	-0.0010500039373125	0.0493374802172184	-0.0234714363302503	0.0401450380801208	-0.039658994450869546	0.0	1	0.0119722204075919	0.0119722204075919	-0.0234714363302503	-0.0234714363302503	False	False	0.020315540854686027	0.675119343514142	0.15846259269061067	0.25247041573029877	260	301.0	303	0	1	True		True	True	False	manual_review_required	unresolved_or_not_curated	False	Tier_4_not_prioritized
talampicillin	talampicillin	BRD-A10303790	3	2	HEPG2;PHH	-0.070546513216363	-0.1366630738549348	0.441590747662953	-0.017012495547533	-0.017012495547533	0.0346657040691564	-0.033480175641468844	0.0	1	-0.070546513216363	-0.070546513216363	-0.017012495547533	-0.017012495547533	False	False	0.01792561624842198	0.670990983571568	1.2999260762043228	-0.5757789378088224	261	178.0	454	0	1	True	73707484	True	True	False	manual_review_required	unresolved_or_not_curated	False	Tier_4_not_prioritized
amlodipine	amlodipine	BRD-A22032524	3	2	HEPG2;PHH	0.5087555502023962	0.15548471837408012	-0.3086285803999219	0.2711560446768999	-0.3086285803999219	0.0249075899491944	-0.017437635551369398	0.0	1	0.5087555502023962	0.5087555502023962	-0.3086285803999219	-0.3086285803999219	False	False	0.016188772173509704	0.6679907560804699	-0.8275170249807009	4.087504106068789	262	11.0	136	3	1	True	60496	True	True	False	manual_review_required	unresolved_or_not_curated	False	Tier_4_not_prioritized
brd-k89205986	BRD-K89205986	BRD-K89205986	12	3	HEPG2;HUH7;PHH	-0.04615935610814225	-0.2339456618970467	-0.0028392959918294505	0.15540047641843552	-0.09637525358370365	-0.27147798626018416	-0.5238839179898303	0.16666666666666666	1	-0.04615935610814225	-0.04615935610814225	-0.09637525358370365	-0.09637525358370365	False	False	-0.5334199452550993	0.6627975020734481	0.28366343249626697	-0.7221450613168178	263	309.0	348	0	0	True	1220374	False	False	False	manual_review_required	unresolved_or_not_curated	False	Tier_4_not_prioritized
brd-a13020530	BRD-A13020530	BRD-A13020530	12	3	HEPG2;HUH7;PHH	-0.38164549279544085	-0.428627762529585	0.22744896369321	0.3182178335264325	0.18024695332029034	-0.0840579769426276	-0.3556922323898309	0.08333333333333333	1	-0.38164549279544085	-0.38164549279544085	0.18024695332029034	0.18024695332029034	False	False	-0.26190409313754304	0.659713557033254	2.16662893853523	-3.5024724944058496	264	435.0	554	0	0	True	1543530	False	False	False	manual_review_required	unresolved_or_not_curated	False	Tier_4_not_prioritized
duloxetine	duloxetine	BRD-K71103788	4	2	HEPG2;PHH	0.21852189468012911	0.1440896673334969	0.1606272576110703	-0.0665861084125936	-0.0665861084125936	0.15588777435440865	-0.3005726069234134	0.0	1	0.21852189468012911	0.21852189468012911	-0.0665861084125936	-0.0665861084125936	False	False	0.005601470892701937	0.6497022333408441	0.18493302996736238	2.1732541979990767	265	83.0	206	0	1	True		True	True	False	manual_review_required	unresolved_or_not_curated	False	Tier_4_not_prioritized
ym-90709	YM-90709	BRD-K06712146	3	2	HEPG2;PHH	-0.1780928174654642	-0.1823518260692556	0.2036523137773786	0.1600942518562078	0.0509002497419714	0.0073152563667723	-0.007063523278616	0.0	1	-0.1780928174654642	-0.1780928174654642	0.0509002497419714	0.0509002497419714	False	False	0.0037834947274643003	0.6465618581350949	1.2918270168114845	-1.4147776468416717	266	337.0	467	0	1	True		True	True	False	manual_review_required	unresolved_or_not_curated	False	Tier_4_not_prioritized
brd-k09191212	BRD-K09191212	BRD-K09191212	3	2	HEPG2;PHH	0.0379224510656462	0.01845655942128765	-0.0448925037469182	0.4256174899637699	-0.0448925037469182	0.2005022843959667	-0.39545033224267023	0.0	1	0.0379224510656462	0.0379224510656462	-0.0448925037469182	-0.0448925037469182	False	False	0.0027771182746315903	0.6448234416912728	1.0974916859937727	0.6114002231832019	267	109.0	309	1	0	True	1208412	False	False	False	manual_review_required	unresolved_or_not_curated	False	Tier_4_not_prioritized
brd-k86336638	BRD-K86336638	BRD-K86336638	12	3	HEPG2;HUH7;PHH	-0.03654592256579125	-0.14336491572774113	0.10743466338941024	0.0398797718808055	-0.024264378240331952	0.006123187049986847	-0.5587460898502272	0.08333333333333333	1	-0.03654592256579125	-0.03654592256579125	-0.024264378240331952	-0.024264378240331952	False	False	-0.2732498578751268	0.6401148631925595	0.45247923086919056	-0.376658689489914	268	300.0	362	0	0	True	54654199	False	False	False	manual_review_required	unresolved_or_not_curated	False	Tier_4_not_prioritized
xe-991	XE-991	BRD-K42748308	3	2	HEPG2;PHH	-0.1017161004969643	-0.24032333066376546	0.2455041302101952	0.1468816548585891	0.1468816548585891	-0.0014006471379645	-0.010561536916250702	0.0	1	-0.1017161004969643	-0.1017161004969643	0.1468816548585891	0.1468816548585891	False	False	-0.006681415596089851	0.628484753748975	1.6230209643477047	-1.1016951079729127	269	228.0	375	0	1	True		True	True	False	manual_review_required	unresolved_or_not_curated	False	Tier_4_not_prioritized
sirolimus	sirolimus	BRD-A23770159;BRD-A79768653;BRD-K84937637;BRD-K89626439;BRD-K99369265	16	2	HEPG2;PHH	-0.23724646814581415	-0.5902048776236674	0.22042159895811755	0.23303464194759724	0.1082266373559832	-0.20547798805175316	-0.4379374424904762	0.125	5	-0.6254354097569983	0.13139334031277228	-0.4289860640253339	0.2579366033896804	True	True	-0.42444670929699124	0.6149876090524095	1.70669196277203	-3.073088909321128	270	354.0	498	0	1	True	44634693;5282071;5284616;73438890;73707374	True	True	True	manual_review_required	unresolved_or_not_curated	False	Tier_4_not_prioritized
spiramide	spiramide	BRD-K94512704	14	3	HEPG2;HUH7;PHH	0.31276151579287315	0.23635663014526165	-0.0018887354859283998	-0.10376191511750214	-0.2933904888174895	0.0795266233783747	-0.6699977446779875	0.07142857142857142	1	0.31276151579287315	0.31276151579287315	-0.2933904888174895	-0.2933904888174895	False	False	-0.25547224896061904	0.603380949820242	-0.9923506726970772	3.0717794990458556	271	87.0	193	1	1	True		True	True	False	manual_review_required	unresolved_or_not_curated	False	Tier_4_not_prioritized
ki-8751	KI-8751	BRD-K47150025	12	3	HEPG2;HUH7;PHH	0.04641076736152165	-0.10251405079745579	0.17199270374008585	-0.0673795714974403	-0.18820786569267509	-0.23362970663352856	-0.6683835900972582	0.16666666666666666	1	0.04641076736152165	0.04641076736152165	-0.18820786569267509	-0.18820786569267509	False	False	-0.5678215016821577	0.6033721933656211	-0.09464010283992479	0.2880482342452008	272	222.0	393	0	1	True		True	True	False	manual_review_required	unresolved_or_not_curated	False	Tier_4_not_prioritized
nafadotride	nafadotride	BRD-A71262238	3	2	HEPG2;PHH	-0.005612276494503	-0.14435942843556399	0.214550854904311	-0.1341995541006326	-0.1341995541006326	0.0711004151593125	-0.1865649229832112	0.0	1	-0.005612276494503	-0.005612276494503	-0.1341995541006326	-0.1341995541006326	False	False	-0.022182046332293107	0.6017089371193414	-0.02898752929568313	-0.1795423152920776	273	304.0	489	0	1	True	3408722	True	True	False	manual_review_required	unresolved_or_not_curated	False	Tier_4_not_prioritized
dactinomycin	dactinomycin	BRD-A73909368;BRD-K70578146	3	2	HEPG2;PHH	-0.9530805672208468	-0.9911597151723175	1.3137428505080089	0.5282703153789043	0.5282703153789043	0.1315776784091241	-0.3135023437558659	0.0	2	-0.9911597151723175	-0.8465324830677774	0.5282703153789043	0.6023594010621309	False	False	-0.025173493468808844	0.5965415061065175	6.932557618603571	-8.960369875731011	274	378.0	575	1	1	True	457193	True	True	False	manual_review_required	unresolved_or_not_curated	False	Tier_4_not_prioritized
kenpaullone	kenpaullone	BRD-K37312348	13	3	HEPG2;HUH7;PHH	-0.2723160104619132	-0.442863631579611	0.672926779304232	0.7292020358145237	0.3926863521337509	0.1614675803908279	-0.8778614224274717	0.07692307692307693	1	-0.2723160104619132	-0.2723160104619132	0.3926863521337509	0.3926863521337509	False	False	-0.27746313082290797	0.5965213940904615	5.270602135216851	-2.8393257877260423	275	27.0	383	3	1	True	3820	True	True	False	manual_review_required	unresolved_or_not_curated	False	Tier_4_not_prioritized
desipramine	desipramine	BRD-K60762818	3	2	HEPG2;PHH	-0.0468939625554614	-0.0857907194230291	0.073685986655099	0.2425645501352846	0.073685986655099	0.0023598295030376	-0.06499260045506709	0.0	1	-0.0468939625554614	-0.0468939625554614	0.073685986655099	0.073685986655099	False	False	-0.030136470724495948	0.5879684505194988	1.2081345992255148	-0.2635952326494284	276	205.0	312	0	1	True		True	True	False	manual_review_required	unresolved_or_not_curated	False	Tier_4_not_prioritized
alitretinoin	alitretinoin	BRD-K35483542	3	2	HEPG2;PHH	-0.2159124227861563	-0.33058308396074504	0.2989432151828493	0.125994483474642	0.125994483474642	-0.0023535872026094	-0.056517502211684646	0.0	1	-0.2159124227861563	-0.2159124227861563	0.125994483474642	0.125994483474642	False	False	-0.030612338308451722	0.5871464360231321	1.6668949181137571	-2.123118674137708	277	346.0	484	0	1	True	449171	True	True	False	manual_review_required	unresolved_or_not_curated	False	Tier_4_not_prioritized
estradiol	estradiol	BRD-A18917088;BRD-A23226398;BRD-K18910433	19	2	HEPG2;PHH	0.030981784272525	-0.02443236764520405	-0.1792571480785097	0.0480999816209077	-0.2200681822640555	-0.5071775963260157	-0.7875784566064202	0.2631578947368421	3	-0.00273478455427615	0.3019430515252881	-0.29336070389087715	0.0576618909835815	True	True	-0.9009668246292257	0.5745395305442124	-0.8810028089656422	0.4323541844117681	278	381.0	434	0	1	True	5757;628698	True	True	True	manual_review_required	unresolved_or_not_curated	False	Tier_4_not_prioritized
famciclovir	famciclovir	BRD-K45033733	3	2	HEPG2;PHH	-0.1377574113818506	-0.2581717620034598	0.2477071327822549	0.362393744289875	0.2188714189188821	-0.0141347728906169	-0.057272267457659454	0.0	1	-0.1377574113818506	-0.1377574113818506	0.2188714189188821	0.2188714189188821	False	False	-0.04277090661944663	0.5661437038689039	2.458081088985303	-1.3907971938772132	279	149.0	373	0	1	True		True	True	False	manual_review_required	unresolved_or_not_curated	False	Tier_4_not_prioritized
ketotifen	ketotifen	BRD-K28936863	4	2	HEPG2;PHH	0.03908244401423465	-0.037581291799950955	0.1382464385990585	-0.26305312290787697	-0.26305312290787697	-0.5039524738011616	-0.7178846245875494	0.25	1	0.03908244401423465	0.03908244401423465	-0.26305312290787697	-0.26305312290787697	False	False	-0.8628947860949363	0.5657629886794203	-0.9719980122528482	0.4436690531684579	280	366.0	515	0	1	True		True	True	False	manual_review_required	unresolved_or_not_curated	False	Tier_4_not_prioritized
thiorphan	thiorphan	BRD-A56012032	3	2	HEPG2;PHH	-0.0100376688771777	-0.058607273476405194	0.3049079041395868	-0.0160096837207674	-0.1373782604932785	-0.0108537305042975	-0.0686789464745079	0.0	1	-0.0100376688771777	-0.0100376688771777	-0.1373782604932785	-0.1373782604932785	False	False	-0.045193203741551446	0.5619594235858775	0.5863396780093194	0.059974168881658865	281	189.0	400	0	1	True		True	True	False	manual_review_required	unresolved_or_not_curated	False	Tier_4_not_prioritized
mrs-1334	MRS-1334	BRD-A06784547	3	2	HEPG2;PHH	0.179320072548257	-0.12006107821232737	0.2504428779440267	-0.0287249945104122	-0.0287249945104122	-0.0177936045053814	-0.06263705310116091	0.0	1	0.179320072548257	0.179320072548257	-0.0287249945104122	-0.0287249945104122	False	False	-0.049112131055961857	0.5551898616924743	0.6634987780986022	1.093467177983436	282	73.0	207	1	1	True		True	True	False	manual_review_required	unresolved_or_not_curated	False	Tier_4_not_prioritized
sa-1973497	SA-1973497	BRD-K45356824	12	3	HEPG2;HUH7;PHH	-0.12925522774457926	-0.3335312374143136	0.03608922873224531	0.2658032588660717	0.03608922873224531	-0.1564541103000501	-0.34277013183704436	0.08333333333333333	1	-0.12925522774457926	-0.12925522774457926	0.03608922873224531	0.03608922873224531	False	False	-0.3278391762185723	0.545817179261098	1.069016408891802	-1.571425934780815	283	319.0	424	0	0	True	54657695	True	True	False	manual_review_required	unresolved_or_not_curated	False	Tier_4_not_prioritized
rottlerin	rottlerin	BRD-K03816923;BRD-K39256324	7	2	HEPG2;PHH	-0.2044616436792744	-0.26520309563622707	0.2857446792934622	0.1402384787797927	0.0890575285468782	-0.0217803606674784	-0.06867895497837	0.0	2	-0.2494450501269764	-0.12233859424789739	0.0487649919731276	0.0890575285468782	False	False	-0.056119838156663396	0.5430847361968827	1.5755143491494383	-1.8445464836523544	284	330.0	478	0	1	True	5281847	True	True	False	manual_review_required	unresolved_or_not_curated	False	Tier_4_not_prioritized
pifithrin-alpha	pifithrin-alpha	BRD-K66874953	3	2	HEPG2;PHH	-0.2520277769201332	-0.28392821819418	0.1945948600769043	0.1788409575819969	0.0620071483509881	-0.0242348837828825	-0.07667281721082941	0.0	1	-0.2520277769201332	-0.2520277769201332	0.0620071483509881	0.0620071483509881	False	False	-0.0625712923882972	0.5319404828796779	1.3492113080718782	-2.2109876517178613	285	413.0	518	0	1	True	4817	True	True	False	manual_review_required	unresolved_or_not_curated	False	Tier_4_not_prioritized
gefitinib	gefitinib	BRD-K64052750	4	2	HEPG2;PHH	-0.011291920957672948	-0.04672017155422102	0.06642773960317885	0.04352619173005225	-0.0727787110289292	0.025609008642652697	-0.187649623222006	0.0	1	-0.011291920957672948	-0.011291920957672948	-0.0727787110289292	-0.0727787110289292	False	False	-0.06821580296835031	0.5221901454367933	0.2166607446184323	0.08902859792890397	286	292.0	335	0	1	True	123631	True	True	False	manual_review_required	unresolved_or_not_curated	False	Tier_4_not_prioritized
clomifene	clomifene	BRD-K04218075;BRD-K29950728	11	2	HEPG2;PHH	0.2632868703868654	0.1214710709949334	-0.0820094948368413	-0.1051154565066099	-0.2086895789418901	-0.0218995089923578	-0.692612143455162	0.09090909090909091	2	0.2057103353242079	0.3074872261948055	-0.29288050745214733	-0.1051154565066099	False	False	-0.3682055807199388	0.5190064454366639	-1.0192079342273654	2.392275537903688	287	148.0	292	0	1	True	1548955	True	True	False	manual_review_required	unresolved_or_not_curated	False	Tier_4_not_prioritized
amperozide	amperozide	BRD-K52397688	3	2	HEPG2;PHH	-0.1872864369716909	-0.2507418354766236	-0.134963429399899	0.3494875011965632	-0.134963429399899	0.0056398053623972	-0.15486181772402713	0.0	1	-0.1872864369716909	-0.1872864369716909	-0.134963429399899	-0.134963429399899	False	False	-0.07179110349961637	0.5160141650492713	0.3701734256704422	-1.6881525910850712	288	433.0	528	0	1	True		True	True	False	manual_review_required	unresolved_or_not_curated	False	Tier_4_not_prioritized
brd-k03113036	BRD-K03113036	BRD-K03113036	12	3	HEPG2;HUH7;PHH	-0.1232784303008682	-0.25302277707184356	-0.045596709208828995	0.20928244385868305	-0.045596709208828995	-0.1868492543534745	-0.32640581289703574	0.08333333333333333	1	-0.1232784303008682	-0.1232784303008682	-0.045596709208828995	-0.045596709208828995	False	False	-0.35005216080199236	0.5074464308622352	0.4468415534945283	-1.280976359471109	289	391.0	452	0	0	True	54654335	False	False	False	manual_review_required	unresolved_or_not_curated	False	Tier_4_not_prioritized
rolipram	rolipram	BRD-A34255068	4	2	HEPG2;PHH	0.006134291282958448	-0.1530264925418628	-0.2748973997575896	0.1345582618378103	-0.2748973997575896	-0.3910582364862046	-1.019478059065203	0.25	1	0.006134291282958448	0.006134291282958448	-0.2748973997575896	-0.2748973997575896	False	False	-0.9007972660188062	0.5002901786034032	-1.0487374495877977	-0.1306128118104115	290	412.0	504	0	1	True	448055	True	True	False	manual_review_required	unresolved_or_not_curated	False	Tier_4_not_prioritized
rotenone	rotenone	BRD-K08316444	13	3	HEPG2;HUH7;PHH	-0.1823041608764065	-0.3028484028246667	0.1956914620740073	0.2806804524734616	0.1753128878772258	0.0630347284946649	-0.2881487562424607	0.0	1	-0.1823041608764065	-0.1823041608764065	0.1753128878772258	0.1753128878772258	False	False	-0.08103964962656546	0.5000382103026354	1.9468446625276412	-1.8188492327000247	291	278.0	452	0	0	True	6758	True	True	False	manual_review_required	unresolved_or_not_curated	False	Tier_4_not_prioritized
brd-k74228917	BRD-K74228917	BRD-K74228917	12	3	HEPG2;HUH7;PHH	-0.10847043142550515	-0.17584507198383406	-0.05099262243935035	0.20069355331361288	-0.0652441840086664	-0.1267719467259234	-0.4920429227197365	0.08333333333333333	1	-0.10847043142550515	-0.10847043142550515	-0.0652441840086664	-0.0652441840086664	False	False	-0.37279340808579164	0.46816316055130636	0.3547638062927418	-0.9437802650269297	292	380.0	444	0	0	True	1635461	False	False	False	manual_review_required	unresolved_or_not_curated	False	Tier_4_not_prioritized
brd-k75418563	BRD-K75418563	BRD-K75418563	12	3	HEPG2;HUH7;PHH	-0.0641338264362679	-0.16637377865198585	0.01376578211784365	0.020791010931134196	-0.12920614198914596	-0.11179411835185	-0.5230747791753698	0.08333333333333333	1	-0.0641338264362679	-0.0641338264362679	-0.12920614198914596	-0.12920614198914596	False	False	-0.3733315079395349	0.4672336459233235	-0.15311619464466872	-0.6271813301704142	293	396.0	417	0	0	True	54618673	False	False	False	manual_review_required	unresolved_or_not_curated	False	Tier_4_not_prioritized
brd-a99518825	BRD-A99518825	BRD-A99518825	3	2	HEPG2;PHH	0.0194927321539984	-0.05187986170252165	0.2634495688336236	0.0828204872086644	-0.060378217271396	-0.0598534587844614	-0.08086190887519876	0.0	1	0.0194927321539984	0.0194927321539984	-0.060378217271396	-0.060378217271396	False	False	-0.10028441322206078	0.4667947720269199	0.9548657809953667	0.27215538300298225	294	127.0	255	0	0	True	4207918	False	False	False	manual_review_required	unresolved_or_not_curated	False	Tier_4_not_prioritized
alpha-linolenic-acid	alpha-linolenic-acid	BRD-K33396764	13	3	HEPG2;HUH7;PHH	-0.0484238339381085	-0.1329251660241021	-0.0613722556403705	0.1636937200091779	-0.0632509624119848	-0.1298964856902048	-0.4575963350870307	0.07692307692307693	1	-0.0484238339381085	-0.0484238339381085	-0.0632509624119848	-0.0632509624119848	False	False	-0.35869465323372013	0.45620192028105966	0.2182206209804085	-0.42089487169892126	295	340.0	401	0	1	True	5280934	True	True	False	manual_review_required	unresolved_or_not_curated	False	Tier_4_not_prioritized
brd-k60932973	BRD-K60932973	BRD-K60932973	14	3	HEPG2;HUH7;PHH	-0.005654249133335201	-0.050125524324054475	-0.03940012864768505	0.0921290516853332	-0.12134613788553644	-0.1629135605494772	-0.3722663214799785	0.07142857142857142	1	-0.005654249133335201	-0.005654249133335201	-0.12134613788553644	-0.12134613788553644	False	False	-0.34904672128946646	0.4417402427463018	-0.07867939455245415	0.11487085557189765	296	318.0	344	0	0	True	10452020	False	False	False	manual_review_required	unresolved_or_not_curated	False	Tier_4_not_prioritized
testosterone	testosterone	BRD-A55393291;BRD-K90553655	4	2	HEPG2;PHH	0.0698187952447269	-0.12482450861069885	0.13384285994938436	-0.14901331719011066	-0.14901331719011066	0.0322142536234524	-0.2942890522646763	0.0	2	-0.1138178615106476	0.2534554520001014	-0.1825500018894672	-0.1154766324907541	True	False	-0.11493027250888574	0.44149548909312764	-0.35245616020806586	0.36979456122302545	297	272.0	448	0	1	True	5408;5995;6010	True	True	True	manual_review_required	unresolved_or_not_curated	False	Tier_4_not_prioritized
brd-k55851396	BRD-K55851396	BRD-K55851396	12	3	HEPG2;HUH7;PHH	-0.10701178345415324	-0.3446189258506315	-0.0816063056034701	0.24794944189488885	-0.08229540647672755	-0.1233093330030521	-0.5395817732704538	0.08333333333333333	1	-0.10701178345415324	-0.10701178345415324	-0.08229540647672755	-0.08229540647672755	False	False	-0.39310021963827896	0.43308513877816734	0.36088955695857483	-1.4621222519142183	298	367.0	467	0	0	True	54654475	False	False	False	manual_review_required	unresolved_or_not_curated	False	Tier_4_not_prioritized
alaproclate	alaproclate	BRD-A14966924	3	2	HEPG2;PHH	-0.145738887704081	-0.1575605926983472	0.2610785812139511	0.0434625018388032	0.0434625018388032	0.0065316538222962	-0.2644569897092878	0.0	1	-0.145738887704081	-0.145738887704081	0.0434625018388032	0.0434625018388032	False	False	-0.1256968410323477	0.42289729980517254	1.0957995827437366	-1.1278318521728388	299	333.0	464	0	1	True		True	True	False	manual_review_required	unresolved_or_not_curated	False	Tier_4_not_prioritized
dioxybenzone	dioxybenzone	BRD-K22193694	3	2	HEPG2;PHH	-0.174816312889258	-0.2578021550758017	0.7297960817813873	0.2682884223759174	-0.1780864766665867	0.007229288548438	-0.2777937254295611	0.0	1	-0.174816312889258	-0.174816312889258	-0.1780864766665867	-0.1780864766665867	False	False	-0.13166757416634256	0.41258344495235494	2.6023281265177083	-1.6295151208143612	300	61.0	333	2	1	True		True	True	False	manual_review_required	unresolved_or_not_curated	False	Tier_4_not_prioritized
m-3m3fbs	m-3M3FBS	BRD-K09635314	3	2	HEPG2;PHH	-0.2511551951368649	-0.2735219916535748	0.0691046799932207	0.1827043704688549	-0.0104309916496276	0.0560236385180836	-0.3957255777001144	0.0	1	-0.2511551951368649	-0.2511551951368649	-0.0104309916496276	-0.0104309916496276	False	False	-0.1418391503319736	0.3950130465033948	0.8002642440422878	-2.1727976559330693	301	459.0	525	0	1	True	761523	True	True	False	manual_review_required	unresolved_or_not_curated	False	Tier_4_not_prioritized
aristolochic-acid	aristolochic-acid	BRD-K17110974	3	2	HEPG2;PHH	0.136090696685844	0.0692856709162394	-0.0437554589339665	0.0878971852362155	-0.0437554589339665	0.0381171891081427	-0.369231369656821	0.0	1	0.136090696685844	0.136090696685844	-0.0437554589339665	-0.0437554589339665	False	False	-0.1464984957202678	0.38696448513487514	0.0941704725905993	1.4057716603197465	302	161.0	223	0	1	True		True	True	False	manual_review_required	unresolved_or_not_curated	False	Tier_4_not_prioritized
rk-682	RK-682	BRD-A77349281	3	2	HEPG2;PHH	0.2933529590566953	-0.05303879371947712	-0.1810071468353271	0.0822125114500522	-0.1810071468353271	-0.0817600141264616	-0.13229813603388646	0.0	1	0.2933529590566953	0.2933529590566953	-0.1810071468353271	-0.1810071468353271	False	False	-0.1479090821434048	0.3845278356817692	-0.6843129641190194	2.041165491550435	303	98.0	202	2	1	True		True	True	False	manual_review_required	unresolved_or_not_curated	False	Tier_4_not_prioritized
rizatriptan	rizatriptan	BRD-K75699339	3	2	HEPG2;PHH	-0.2803861097329193	-0.32499131335256	0.1935357217277799	0.0260437615215778	0.0260437615215778	-0.052313341788711	-0.1947991940569842	0.0	1	-0.2803861097329193	-0.2803861097329193	0.0260437615215778	0.0260437615215778	False	False	-0.1497129388172031	0.38141185051021387	0.7972359755355907	-2.5229556425897	304	500.0	541	0	1	True		True	True	False	manual_review_required	unresolved_or_not_curated	False	Tier_4_not_prioritized
nsc-693868	NSC-693868	BRD-K31268420;BRD-K87932577	4	2	HEPG2;PHH	0.20663026244276095	0.06746399081829518	0.003062563815287151	-0.10045219119638205	-0.1590473591350019	0.007257161957640507	-0.3214292058070737	0.0	2	0.0918399033447107	0.34861606318089694	-0.22428197506815195	-0.1590473591350019	False	False	-0.15345744094589633	0.3749435909875229	-0.6239268396652915	1.8566613579771145	305	162.0	275	0	1	True	438981	True	True	False	manual_review_required	unresolved_or_not_curated	False	Tier_4_not_prioritized
yc-1	YC-1	BRD-K60476892	14	3	HEPG2;HUH7;PHH	-0.0957693381545444	-0.24680343642830843	0.1187843305191823	0.09377273265272375	-0.0004089358927948025	-0.021219268138150803	-0.26784985892785085	0.0	1	-0.0957693381545444	-0.0957693381545444	-0.0004089358927948025	-0.0004089358927948025	False	False	-0.15514419760207623	0.3720298845910986	0.7085608990160073	-1.083467434619671	306	328.0	404	0	1	True	5712	True	True	False	manual_review_required	unresolved_or_not_curated	False	Tier_4_not_prioritized
asiatic-acid	asiatic-acid	BRD-A72758037	3	2	HEPG2;PHH	-0.230207969331079	-0.3209339696913957	0.1509294041565486	-0.0024962807074189	-0.0024962807074189	-0.061796532914279	-0.20149218115127746	0.0	1	-0.230207969331079	-0.230207969331079	-0.0024962807074189	-0.0024962807074189	False	False	-0.16254262348991771	0.35924983077960443	0.5115189357272844	-2.185476099399799	307	493.0	524	0	1	True		True	True	False	manual_review_required	unresolved_or_not_curated	False	Tier_4_not_prioritized
dorsomorphin	dorsomorphin	BRD-K54233340	4	2	HEPG2;PHH	-0.33469823646980024	-0.443657503152887	0.1876058429479599	0.2798100132495165	0.1876058429479599	-0.08822478858443594	-0.15204991605354562	0.0	1	-0.33469823646980024	-0.33469823646980024	0.1876058429479599	0.1876058429479599	False	False	-0.16424974661120875	0.35630094331574547	1.9515225959159888	-3.245594159248246	308	430.0	545	0	1	True		True	True	False	manual_review_required	unresolved_or_not_curated	False	Tier_4_not_prioritized
tamoxifen	tamoxifen	BRD-K43744935;BRD-K93754473	17	2	HEPG2;PHH	0.0022784111400445	-0.1043000088797675	-0.0584906062909535	0.036412273067981	-0.1460595764219761	-0.0878351049586421	-0.5483564371132247	0.058823529411764705	2	-0.11200277590089369	0.083022820452849	-0.1460595764219761	0.049557576089033106	True	True	-0.36201332351525445	0.3479314908320114	-0.3655501876763234	-0.0031953434091117044	309	353.0	355	0	1	True	2733526;3032583	True	True	True	manual_review_required	unresolved_or_not_curated	False	Tier_4_not_prioritized
clemastine	clemastine	BRD-K30240666	3	2	HEPG2;PHH	-0.0059121764368481	-0.0755431158468127	-0.0391561612486839	0.1792141329497099	-0.0391561612486839	-0.0499688199617796	-0.238270197995007	0.0	1	-0.0059121764368481	-0.0059121764368481	-0.0391561612486839	-0.0391561612486839	False	False	-0.16910391895928312	0.34791583751633376	0.3926839521328751	0.03371638031141384	310	270.0	345	0	1	True		True	True	False	manual_review_required	unresolved_or_not_curated	False	Tier_4_not_prioritized
fipronil	fipronil	BRD-A50675702	3	2	HEPG2;PHH	-0.4082249907983674	-0.4333786596026685	0.5068221597799233	0.1840000115334987	0.1840000115334987	-0.0906320181896999	-0.1619869862564854	0.0	1	-0.4082249907983674	-0.4082249907983674	0.1840000115334987	0.1840000115334987	False	False	-0.1716255113179426	0.34356003446810957	2.6101797863600633	-3.6893723065927997	311	410.0	556	0	1	True		True	True	False	manual_review_required	unresolved_or_not_curated	False	Tier_4_not_prioritized
inca-6	INCA-6	BRD-K33308633	3	2	HEPG2;PHH	0.1003925369845496	-0.03246846091416146	-0.1387186614530427	0.1677214317023754	-0.1387186614530427	-0.0047627560469129	-0.3516596760009489	0.0	1	0.1003925369845496	0.1003925369845496	-0.1387186614530427	-0.1387186614530427	False	False	-0.18059259404738734	0.32807028008633543	-0.19405869600539366	0.8565038471114438	312	201.0	338	0	1	True		True	True	False	manual_review_required	unresolved_or_not_curated	False	Tier_4_not_prioritized
sa-1973509	SA-1973509	BRD-K66555347	12	3	HEPG2;HUH7;PHH	-0.17174651416846445	-0.2946039661765098	-0.019548082990305735	0.15820953063666815	-0.06150760089180295	-0.20958285976482166	-0.4987252373654868	0.08333333333333333	1	-0.17174651416846445	-0.17174651416846445	-0.06150760089180295	-0.06150760089180295	False	False	-0.45894547844756506	0.31934392361003805	0.331321119457916	-1.72473030960403	313	454.0	489	0	0	True	54657693	True	True	False	manual_review_required	unresolved_or_not_curated	False	Tier_4_not_prioritized
tetramisole	tetramisole	BRD-A46393198	3	2	HEPG2;PHH	-0.0766611066129472	-0.155583141112907	0.1424219057496105	0.1138913428876549	0.1138913428876549	-0.1063485512942341	-0.1630518059846797	0.0	1	-0.0766611066129472	-0.0766611066129472	0.1138913428876549	0.1138913428876549	False	False	-0.18787445428657396	0.3154915819800906	1.1318179151906431	-0.6745234436140229	314	287.0	367	0	1	True		True	True	False	manual_review_required	unresolved_or_not_curated	False	Tier_4_not_prioritized
epirubicin	epirubicin	BRD-K04548931	3	2	HEPG2;PHH	-0.7277194501625167	-0.7483986201469734	0.3835000076464244	0.2421302385628223	0.2421302385628223	0.005291130615487	-0.3872436089958582	0.0	1	-0.7277194501625167	-0.7277194501625167	0.2421302385628223	0.2421302385628223	False	False	-0.1883306738824421	0.31470350745269215	2.56401628329486	-6.742505484143387	315	568.0	574	0	1	True	32875	True	True	False	manual_review_required	unresolved_or_not_curated	False	Tier_4_not_prioritized
sb-203580	SB-203580	BRD-A37704979;BRD-K99291625	4	2	HEPG2;PHH	-0.0221966569208436	-0.131619231775403	-0.13203987745302065	0.061299135908484445	-0.14730363698410137	-0.04817046017371229	-0.2941720702995856	0.0	2	-0.0221966569208436	0.0281195179041889	-0.2917291953095368	0.02620349658120955	True	True	-0.19525649532350509	0.30273983138870053	-0.5142116171197482	-0.2470485151477108	316	403.0	436	0	1	True	176155;6610350	True	True	True	manual_review_required	unresolved_or_not_curated	False	Tier_4_not_prioritized
fexofenadine	fexofenadine	BRD-A73368467	3	2	HEPG2;PHH	-0.0663916685928901	-0.17660974845704108	-0.2643785625696182	0.2579125054180622	-0.2643785625696182	-0.0353995133708748	-0.3316364419528298	0.0	1	-0.0663916685928901	-0.0663916685928901	-0.2643785625696182	-0.2643785625696182	False	False	-0.2012177343472897	0.2924423766784563	-0.6216047514514711	-0.6738053771387297	317	411.0	532	0	1	True		True	True	False	manual_review_required	unresolved_or_not_curated	False	Tier_4_not_prioritized
cortisone-acetate	cortisone-acetate	BRD-A54487287	3	2	HEPG2;PHH	0.0765768285426828	-0.044874590511123344	-0.0530256692852292	-0.0650312546640634	-0.0650312546640634	-0.106419899131334	-0.19740791095509413	0.0	1	0.0765768285426828	0.0765768285426828	-0.0650312546640634	-0.0650312546640634	False	False	-0.20512385460888105	0.28569493771048016	-0.4451652575106132	0.6635542435223599	318	322.0	374	0	1	True		True	True	False	manual_review_required	unresolved_or_not_curated	False	Tier_4_not_prioritized
perphenazine	perphenazine	BRD-K10995081	3	2	HEPG2;PHH	0.1176111068990495	0.08408749289810655	-0.0979566148349217	-0.0520946932956576	-0.1065312423743307	-0.1063228063137521	-0.20135133547176198	0.0	1	0.1176111068990495	0.1176111068990495	-0.1065312423743307	-0.1065312423743307	False	False	-0.2069984740496331	0.2824567168115919	-0.6469947564596851	1.3324452460456042	319	294.0	366	0	1	True		True	True	False	manual_review_required	unresolved_or_not_curated	False	Tier_4_not_prioritized
obaa	OBAA	BRD-K48029790;BRD-K85318537	4	2	HEPG2;PHH	0.027818999977575396	-0.091347279984297	-0.09198350512555664	0.1889821582008153	-0.09198350512555664	-0.061656931173130244	-0.29200674572013435	0.0	2	-0.1732241874043312	0.07640692115657854	-0.28405298851430416	0.11006328357117519	True	True	-0.2076603040331974	0.2813134705410693	0.12879344147620517	0.20262831988985094	320	255.0	362	0	1	True	5353842	True	True	True	manual_review_required	unresolved_or_not_curated	False	Tier_4_not_prioritized
thiothixene	thiothixene	BRD-K55070890;BRD-K97309399	3	2	HEPG2;PHH	-0.0430271708303027	-0.1350330289246307	0.4730785723243441	-0.0252624968998134	-0.0252624968998134	-0.1203981938934515	-0.17617746468426448	0.0	2	-0.04774444063918459	-0.0430271708303027	-0.13475311989895994	0.0800431929528713	False	True	-0.20848692623558374	0.2798855619036882	1.3482883114153155	-0.3925551447606988	321	139.0	436	1	1	True	6444849;941650	True	True	True	manual_review_required	unresolved_or_not_curated	False	Tier_4_not_prioritized
estrone	estrone	BRD-K81839095	8	2	HEPG2;PHH	-0.04472111682924955	-0.0837815266050812	-0.0323639991027968	-0.0647606514394283	-0.0647606514394283	-0.07365537985479315	-0.2725330419572336	0.0	1	-0.04472111682924955	-0.04472111682924955	-0.0647606514394283	-0.0647606514394283	False	False	-0.20992190083340995	0.27740678427499227	-0.3818949483890026	-0.24324782690496055	322	435.0	472	0	1	True	5870;7059423	True	True	False	manual_review_required	unresolved_or_not_curated	False	Tier_4_not_prioritized
crizotinib	crizotinib	BRD-K78431006	8	2	HEPG2;PHH	-0.29006733579768074	-0.6801875618596872	0.5029936209321022	0.2570795742794871	0.1702013558575085	-0.0007516391250113053	-0.4331184445569912	0.0	1	-0.29006733579768074	-0.29006733579768074	0.1702013558575085	0.1702013558575085	False	False	-0.21731086140350692	0.2646430808699159	2.781903849208038	-3.6963768296423325	323	239.0	501	0	1	True	11626560	True	True	False	manual_review_required	unresolved_or_not_curated	False	Tier_4_not_prioritized
o-3m3fbs	O-3M3FBS	BRD-K46384212	3	2	HEPG2;PHH	0.6550976476735539	0.36746548923353356	-0.2308428564241954	-0.2339062467217445	-0.3578616098633834	0.0579987074551542	-0.5508911324210376	0.0	1	0.6550976476735539	0.6550976476735539	-0.3578616098633834	-0.3578616098633834	False	False	-0.2174468587553646	0.2644081588065864	-2.2308455379677987	5.697641438769465	324	33.0	203	4	1	True		True	True	False	manual_review_required	unresolved_or_not_curated	False	Tier_4_not_prioritized
indirubin-3-monoxime	indirubin-3-monoxime	BRD-K19136521	3	2	HEPG2;PHH	-0.219887163490057	-0.2437671867923604	0.6673724949359894	-0.0284934863448143	-0.0284934863448143	0.0568121112883091	-0.54918282199651	0.0	1	-0.219887163490057	-0.219887163490057	-0.0284934863448143	-0.0284934863448143	False	False	-0.21777929970994592	0.2638338997205184	1.9112126036265988	-1.8773587291787874	325	220.0	528	1	1	True		True	True	False	manual_review_required	unresolved_or_not_curated	False	Tier_4_not_prioritized
carbamazepine	carbamazepine	BRD-K71799949	4	2	HEPG2;PHH	-0.19873223143319285	-0.36121783162363696	-0.05263794692499296	-0.016537861432880198	-0.14481207269376944	-0.5787810583613694	-0.9292937334560389	0.25	1	-0.19873223143319285	-0.19873223143319285	-0.14481207269376944	-0.14481207269376944	False	False	-1.043427925089389	0.253909728799	-0.5031583234393822	-2.107715118587517	326	512.0	526	0	1	True		True	True	False	manual_review_required	unresolved_or_not_curated	False	Tier_4_not_prioritized
tyrphostin-ag-1478	tyrphostin-AG-1478	BRD-K68336408	3	2	HEPG2;PHH	0.1765397468374835	0.06255852679411569	-0.1067892738751002	0.0161167345941066	-0.1067892738751002	0.0449125554471735	-0.5523507643402332	0.0	1	0.1765397468374835	0.1765397468374835	-0.1067892738751002	-0.1067892738751002	False	False	-0.23126282672294313	0.24054243158835406	-0.47013951392498826	1.6465521799868665	327	191.0	289	0	1	True		True	True	False	manual_review_required	unresolved_or_not_curated	False	Tier_4_not_prioritized
icilin	icilin	BRD-K48869804	3	2	HEPG2;PHH	0.0877755267752541	0.001648538487239004	0.2681253073470933	-0.0309604778885841	-0.1520286556333303	-0.1612725211898722	-0.164204650011564	0.0	1	0.0877755267752541	0.0877755267752541	-0.1520286556333303	-0.1520286556333303	False	False	-0.2433748461956542	0.2196201079787472	0.39419628186642325	0.8815262853175969	328	133.0	304	0	1	True		True	True	False	manual_review_required	unresolved_or_not_curated	False	Tier_4_not_prioritized
enrofloxacin	enrofloxacin	BRD-K76534306	3	2	HEPG2;PHH	0.0465186795012818	0.03323433848304875	0.1518928621496473	-0.1363520491868257	-0.1363520491868257	-0.1232535484291258	-0.24975256539053386	0.0	1	0.0465186795012818	0.0465186795012818	-0.1363520491868257	-0.1363520491868257	False	False	-0.24812983112439274	0.211406338700881	-0.22824865025604696	0.7132541684424021	329	281.0	456	0	1	True		True	True	False	manual_review_required	unresolved_or_not_curated	False	Tier_4_not_prioritized
brd-k68866125	BRD-K68866125	BRD-K68866125	12	3	HEPG2;HUH7;PHH	-0.34158457339637804	-0.5338889485639002	0.20721999715481482	0.2649506460875273	0.09766351591263495	-0.28392582172380076	-0.4792116813709043	0.08333333333333333	1	-0.34158457339637804	-0.34158457339637804	0.09766351591263495	0.09766351591263495	False	False	-0.523531662409253	0.2077776365345787	1.7356129383001002	-3.572336341062149	330	446.0	547	0	0	True	3290072	False	False	False	manual_review_required	unresolved_or_not_curated	False	Tier_4_not_prioritized
oxaprozin	oxaprozin	BRD-K25394294	15	3	HEPG2;HUH7;PHH	-0.0365935679939058	-0.21211544124202591	-0.0828333316104752	-0.0179793387651443	-0.1024216966969626	-0.1432096108808995	-1.0935414071852665	0.13333333333333333	1	-0.0365935679939058	-0.0365935679939058	-0.1024216966969626	-0.1024216966969626	False	False	-0.6899803144735328	0.20351448556497442	-0.48927910166022154	-0.5919612394083369	331	427.0	441	0	1	True		True	True	False	manual_review_required	unresolved_or_not_curated	False	Tier_4_not_prioritized
thiotepa	thiotepa	BRD-K09631521	3	2	HEPG2;PHH	0.1770916614267561	0.10533749974436224	-0.2907357066869735	-0.2634223904460668	-0.4316499889828264	-0.8315761698823836	-1.0346699949087843	0.3333333333333333	1	0.1770916614267561	0.1770916614267561	-0.4316499889828264	-0.4316499889828264	False	False	-1.3489111673367757	0.19831834475214372	-2.6869308445896136	1.783901450211216	332	449.0	527	0	1	True		True	True	False	manual_review_required	unresolved_or_not_curated	False	Tier_4_not_prioritized
brd-k57064803	BRD-K57064803	BRD-K57064803	18	3	HEPG2;HUH7;PHH	-0.011229003055228101	-0.2425960980148779	0.00476765419755665	0.11646127840504045	-0.083442308407809	-0.18664163168859735	-0.8689233124670055	0.1111111111111111	1	-0.011229003055228101	-0.011229003055228101	-0.083442308407809	-0.083442308407809	False	False	-0.6211032879221001	0.19659920760070437	0.2230842287733763	-0.5231002480624395	333	289.0	308	0	0	True	54646218	False	False	False	manual_review_required	unresolved_or_not_curated	False	Tier_4_not_prioritized
ichthynone	ichthynone	BRD-K28167849	12	3	HEPG2;HUH7;PHH	-0.3897085276742776	-0.6417204727315241	0.23067659884691233	0.4108785865828395	0.18296750102724346	-0.1334161685838822	-0.8038933323696256	0.08333333333333333	1	-0.3897085276742776	-0.3897085276742776	0.18296750102724346	0.18296750102724346	False	False	-0.535362834768695	0.1873404487193684	2.4602522127073225	-4.2210384665280145	334	421.0	553	0	0	True		True	True	False	manual_review_required	unresolved_or_not_curated	False	Tier_4_not_prioritized
diethylcarbamazine	diethylcarbamazine	BRD-K45542189	3	2	HEPG2;PHH	-0.0252540904200739	-0.15946701075881717	-0.1792047598532267	0.3509316965937614	-0.1792047598532267	-0.066199563532358	-0.40252749694304324	0.0	1	-0.0252540904200739	-0.0252540904200739	-0.1792047598532267	-0.1792047598532267	False	False	-0.2674633120038796	0.178009650033716	0.1290346943660447	-0.353923144471482	335	273.0	475	0	1	True		True	True	False	manual_review_required	unresolved_or_not_curated	False	Tier_4_not_prioritized
diloxanide	diloxanide	BRD-K10974103	3	2	HEPG2;PHH	-0.0766750025666422	-0.251641773023746	0.053699995790209	0.0452749924734234	0.0055855344980955	-0.1692692647274169	-0.20272642425039689	0.0	1	-0.0766750025666422	-0.0766750025666422	0.0055855344980955	0.0055855344980955	False	False	-0.2706324768526154	0.17253522913414335	0.3843396101846928	-0.9750044616811601	336	371.0	404	0	1	True		True	True	False	manual_review_required	unresolved_or_not_curated	False	Tier_4_not_prioritized
zd-7114	ZD-7114	BRD-K45296539	3	2	HEPG2;PHH	-0.0151646346267726	-0.22791704421655995	0.143178607736315	0.0528950728476047	-0.0703746506146022	-0.1294663994321747	-0.28621890423597673	0.0	1	-0.0151646346267726	-0.0151646346267726	-0.0703746506146022	-0.0703746506146022	False	False	-0.27257585155016306	0.1691782402844785	0.48027048697199887	-0.5026708811856536	337	247.0	328	0	1	True		True	True	False	manual_review_required	unresolved_or_not_curated	False	Tier_4_not_prioritized
le-135	LE-135	BRD-K06593056	3	2	HEPG2;PHH	-0.1102972196208106	-0.2199624929991033	-0.1080571434327534	0.3617499954998493	-0.1080571434327534	-0.1753721729822693	-0.22405287427901627	0.0	1	-0.1102972196208106	-0.1102972196208106	-0.1080571434327534	-0.1080571434327534	False	False	-0.2873986101217774	0.14357338121691185	0.5561119978967076	-1.0935670452518333	338	325.0	482	0	1	True	10410894	True	True	False	manual_review_required	unresolved_or_not_curated	False	Tier_4_not_prioritized
raloxifene	raloxifene	BRD-K63828191	27	2	HEPG2;PHH	0.0600563643707169	-0.010583139955997401	-0.2004257866314479	-0.0694825937971472	-0.257151348516345	-0.35648111112061	-0.6010435163671712	0.1111111111111111	1	0.0600563643707169	0.0600563643707169	-0.257151348516345	-0.257151348516345	False	False	-0.6570028693041956	0.1345862079669201	-1.39068576197864	0.663856059094122	339	425.0	476	0	1	True		True	True	False	manual_review_required	unresolved_or_not_curated	False	Tier_4_not_prioritized
brd-k81164606	BRD-K81164606	BRD-K81164606	12	3	HEPG2;HUH7;PHH	-0.0930417585704061	-0.3136040108381874	0.13970455793397762	0.2903335657902062	0.0414541235991887	-0.1624134833820992	-0.2750590279114447	0.0	1	-0.0930417585704061	-0.0930417585704061	0.0414541235991887	0.0414541235991887	False	False	-0.2999429973378216	0.12190418481166987	1.4658399054359064	-1.2747087747228207	340	196.0	350	0	0	True	54649959	False	False	False	manual_review_required	unresolved_or_not_curated	False	Tier_4_not_prioritized
brd-k46088987	BRD-K46088987	BRD-K46088987	12	3	HEPG2;HUH7;PHH	-0.19721877088563305	-0.300435929869612	0.0782255493104458	0.3232711339369416	0.0254531694310052	-0.0632812732549769	-0.47367423574351475	0.0	1	-0.19721877088563305	-0.19721877088563305	0.0254531694310052	0.0254531694310052	False	False	-0.3001183911267343	0.12160120927410455	1.3395743549753703	-1.907843875900137	341	338.0	473	0	0	True	54650090	False	False	False	manual_review_required	unresolved_or_not_curated	False	Tier_4_not_prioritized
brd-k02269790	BRD-K02269790	BRD-K02269790	12	3	HEPG2;HUH7;PHH	-0.06392157346838045	-0.19235395971271727	-0.17587682924100326	0.0300202658399939	-0.25554927864245003	-0.4825097844669861	-0.7300660371251907	0.16666666666666666	1	-0.06392157346838045	-0.06392157346838045	-0.25554927864245003	-0.25554927864245003	False	False	-0.8475428030295815	0.12018112845056439	-1.0157283919955293	-0.7070517462610336	342	475.0	492	0	0	True	4671491	False	False	False	manual_review_required	unresolved_or_not_curated	False	Tier_4_not_prioritized
brd-k94818765	BRD-K94818765	BRD-K94818765	12	3	HEPG2;HUH7;PHH	-0.01646298718535235	-0.20224810324402318	0.021922266909054352	-0.058419480454176595	-0.17467391703810004	-0.32077851418464903	-0.5219487398253044	0.08333333333333333	1	-0.01646298718535235	-0.01646298718535235	-0.17467391703810004	-0.17467391703810004	False	False	-0.5817528840973012	0.10720619641689277	-0.481868035718214	-0.4308038367386622	343	381.0	444	0	0	True	695345	False	False	False	manual_review_required	unresolved_or_not_curated	False	Tier_4_not_prioritized
pirenperone	pirenperone	BRD-K25224017	3	2	HEPG2;PHH	-0.0160222225305106	-0.12488148516664895	0.1105476181421961	0.100358348339796	0.100358348339796	-0.1282877645617912	-0.3625561517131115	0.0	1	-0.0160222225305106	-0.0160222225305106	0.100358348339796	0.100358348339796	False	False	-0.30956584041834695	0.10528166885313557	0.9614456536156206	-0.1860127840227211	344	240.0	284	0	1	True		True	True	False	manual_review_required	unresolved_or_not_curated	False	Tier_4_not_prioritized
glimepiride	glimepiride	BRD-K34776109;BRD-K42693031	4	2	HEPG2;PHH	-0.01839305584629375	-0.1248250051091114	0.1338642867548125	0.06568124867044389	-0.09210937307216224	-0.19826040282431576	-0.22782658307724407	0.0	2	-0.1857944474452071	0.0456708330247137	-0.1372700840168233	-0.07912857072161775	True	False	-0.3121736943629378	0.10077685739058377	0.4350398046422581	-0.20118202054956325	345	250.0	311	0	1	True	3476	True	True	True	manual_review_required	unresolved_or_not_curated	False	Tier_4_not_prioritized
estriol	estriol	BRD-A84205515;BRD-K17016787	16	2	HEPG2;PHH	0.060239401180297095	-0.19632984552946353	-0.1565704060984509	-0.0154309328645467	-0.16152681540032582	-0.2400823109487574	-0.5639379251977458	0.0625	2	0.052044738549739095	0.1720681748508165	-0.16152681540032582	-0.14534102220620423	False	False	-0.5220512735476303	0.09230963718893787	-0.8533257043164024	0.08418044766646765	346	369.0	417	0	1	True	3269;40488277;5756;6710621	True	True	False	manual_review_required	unresolved_or_not_curated	False	Tier_4_not_prioritized
simvastatin	simvastatin	BRD-K22134346	16	3	HEPG2;HUH7;PHH	0.12819521646532744	0.05198837827063263	-0.051055009875978705	-0.12236953061074014	-0.2231877595186233	-0.25537398890666074	-0.5442312158965728	0.0625	1	0.12819521646532744	0.12819521646532744	-0.2231877595186233	-0.2231877595186233	False	False	-0.5274895968549471	0.08291546800140409	-1.0153446551661252	1.3005745655529675	347	297.0	376	0	1	True	73707467	True	True	False	manual_review_required	unresolved_or_not_curated	False	Tier_4_not_prioritized
nilotinib	nilotinib	BRD-K81528515	8	2	HEPG2;PHH	-0.1217968476315339	-0.2451305698810352	-0.01192579418420785	-0.04488710593432185	-0.04800263206873615	-0.050902363356380195	-0.5445196370498114	0.0	1	-0.1217968476315339	-0.1217968476315339	-0.04800263206873615	-0.04800263206873615	False	False	-0.3231621818812859	0.08179532484293625	-0.21850453065464823	-1.246706191189337	348	474.0	501	0	1	True	644241	True	True	False	manual_review_required	unresolved_or_not_curated	False	Tier_4_not_prioritized
bithionol	bithionol	BRD-K39120595	3	2	HEPG2;PHH	-0.2492372607812285	-0.4023908444473313	0.1148928595440728	-0.0224812533706426	-0.0310500008719308	-0.1529999935467328	-0.34803024931470794	0.0	1	-0.2492372607812285	-0.2492372607812285	-0.0310500008719308	-0.0310500008719308	False	False	-0.3270151182040868	0.07513975590379511	0.27098328048414455	-2.5633773143763094	349	520.0	538	0	1	True		True	True	False	manual_review_required	unresolved_or_not_curated	False	Tier_4_not_prioritized
brd-k19914944	BRD-K19914944	BRD-K19914944	12	3	HEPG2;HUH7;PHH	0.08079707374175385	-0.08038853191667125	-0.14146389280046728	0.1563276974484324	-0.18086258827575613	-0.2585655890094737	-0.6842929457207136	0.08333333333333333	1	0.08079707374175385	0.08079707374175385	-0.18086258827575613	-0.18086258827575613	False	False	-0.6007120618698305	0.07445607959098777	-0.34415620469890873	0.5798130097000246	350	243.0	359	0	0	True	54650153	False	False	False	manual_review_required	unresolved_or_not_curated	False	Tier_4_not_prioritized
estropipate	estropipate	BRD-A22143024	3	2	HEPG2;PHH	0.392970222617603	0.2171990014871375	-0.1775113684790475	-0.1215534284710884	-0.1775113684790475	-0.0228292285760361	-0.6124076376676499	0.0	1	0.392970222617603	0.392970222617603	-0.1775113684790475	-0.1775113684790475	False	False	-0.32903304740986106	0.07165398146629448	-1.274085187141577	3.5310429734434505	351	99.0	286	1	1	True	6093179	True	True	False	manual_review_required	unresolved_or_not_curated	False	Tier_4_not_prioritized
brd-a65142661	BRD-A65142661	BRD-A65142661	12	3	HEPG2;HUH7;PHH	-0.022405346441600048	-0.1984635628759861	-0.1535549914198262	0.02142151258885855	-0.1535549914198262	-0.30679543203275117	-0.5949279315333578	0.08333333333333333	1	-0.022405346441600048	-0.022405346441600048	-0.1535549914198262	-0.1535549914198262	False	False	-0.60425939779943	0.06832840530526813	-0.7137424669818881	-0.4574324843540132	352	443.0	456	0	0	True	2850171	False	False	False	manual_review_required	unresolved_or_not_curated	False	Tier_4_not_prioritized
practolol	practolol	BRD-A41304429	3	2	HEPG2;PHH	0.4478504505629341	0.19432661335708368	-0.1404714179890496	-0.3019874850288033	-0.3019874850288033	-0.1398745815136602	-0.3843841028384982	0.0	1	0.4478504505629341	0.4478504505629341	-0.3019874850288033	-0.3019874850288033	False	False	-0.3320666329329093	0.06641376053091426	-2.0212497972751007	3.8147443667468375	353	111.0	335	1	1	True		True	True	False	manual_review_required	unresolved_or_not_curated	False	Tier_4_not_prioritized
doxepin	doxepin	BRD-K36616567;BRD-K37694030;BRD-K54462405	8	2	HEPG2;PHH	0.017751499596569298	-0.19133215545055762	-0.206677817340408	0.07039185054600235	-0.24209285727036844	-0.3486056741334439	-0.7931035098191055	0.125	3	-0.165344342485898	0.4496143830215765	-0.3565945412431444	0.2288571503013372	True	True	-0.7451574290429966	0.060991351143988015	-0.9526873931675383	-0.17520537452999912	354	402.0	468	0	1	True		True	True	True	manual_review_required	unresolved_or_not_curated	False	Tier_4_not_prioritized
brd-k65997856	BRD-K65997856	BRD-K65997856	12	3	HEPG2;HUH7;PHH	0.089412374732395	-0.1605802011779613	-0.12418795270579194	-0.04239490814507005	-0.16363679298332756	-0.2473950492705972	-0.7223526816149907	0.08333333333333333	1	0.089412374732395	0.089412374732395	-0.16363679298332756	-0.16363679298332756	False	False	-0.6085713900780925	0.06087986230551784	-0.8425254647058612	0.38480538991436725	355	334.0	394	0	0	True	54618712	False	False	False	manual_review_required	unresolved_or_not_curated	False	Tier_4_not_prioritized
desoximetasone	desoximetasone	BRD-A49447682;BRD-K30697463	4	2	HEPG2;PHH	-0.01306416549616385	-0.033435420495354425	0.028657141008547403	0.10130099952220914	-0.1302347795239516	-0.1301662606142816	-0.4132719840041346	0.0	2	-0.024250001543098	0.174958675685856	-0.2422766983509063	-0.0181928606969969	True	False	-0.3368022526163489	0.05823344281162891	0.1294584735605285	0.1191008586324628	356	282.0	306	0	1	True	5311067	True	True	True	manual_review_required	unresolved_or_not_curated	False	Tier_4_not_prioritized
fluticasone	fluticasone	BRD-A59943784;BRD-K14791739	3	2	HEPG2;PHH	-0.17807972845104	-0.2715162537578079	0.0990395758833204	0.0394939258694648	-0.0671679116785526	-0.1088129775746474	-0.4589524888950918	0.0	2	-0.3649527790645758	0.005393400581346644	-0.2631645628384181	-0.013836992904543901	True	False	-0.3382892220221933	0.055664849260672694	0.3164562828233798	-1.6935246918021054	357	458.0	495	0	1	True	25320895;44483336;73707412	True	True	True	manual_review_required	unresolved_or_not_curated	False	Tier_4_not_prioritized
prednicarbate	prednicarbate	BRD-K46137903	3	2	HEPG2;PHH	-0.0536851191168857	-0.13770506052403808	-0.0215571309838976	-0.0929375011473894	-0.0929375011473894	-0.1117535656879818	-0.4566756597468777	0.0	1	-0.0536851191168857	-0.0536851191168857	-0.0929375011473894	-0.0929375011473894	False	False	-0.34009139556142065	0.052551771538717436	-0.5059158893528678	-0.4698974737759014	358	453.0	492	0	1	True	73707478	True	True	False	manual_review_required	unresolved_or_not_curated	False	Tier_4_not_prioritized
mycophenolic-acid	mycophenolic-acid	BRD-K31542390;BRD-K63750851	27	3	HEPG2;HUH7;PHH	-0.1684679202735424	-0.26193618660585744	0.0535116962024143	-0.021758034825325	-0.0705508030951023	-0.2509037386034689	-0.43887231651220526	0.037037037037037035	2	-0.17338728842635945	-0.0653916622201601	-0.12979539856314654	-0.0504963972738811	False	False	-0.4703398968595715	0.03738290609819567	-0.01142212254682183	-1.6013512287214196	359	492.0	505	0	1	True	446541	True	True	False	manual_review_required	unresolved_or_not_curated	False	Tier_4_not_prioritized
sa-1973507	SA-1973507	BRD-K35468722	12	3	HEPG2;HUH7;PHH	-0.1462058081912497	-0.2668831214670919	0.07015457802585195	0.25084213563241065	0.0607014264512275	-0.0669065671677272	-0.5700249518508033	0.0	1	-0.1462058081912497	-0.1462058081912497	0.0607014264512275	0.0607014264512275	False	False	-0.3519190430931288	0.032120672517096036	1.1891015158899905	-1.4727235714781024	360	326.0	439	0	0	True	54657689	True	True	False	manual_review_required	unresolved_or_not_curated	False	Tier_4_not_prioritized
necrostatin-1	necrostatin-1	BRD-A36318220	3	2	HEPG2;PHH	0.070933621790674	-0.04812346233261955	-0.0328548827341624	-0.0946062542498111	-0.0946062542498111	-0.226295056102413	-0.2604512001742564	0.0	1	0.070933621790674	0.070933621790674	-0.0946062542498111	-0.0946062542498111	False	False	-0.3565206561895412	0.024171838010492063	-0.5489494568143224	0.6168673095579583	361	332.0	398	0	1	True	2828334	True	True	False	manual_review_required	unresolved_or_not_curated	False	Tier_4_not_prioritized
flecainide	flecainide	BRD-A09472452	3	2	HEPG2;PHH	0.13911248350309	0.0556145748123527	-0.127536831157548	-0.1830061143264174	-0.1830061143264174	-0.112144489085213	-0.5037993957207257	0.0	1	0.13911248350309	0.13911248350309	-0.1830061143264174	-0.1830061143264174	False	False	-0.3640441869455759	0.0111756778309911	-1.32245834224448	1.3825792352488804	362	361.0	456	0	1	True		True	True	False	manual_review_required	unresolved_or_not_curated	False	Tier_4_not_prioritized
caffeine	caffeine	BRD-K02404261	3	2	HEPG2;PHH	-0.0639353973997963	-0.06404687050316066	0.3231641022222383	-0.0574231026694178	-0.0574231026694178	-0.0171995516275129	-0.6986808298628717	0.0	1	-0.0639353973997963	-0.0639353973997963	-0.0574231026694178	-0.0574231026694178	False	False	-0.36653996655894877	0.006864463764097017	0.7216815179835765	-0.30590394558641015	363	265.0	477	0	1	True		True	True	False	manual_review_required	unresolved_or_not_curated	False	Tier_4_not_prioritized
orantinib	orantinib	BRD-K55966568;BRD-K91696562	3	2	HEPG2;PHH	-0.0911589045491483	-0.11987927514645785	0.085425215108054	-0.2232073114719241	-0.2232073114719241	-0.1418050802534534	-0.4549518202150624	0.0	2	-0.0911589045491483	0.16065913594017422	-0.2838112264871597	-0.1205831662518903	True	False	-0.3692809903609846	0.002129614457006837	-0.9088400291601604	-0.6567125202880418	364	488.0	550	0	1	True	5329099;5995546	True	True	True	manual_review_required	unresolved_or_not_curated	False	Tier_4_not_prioritized
benazepril	benazepril	BRD-A15131297	3	2	HEPG2;PHH	-0.1537992892165978	-0.2440799584405289	0.1453476250171661	-0.0993996523320674	-0.2516623642295599	-0.1360367726948526	-0.46895412052611984	0.0	1	-0.1537992892165978	-0.1537992892165978	-0.2516623642295599	-0.2516623642295599	False	False	-0.3705138329579125	0.0	-0.43237534551545453	-1.4505652030706448	365	475.0	530	0	1	True	5362123	True	True	False	manual_review_required	unresolved_or_not_curated	False	Tier_4_not_prioritized
bucladesine	bucladesine	BRD-A04706586;BRD-A94624445	15	3	HEPG2;HUH7;PHH	-0.0430124319261974	-0.14614591043856406	-0.0274266472884586	-0.0814933949150145	-0.2788408281547682	-0.3303688430774306	-0.9550004347212732	0.13333333333333333	2	-0.0430124319261974	0.03931291551432675	-0.5961303842653121	-0.2000921741127967	True	False	-0.8078690604380672	-0.00012674028987791353	-0.9648982461131201	-0.42721154358693764	366	441.0	478	0	1	True	23666343;73707507	True	True	True	manual_review_required	unresolved_or_not_curated	False	Tier_4_not_prioritized
labetalol	labetalol	BRD-A07440155	3	2	HEPG2;PHH	0.1698171562618679	0.12355857321785552	-0.2655571401119232	0.2959750005975365	-0.2655571401119232	-0.1088174009281728	-0.527188582752373	0.0	1	0.1698171562618679	0.1698171562618679	-0.2655571401119232	-0.2655571401119232	False	False	-0.37241169230435933	-0.003278365552609985	-0.5143541412319912	1.7937955316144687	367	134.0	388	1	1	True	134044	True	True	False	manual_review_required	unresolved_or_not_curated	False	Tier_4_not_prioritized
cgs-15943	CGS-15943	BRD-K49049886	12	3	HEPG2;HUH7;PHH	-0.1140665030106902	-0.18741741383241278	0.009176014789513201	0.08783705998212095	-0.00986035593918385	-0.09243933293998	-0.5636866458189038	0.0	1	-0.1140665030106902	-0.1140665030106902	-0.00986035593918385	-0.00986035593918385	False	False	-0.3742826558494319	-0.0065102712509107815	0.33895489518949856	-1.016190957738594	368	401.0	449	0	1	True		True	True	False	manual_review_required	unresolved_or_not_curated	False	Tier_4_not_prioritized
dextromethorphan	dextromethorphan	BRD-K24053527;BRD-K33211335	4	2	HEPG2;PHH	0.12829345030089215	-0.04972553108301435	-0.2728773036173411	0.1465659365057945	-0.2728773036173411	-0.21156973093156772	-0.32711023167662673	0.0	2	0.1017198128004868	0.3497614786028862	-0.3235259226390293	-0.2222286845956529	False	False	-0.3751248467698811	-0.007965073319088729	-1.0016322430161613	0.9831343591450739	369	268.0	427	0	1	True		True	True	False	manual_review_required	unresolved_or_not_curated	False	Tier_4_not_prioritized
pinacidil	pinacidil	BRD-A22897758;BRD-A43882281;BRD-A58207013	4	2	HEPG2;PHH	-0.0221861154099719	-0.0769583863180337	-0.056475429662636356	-0.053592702373862204	-0.14962467697582071	-0.14519347199460575	-0.46627622448454886	0.0	3	-0.1523585371259186	0.4807629568709267	-0.2320889468703951	-0.0671604070812463	True	False	-0.3783315842368802	-0.013504397225128322	-0.6377211350116305	-0.07604686724850408	370	427.0	445	0	1	True	4826	True	True	True	manual_review_required	unresolved_or_not_curated	False	Tier_4_not_prioritized
brd-k47533918	BRD-K47533918	BRD-K47533918	12	3	HEPG2;HUH7;PHH	-0.23412367680834395	-0.4393684573781987	-0.03059242665767665	0.23792939772829408	-0.03059242665767665	-0.21568420782892228	-0.332309787621766	0.0	1	-0.23412367680834395	-0.23412367680834395	-0.03059242665767665	-0.03059242665767665	False	False	-0.3818391016398053	-0.01956328891826566	0.6157284418157557	-2.5811856116267453	371	474.0	520	0	0	True	54654288	False	False	False	manual_review_required	unresolved_or_not_curated	False	Tier_4_not_prioritized
iopanoic-acid	iopanoic-acid	BRD-A42628519	3	2	HEPG2;PHH	-0.1780905484014915	-0.2515313832554966	0.1787143009049552	0.2365284785628318	0.1787143009049552	-0.1107994378618304	-0.5513828592818408	0.0	1	-0.1780905484014915	-0.1780905484014915	0.1787143009049552	0.1787143009049552	False	False	-0.3864908675027508	-0.027598757401448647	1.7727992046511492	-1.6310987640272503	372	302.0	456	0	1	True		True	True	False	manual_review_required	unresolved_or_not_curated	False	Tier_4_not_prioritized
ici-63197	ICI-63197	BRD-K52219182	3	2	HEPG2;PHH	-0.1654666606336832	-0.1861640005889866	0.0516571572848728	-0.0886720977723598	-0.1400729502950395	-0.2075150721366443	-0.3694291810785967	0.0	1	-0.1654666606336832	-0.1654666606336832	-0.1400729502950395	-0.1400729502950395	False	False	-0.3922296626759426	-0.03751196221533537	-0.39488659125996034	-1.3449727308751074	373	507.0	531	0	1	True		True	True	False	manual_review_required	unresolved_or_not_curated	False	Tier_4_not_prioritized
dropropizine	dropropizine	BRD-A29349577	12	3	HEPG2;HUH7;PHH	0.21008948190137738	0.0969993743217653	-0.12046686400260234	-0.0984533168375492	-0.20471744984388346	-0.20333984362641494	-0.377868539257352	0.0	1	0.21008948190137738	0.21008948190137738	-0.20471744984388346	-0.20471744984388346	False	False	-0.39227411325509093	-0.03758874622345811	-1.1040981732166661	1.9714140711314037	374	226.0	347	0	0	True	3169	True	True	False	manual_review_required	unresolved_or_not_curated	False	Tier_4_not_prioritized
niacin	niacin	BRD-K60237333;BRD-K61993165	13	3	HEPG2;HUH7;PHH	0.001737899871336	-0.1045087344116634	-0.067487504865442	-0.112603498622775	-0.1181280655520302	-0.280858473822711	-0.7310886033884589	0.07692307692307693	2	-0.0069912977309691	0.0514837760064336	-0.15410940675064916	-0.1181280655520302	True	False	-0.6464027755169405	-0.04078559307987423	-0.7664711006776987	-0.007346667488711169	375	442.0	473	0	1	True	888706;938	True	True	True	manual_review_required	unresolved_or_not_curated	False	Tier_4_not_prioritized
domperidone	domperidone	BRD-K38305202	3	2	HEPG2;PHH	0.0751000065356493	0.001095979681445508	-0.031385709132467	-0.0758283473551273	-0.1900062542408704	-0.218245394113991	-0.3529017268872213	0.0	1	0.0751000065356493	0.0751000065356493	-0.1900062542408704	-0.1900062542408704	False	False	-0.3946962575576016	-0.041772762525650466	-0.7325080955762844	0.7977526154754899	376	320.0	365	0	1	True		True	True	False	manual_review_required	unresolved_or_not_curated	False	Tier_4_not_prioritized
candesartan-cilextil	candesartan-cilextil	BRD-A65671304	3	2	HEPG2;PHH	0.0920777854820092	-0.256965461290545	-0.2483785493033272	0.0892377514392137	-0.2483785493033272	-0.2438797998862962	-0.3060060214022145	0.0	1	0.0920777854820092	0.0920777854820092	-0.2483785493033272	-0.2483785493033272	False	False	-0.3968828105874035	-0.04554981805153967	-1.0370953362001853	0.10064548819579316	377	327.0	439	0	1	True		True	True	False	manual_review_required	unresolved_or_not_curated	False	Tier_4_not_prioritized
dipyridamole	dipyridamole	BRD-K86301799	3	2	HEPG2;PHH	-0.1007509608235624	-0.1135345658080445	-0.0444834700652531	0.1410549636930227	-0.0501064778072759	-0.10421890828995	-0.5875084698126313	0.0	1	-0.1007509608235624	-0.1007509608235624	-0.0501064778072759	-0.0501064778072759	False	False	-0.39797314319626564	-0.047433260506046786	0.2346619972467402	-0.6989587498805888	378	403.0	432	0	1	True		True	True	False	manual_review_required	unresolved_or_not_curated	False	Tier_4_not_prioritized
barasertib-hqpa	barasertib-HQPA	BRD-K63923597	9	2	HEPG2;PHH	-0.0470398991472191	-0.2806365307834413	0.0356883832386561	0.0579055529087781	-0.0210840664803981	-0.2055300336575047	-0.4041875955973943	0.0	1	-0.0470398991472191	-0.0470398991472191	-0.0210840664803981	-0.0210840664803981	False	False	-0.40762383145620185	-0.0641038762761702	0.30001651092173043	-0.873854607146499	380	343.0	364	0	1	True	16007391	True	True	False	manual_review_required	unresolved_or_not_curated	False	Tier_4_not_prioritized
sb-205607	SB-205607	BRD-A11609859;BRD-K22878149	3	2	HEPG2;PHH	0.262333202900158	0.047336969007220564	0.2328992443425314	-0.1070191282778978	-0.2561513100351606	-0.2444490894290899	-0.3423638668221732	0.0	2	0.07685191494723166	0.262333202900158	-0.4095307346433401	0.06554670099701199	False	True	-0.4156310228401765	-0.07793551266983885	-0.204900004541652	2.154273190267455	381	59.0	201	2	1	True	23581823;3277599	True	True	True	manual_review_required	unresolved_or_not_curated	False	Tier_4_not_prioritized
brd-k48576794	BRD-K48576794	BRD-K48576794	3	2	HEPG2;PHH	-0.393302525083224	-0.44906792511594384	0.1198507440941674	0.1145984092727303	0.1145984092727303	-0.2760779483997751	-0.28881426283069667	0.0	1	-0.393302525083224	-0.393302525083224	0.1145984092727303	0.1145984092727303	False	False	-0.42048507981512345	-0.08632041917350859	1.0682633259557153	-3.6418455197803414	383	541.0	567	0	0	True	566661	False	False	False	manual_review_required	unresolved_or_not_curated	False	Tier_4_not_prioritized
flumetasone	flumetasone	BRD-A01346607;BRD-K61496577	3	2	HEPG2;PHH	-0.1611805591318342	-0.20440416969358915	-0.075923816966159	0.1411812584847211	-0.1105749923735857	-0.2706099044945504	-0.30926419575033437	0.0	2	-0.20440416969358915	0.1434684743483861	-0.119619635465954	-0.075923816966159	True	False	-0.4252420023697176	-0.09453753550966482	-0.013666041499688624	-1.374269777216933	384	472.0	491	0	1	True	16490;5702178	True	True	True	manual_review_required	unresolved_or_not_curated	False	Tier_4_not_prioritized
brd-k75627148	BRD-K75627148	BRD-K75627148	18	3	HEPG2;HUH7;PHH	-0.25055018108752036	-0.4767831713995999	0.0034428808305944506	0.20016719773411745	-0.0383538710219519	-0.24550665240173064	-0.72940496961394	0.05555555555555555	1	-0.25055018108752036	-0.25055018108752036	-0.0383538710219519	-0.0383538710219519	False	False	-0.6102091372087006	-0.09931615248810322	0.5847284858359374	-2.8045125346606428	385	488.0	532	0	0	True	54646518	False	False	False	manual_review_required	unresolved_or_not_curated	False	Tier_4_not_prioritized
dcpib	DCPIB	BRD-A39255369	3	2	HEPG2;PHH	0.1849490900834401	0.109368150251814	-0.1861420539872987	-0.1645108936354518	-0.1861420539872987	-0.2585351678675839	-0.33964375611985964	0.0	1	0.1849490900834401	0.1849490900834401	-0.1861420539872987	-0.1861420539872987	False	False	-0.4283570459275137	-0.09991846719666149	-1.450392494948919	1.84736528341473	386	329.0	449	0	1	True		True	True	False	manual_review_required	unresolved_or_not_curated	False	Tier_4_not_prioritized
caffeic-acid-phenethyl-ester	caffeic-acid-phenethyl-ester	BRD-K96188950	12	3	HEPG2;HUH7;PHH	0.09762829066150716	-0.09671441977843641	-0.2815392304744039	0.1556590218096971	-0.2815392304744039	-0.5068197084539052	-0.9392397947616816	0.16666666666666666	1	0.09762829066150716	0.09762829066150716	-0.2815392304744039	-0.2815392304744039	False	False	-0.976439605834746	-0.10247543403345372	-1.022505476285476	0.637703881833282	387	303.0	460	0	0	True	5281787	True	True	False	manual_review_required	unresolved_or_not_curated	False	Tier_4_not_prioritized
icariin	icariin	BRD-K65639003	3	2	HEPG2;PHH	-0.0357999958925777	-0.042210183287453296	0.0365238168409892	-0.1213000118732452	-0.1213000118732452	-0.2601381112185735	-0.3426720955490415	0.0	1	-0.0357999958925777	-0.0357999958925777	-0.1213000118732452	-0.1213000118732452	False	False	-0.43147415899309427	-0.10530297375502258	-0.4896389636547457	-0.055503063990640505	388	426.0	496	0	1	True		True	True	False	manual_review_required	unresolved_or_not_curated	False	Tier_4_not_prioritized
cetirizine	cetirizine	BRD-A42571354	3	2	HEPG2;PHH	-0.3252201183802551	-0.5121531107773383	0.211435711809567	0.0687201470136642	0.0687201470136642	-0.2243901240890697	-0.43155410210971556	0.0	1	-0.3252201183802551	-0.3252201183802551	0.0687201470136642	0.0687201470136642	False	False	-0.44016717514392745	-0.12031930504982032	1.0875224957403655	-3.3984414622336603	389	512.0	550	0	1	True		True	True	False	manual_review_required	unresolved_or_not_curated	False	Tier_4_not_prioritized
mitomycin-c	mitomycin-c	BRD-A48237631	3	2	HEPG2;PHH	-0.183113872177071	-0.2711377860202143	0.3432748019695282	-0.232318740338087	-0.232318740338087	-0.1822799244333827	-0.5228628428941149	0.0	1	-0.183113872177071	-0.183113872177071	-0.232318740338087	-0.232318740338087	False	False	-0.44371134588044014	-0.12644151177546883	-0.1885386734347666	-1.7249260160218904	390	471.0	564	0	1	True	15560563	True	True	False	manual_review_required	unresolved_or_not_curated	False	Tier_4_not_prioritized
pk-11195	PK-11195	BRD-A41451487	3	2	HEPG2;PHH	0.0195847493078973	-0.02743410526050465	-0.0968559959105083	0.0634878799319267	-0.0968559959105083	-0.1423833025471558	-0.6041508809707703	0.0	1	0.0195847493078973	0.0195847493078973	-0.0968559959105083	-0.0968559959105083	False	False	-0.44445874303254096	-0.12773256692249724	-0.27341037605730917	0.3491968725662386	391	339.0	374	0	1	True	1345	True	True	False	manual_review_required	unresolved_or_not_curated	False	Tier_4_not_prioritized
brd-k32602441	BRD-K32602441	BRD-K32602441	12	3	HEPG2;HUH7;PHH	0.07145348429265945	-0.007552564971976849	0.005924171635082701	-0.048062436748296	-0.24756427814385715	-0.44336027007490864	-0.5596144658454235	0.08333333333333333	1	0.07145348429265945	0.07145348429265945	-0.24756427814385715	-0.24756427814385715	False	False	-0.7231675029976203	-0.13707366347169492	-0.6852277540622336	0.747104100023273	392	288.0	341	0	0	True	54631468	False	False	False	manual_review_required	unresolved_or_not_curated	False	Tier_4_not_prioritized
gangaleoidin	gangaleoidin	BRD-K41603276	12	3	HEPG2;HUH7;PHH	-0.05223719128924935	-0.23242788482457394	-0.22808047011494637	0.06656448985449964	-0.22808047011494637	-0.30539013777807766	-0.8372782500357264	0.08333333333333333	1	-0.05223719128924935	-0.05223719128924935	-0.22808047011494637	-0.22808047011494637	False	False	-0.7240292627959408	-0.13856226885371514	-0.9922618648136583	-0.7567391534784367	393	477.0	512	0	0	True	4565183	True	True	False	manual_review_required	unresolved_or_not_curated	False	Tier_4_not_prioritized
methysergide	methysergide	BRD-A98725278;BRD-K35941380	5	2	HEPG2;PHH	0.0685169624371661	-0.0080247033490902	-0.0036582457167761	-0.0024250112473964	-0.0449375007301569	-0.1527071537242995	-0.6083148978354911	0.0	2	-0.0080247033490902	0.1129459665260381	-0.3875920474529266	-0.0449375007301569	True	False	-0.45686460264204504	-0.14916247049804832	-0.059003663495204806	0.7266202152375003	394	267.0	301	0	1	True	4163	True	True	True	manual_review_required	unresolved_or_not_curated	False	Tier_4_not_prioritized
ly-2183240	LY-2183240	BRD-K37865504	14	3	HEPG2;HUH7;PHH	-0.0623472425051861	-0.20503022542430288	-0.09409262994969525	0.0523614673875272	-0.1431227778749806	-0.23365938592894325	-0.44752122225269436	0.0	1	-0.0623472425051861	-0.0623472425051861	-0.1431227778749806	-0.1431227778749806	False	False	-0.45741999705529046	-0.15012185977834705	-0.4167891605878157	-0.736502222702454	395	415.0	440	0	1	True	11507802	True	True	False	manual_review_required	unresolved_or_not_curated	False	Tier_4_not_prioritized
carbenoxolone	carbenoxolone	BRD-A98702003;BRD-K12765235	4	2	HEPG2;PHH	-0.027480214006371004	-0.13492839995564684	-0.048350227198430504	0.0270648249424994	-0.22072813101112843	-0.19992500045780265	-0.5219855226635459	0.0	2	-0.1421769353457623	0.28612360937727815	-0.2210422759609563	-0.22072813101112843	True	False	-0.4609177617895756	-0.15616390469462757	-0.5542248764446859	-0.2915960761050063	396	371.0	385	0	1	True	12866477	True	True	True	manual_review_required	unresolved_or_not_curated	False	Tier_4_not_prioritized
brompheniramine	brompheniramine	BRD-A68723818	3	2	HEPG2;PHH	0.1404416685303052	0.12691806380947426	-0.5630809792450496	-0.38760672416538	-0.5630809792450496	-0.8643650849615889	-1.3881714616879999	0.3333333333333333	1	0.1404416685303052	0.1404416685303052	-0.5630809792450496	-0.5630809792450496	False	False	-1.558450815805589	-0.1636408102991882	-4.208649718280816	1.6141604312114122	397	551.0	573	0	1	True		True	True	False	manual_review_required	unresolved_or_not_curated	False	Tier_4_not_prioritized
brd-k77508012	BRD-K77508012	BRD-K77508012	12	3	HEPG2;HUH7;PHH	0.0036456597348053996	-0.1018651091597146	-0.036283524706959655	-0.11149040702730416	-0.13379267696291205	-0.19015553589939835	-0.5598051834164098	0.0	1	0.0036456597348053996	0.0036456597348053996	-0.13379267696291205	-0.13379267696291205	False	False	-0.47005812760760324	-0.17195298858652772	-0.7099368989520024	0.013268872535826096	398	423.0	469	0	0	True	610065	False	False	False	manual_review_required	unresolved_or_not_curated	False	Tier_4_not_prioritized
vinblastine	vinblastine	BRD-A22783572;BRD-A55594068;BRD-K01188359	15	3	HEPG2;HUH7;PHH	0.0822333461708492	-0.2414817311801016	-0.0556339429957526	0.0836999963503331	-0.0695012281648814	-0.3766854028734896	-1.0718034883916734	0.13333333333333333	3	-0.3349654187137882	0.10211498766309679	-0.6619791228856359	-0.061819895835859395	True	False	-0.9125871470693263	-0.18101694618942687	-0.01976097109801464	0.08534485581792445	399	227.0	272	0	1	True	3823887;5388983;5667;6710780	True	True	True	manual_review_required	unresolved_or_not_curated	False	Tier_4_not_prioritized
brd-k81826010	BRD-K81826010	BRD-K81826010	12	3	HEPG2;HUH7;PHH	-0.14326972493694884	-0.3853443275309271	-0.06726888567209245	0.24003474880009884	-0.06726888567209245	-0.18561994722149966	-0.5801128081724211	0.0	1	-0.14326972493694884	-0.14326972493694884	-0.06726888567209245	-0.06726888567209245	False	False	-0.4756763513077102	-0.18165791802704237	0.4185370800634258	-1.8241665705049672	400	405.0	477	0	0	True	54654538	False	False	False	manual_review_required	unresolved_or_not_curated	False	Tier_4_not_prioritized
pravastatin	pravastatin	BRD-A71816415;BRD-K60511616	4	2	HEPG2;PHH	0.16883975826203818	0.11928766293244226	0.07046548862542425	-0.2610168219543993	-0.2610168219543993	-0.22938884528619907	-0.5095867549941416	0.0	2	0.12895397303832895	0.222963887370295	-0.3764192573726177	-0.13851249490731526	False	False	-0.4841822227832699	-0.196350975282634	-1.1633344949818283	1.774113223223381	401	258.0	459	0	1	True	22833647;4889;54687;6728942	True	True	False	manual_review_required	unresolved_or_not_curated	False	Tier_4_not_prioritized
h-9	H-9	BRD-K09790412;BRD-K70577657	3	2	HEPG2;PHH	-0.2957387523104747	-0.3060746122565534	-0.0002762036664145	-0.0138955824077129	-0.0138955824077129	-0.1523810815184362	-0.6727000577855736	0.0	2	-0.2957387523104747	-0.029603408960004657	-0.3727378504616873	-0.0070858930370637	False	False	-0.488731110411223	-0.2042087317228546	-0.0037615612005082455	-2.563174145720919	402	548.0	559	0	1	True	24113957;3544	True	True	False	manual_review_required	unresolved_or_not_curated	False	Tier_4_not_prioritized
brd-a15113563	BRD-A15113563	BRD-A15113563	12	3	HEPG2;HUH7;PHH	-0.084862766166528	-0.1757906772092812	-0.05929009829248699	0.1340647982433438	-0.15539099568767206	-0.3087233784183534	-0.37469135939757087	0.0	1	-0.084862766166528	-0.084862766166528	-0.15539099568767206	-0.15539099568767206	False	False	-0.49606905811713886	-0.21688431541717135	-0.09987894155498922	-0.79080317466075	403	398.0	426	0	0	True	2806677	False	False	False	manual_review_required	unresolved_or_not_curated	False	Tier_4_not_prioritized
brd-k83694683	BRD-K83694683	BRD-K83694683	18	3	HEPG2;HUH7;PHH	-0.013602270434300099	-0.14419370387784305	-0.10914312728813715	0.0184748836327344	-0.183376498121236	-0.3150063047281629	-1.4566708538137998	0.16666666666666666	1	-0.013602270434300099	-0.013602270434300099	-0.183376498121236	-0.183376498121236	False	False	-1.0433417316350628	-0.21804228308934848	-0.666080925286209	-0.2307414610555844	404	407.0	414	0	0	True	54631469	False	False	False	manual_review_required	unresolved_or_not_curated	False	Tier_4_not_prioritized
norgestimate	norgestimate	BRD-A04756508	3	2	HEPG2;PHH	-0.4104444409410159	-0.4186361972242594	-0.0446428528853825	-0.1139875026419758	-0.1498124971985817	-0.1998297417211154	-0.6026482637786854	0.0	1	-0.4104444409410159	-0.4104444409410159	-0.1498124971985817	-0.1498124971985817	False	False	-0.5011538736104582	-0.22566783458885548	-0.7833805860553195	-3.657636202922676	405	570.0	574	0	1	True	73707471	True	True	False	manual_review_required	unresolved_or_not_curated	False	Tier_4_not_prioritized
arctigenin	arctigenin	BRD-K53523901	13	3	HEPG2;HUH7;PHH	-0.1379458804925283	-0.4390829540789127	0.1296602008598191	0.191098378971219	0.0355920940637588	-0.2527051059351791	-0.5154997177629007	0.0	1	-0.1379458804925283	-0.1379458804925283	0.0355920940637588	0.0355920940637588	False	False	-0.5104549648166294	-0.24173455579719139	1.1241454627585117	-1.957756035122158	406	311.0	431	0	1	True		True	True	False	manual_review_required	unresolved_or_not_curated	False	Tier_4_not_prioritized
pifithrin-mu	pifithrin-mu	BRD-K96799727	10	2	HEPG2;PHH	-0.21452312709556687	-0.35505303285188144	0.02307725165571485	-0.026066080667078502	-0.08432545512914655	-0.461748610302392	-0.7686120215618598	0.1	1	-0.21452312709556687	-0.21452312709556687	-0.08432545512914655	-0.08432545512914655	False	False	-0.846054621083322	-0.2549289055436641	-0.15052982012791055	-2.1906476200141194	407	522.0	529	0	1	True		True	True	False	manual_review_required	unresolved_or_not_curated	False	Tier_4_not_prioritized
gitoxigenin	gitoxigenin	BRD-A29082194	3	2	HEPG2;PHH	-0.1142672308617168	-0.12817800997032058	-0.0198270699807575	-0.0516915544867515	-0.0516915544867515	-0.2553854330428062	-0.5302127643917052	0.0	1	-0.1142672308617168	-0.1142672308617168	-0.0516915544867515	-0.0516915544867515	False	False	-0.5204918152386588	-0.25907222876114633	-0.27190632838044615	-0.8322389059146109	408	471.0	500	0	1	True		True	True	False	manual_review_required	unresolved_or_not_curated	False	Tier_4_not_prioritized
midodrine	midodrine	BRD-A79981887	3	2	HEPG2;PHH	-0.2297825635307365	-0.2410801750504308	-0.0792357133967535	0.0255917012691497	-0.0792357133967535	-0.3285206206704653	-0.4006958978679327	0.0	1	-0.2297825635307365	-0.2297825635307365	-0.0792357133967535	-0.0792357133967535	False	False	-0.5288685696044316	-0.27354224889558854	-0.28894322114063703	-1.933006652597748	409	522.0	540	0	1	True		True	True	False	manual_review_required	unresolved_or_not_curated	False	Tier_4_not_prioritized
brd-a73594579	BRD-A73594579	BRD-A73594579	12	3	HEPG2;HUH7;PHH	0.0267335923595561	-0.2000807276409533	0.0726647254611764	-0.0787308309227228	-0.2281716987490654	-0.22366604764783193	-0.6131629526304702	0.0	1	0.0267335923595561	0.0267335923595561	-0.2281716987490654	-0.2281716987490654	False	False	-0.5302475239630671	-0.27592425706518	-0.5277710563128228	-0.14442457129501962	410	317.0	424	0	0	True	6621824	False	False	False	manual_review_required	unresolved_or_not_curated	False	Tier_4_not_prioritized
l-701324	L-701324	BRD-K08109516	3	2	HEPG2;PHH	-0.0576217489110098	-0.05978425333483345	0.2096852362155914	-0.1823791780043393	-0.1823791780043393	-0.3413490987353264	-0.3988068339244891	0.0	1	-0.0576217489110098	-0.0576217489110098	-0.1823791780043393	-0.1823791780043393	False	False	-0.540752515697571	-0.294070598150639	-0.31083985200675807	-0.25170724870504496	411	395.0	521	0	1	True		True	True	False	manual_review_required	unresolved_or_not_curated	False	Tier_4_not_prioritized
brd-k84245233	BRD-K84245233	BRD-K84245233	12	3	HEPG2;HUH7;PHH	0.02717311100827315	-0.10106514963424863	-0.1267594088401113	0.12099999189376826	-0.20041192199901806	-0.41308119959227496	-0.804232053709076	0.08333333333333333	1	0.02717311100827315	0.02717311100827315	-0.20041192199901806	-0.20041192199901806	False	False	-0.815197226446813	-0.2960459686306175	-0.45582869192367226	0.16805825928918516	412	316.0	394	0	0	True	54654203	False	False	False	manual_review_required	unresolved_or_not_curated	False	Tier_4_not_prioritized
chlorthalidone	chlorthalidone	BRD-A26384407	4	2	HEPG2;PHH	0.10335401528411439	-0.0073241888441973185	-0.13026350204433712	-0.09191656624898309	-0.15536573642332635	-0.31931241289416823	-0.4466217408429772	0.0	1	0.10335401528411439	0.10335401528411439	-0.15536573642332635	-0.15536573642332635	False	False	-0.5426232833156568	-0.2973021654043204	-0.9875736277888368	0.9543030716407326	413	352.0	423	0	1	True		True	True	False	manual_review_required	unresolved_or_not_curated	False	Tier_4_not_prioritized
dienestrol	dienestrol	BRD-K95309561	15	2	HEPG2;PHH	0.1323262022601233	-0.03212603450649315	-0.2262393832206726	-0.1175761027261614	-0.2356977201998233	-0.3956474033997409	-0.7402535561945232	0.06666666666666667	1	0.1323262022601233	0.1323262022601233	-0.2356977201998233	-0.2356977201998233	False	False	-0.7657741814970025	-0.30509269491264235	-1.5567435539768226	1.0642739432336124	414	387.0	477	0	1	True	667476	True	True	False	manual_review_required	unresolved_or_not_curated	False	Tier_4_not_prioritized
tretinoin	tretinoin	BRD-K06926592;BRD-K64634304;BRD-K71879491	4	2	HEPG2;PHH	0.028854211999310396	-0.05343652620083748	-0.2271065275583948	0.08370459033176304	-0.2271065275583948	-0.2541998665232862	-0.5869730959760971	0.0	3	-0.0633880413240856	0.3591750208288431	-0.354910708963871	0.1689091771841049	True	True	-0.5476864145113347	-0.3060482270823535	-0.935617231781084	0.3278821447030285	415	394.0	472	0	1	True	444795;445354	True	True	True	manual_review_required	unresolved_or_not_curated	False	Tier_4_not_prioritized
desoxypeganine	desoxypeganine	BRD-K13819402	3	2	HEPG2;PHH	0.26257776386208	0.05063887954586077	-0.1618642870868955	0.078055091202259	-0.1618642870868955	-0.1903178209350222	-0.7227272619862877	0.0	1	0.26257776386208	0.26257776386208	-0.1618642870868955	-0.1618642870868955	False	False	-0.5516814519281661	-0.31294926169972315	-0.590534868583992	2.166181792123231	416	116.0	214	0	1	True		True	True	False	manual_review_required	unresolved_or_not_curated	False	Tier_4_not_prioritized
brd-a41649729	BRD-A41649729	BRD-A41649729	12	3	HEPG2;HUH7;PHH	0.05000727758225465	-0.0365911544197135	-0.2355618114982332	0.03686610097065565	-0.300466560292989	-0.46604390267933166	-0.7234898117843955	0.08333333333333333	1	0.05000727758225465	0.05000727758225465	-0.300466560292989	-0.300466560292989	False	False	-0.8277888085715295	-0.3177966896035991	-1.2886176318435592	0.5174793105902263	417	401.0	461	0	0	True	3136666	False	False	False	manual_review_required	unresolved_or_not_curated	False	Tier_4_not_prioritized
deoxyandirobin	deoxyandirobin	BRD-A58269583	3	2	HEPG2;PHH	0.4536257137854894	0.1426238301727507	-0.412107305335147	0.028551448136568	-0.412107305335147	-0.9716935042764931	-1.3573572450125264	0.3333333333333333	1	0.4536257137854894	0.4536257137854894	-0.412107305335147	-0.412107305335147	False	False	-1.6503721267827562	-0.32242584356442316	-2.1269065136898533	3.6904432476758853	418	84.0	296	2	0	True		True	True	False	manual_review_required	unresolved_or_not_curated	False	Tier_4_not_prioritized
brd-k46123637	BRD-K46123637	BRD-K46123637	12	3	HEPG2;HUH7;PHH	-0.1659698871274789	-0.20411757390118304	-0.05981837638786855	0.07874453812837595	-0.15384777382548365	-0.23759557129741304	-0.6415293457296988	0.0	1	-0.1659698871274789	-0.1659698871274789	-0.15384777382548365	-0.15384777382548365	False	False	-0.5583602441622624	-0.3244862190797805	-0.26289214709954534	-1.4043737641233245	419	486.0	499	0	0	True	54618962	False	False	False	manual_review_required	unresolved_or_not_curated	False	Tier_4_not_prioritized
ncs-382	NCS-382	BRD-A67433117;BRD-A85025557	5	2	HEPG2;PHH	0.0125844019154707	-0.0858408415483103	-0.3203008387769971	0.0278235394507646	-0.3203008387769971	-0.3551415182531825	-0.4182885839116005	0.0	2	-0.11926764415370089	0.3136877963940302	-0.3203008387769971	-0.15802395889269455	True	False	-0.5642858102089827	-0.3347220522270857	-1.6197293218857338	0.1212378043331743	420	479.0	521	0	1	True	5875451	True	True	True	manual_review_required	unresolved_or_not_curated	False	Tier_4_not_prioritized
sappanone-a	sappanone-a	BRD-K03557653	3	2	HEPG2;PHH	-0.0129388827416631	-0.10639125750296641	-0.1135214396885463	0.0900068022310733	-0.1135214396885463	-0.2242255117596378	-0.6838713498150427	0.0	1	-0.0129388827416631	-0.0129388827416631	-0.1135214396885463	-0.1135214396885463	False	False	-0.5661611866671592	-0.3379615807991962	-0.2865927782311451	-0.10823306463261126	421	368.0	414	0	1	True		True	True	False	manual_review_required	unresolved_or_not_curated	False	Tier_4_not_prioritized
dihydroergotamine	dihydroergotamine	BRD-K72166146	3	2	HEPG2;PHH	-0.0159076802018615	-0.04067883899228435	-0.1388809233903885	0.0606949850916862	-0.1388809233903885	-0.3374160099774599	-0.47047314337188645	0.0	1	-0.0159076802018615	-0.0159076802018615	-0.1388809233903885	-0.1388809233903885	False	False	-0.5726525816634032	-0.3491748278630072	-0.514919204614674	0.07804408592763046	422	404.0	437	0	1	True	73707468	True	True	False	manual_review_required	unresolved_or_not_curated	False	Tier_4_not_prioritized
clobetasol	clobetasol	BRD-A26095496;BRD-A63894585	5	2	HEPG2;PHH	-0.2419761584864722	-0.298959252734979	-0.2537071364266531	0.2016763547435403	-0.3397875055670738	-0.2295299161018597	-0.7041174615659411	0.0	2	-0.4058563912080394	0.1023111177815331	-0.3397875055670738	-0.1224076743237674	True	False	-0.5815886468848303	-0.3646110025472114	-0.9507620263232054	-2.1929303433370455	423	540.0	563	0	1	True	32798;40469415	True	True	True	manual_review_required	unresolved_or_not_curated	False	Tier_4_not_prioritized
tetrahydropalmatine	tetrahydropalmatine	BRD-A43940795	3	2	HEPG2;PHH	-0.2222044703861077	-0.23297671466651884	-0.1248142836349351	-0.0349517129361629	-0.1248142836349351	-0.3597651035303161	-0.44665768328640193	0.0	1	-0.2222044703861077	-0.2222044703861077	-0.1248142836349351	-0.1248142836349351	False	False	-0.5830939451735171	-0.36721125744242944	-0.7228157991841004	-1.8586145504789966	424	538.0	550	0	1	True		True	True	False	manual_review_required	unresolved_or_not_curated	False	Tier_4_not_prioritized
ornidazole	ornidazole	BRD-A42759514	3	2	HEPG2;PHH	0.0758000107275115	0.013398615850342646	-0.1804530588643891	-0.0308437431231141	-0.1804530588643891	-0.3518818059182238	-0.4667665578151447	0.0	1	0.0758000107275115	0.0758000107275115	-0.1804530588643891	-0.1804530588643891	False	False	-0.5852650848257962	-0.37096168787304246	-1.019225452941516	0.8407559396605003	425	375.0	430	0	1	True		True	True	False	manual_review_required	unresolved_or_not_curated	False	Tier_4_not_prioritized
brd-k77634909	BRD-K77634909	BRD-K77634909	12	3	HEPG2;HUH7;PHH	0.04267278313636775	-0.07821913420533134	-0.18772305335317335	0.025649775750935102	-0.27104570796447136	-0.5068074149404844	-0.7214390801262139	0.08333333333333333	1	0.04267278313636775	0.04267278313636775	-0.27104570796447136	-0.27104570796447136	False	False	-0.8675269550035913	-0.38644043321470856	-1.1038577669914824	0.33982730461984995	426	387.0	428	0	0	True	698112	False	False	False	manual_review_required	unresolved_or_not_curated	False	Tier_4_not_prioritized
benzoxiquine	benzoxiquine	BRD-K70327191	3	2	HEPG2;PHH	-0.1664444481333097	-0.22152250389465022	-0.0343928549970899	0.0272624939680099	-0.1050625070929527	-0.2781686624364247	-0.6373909444562973	0.0	1	-0.1664444481333097	-0.1664444481333097	-0.1050625070929527	-0.1050625070929527	False	False	-0.5968641346645733	-0.390997906840294	-0.2159684406146691	-1.4618735547544572	427	488.0	505	0	1	True		True	True	False	manual_review_required	unresolved_or_not_curated	False	Tier_4_not_prioritized
ro-90-7501	Ro-90-7501	BRD-K58299615	12	3	HEPG2;HUH7;PHH	-0.0337854847311973	-0.1904336071262756	-0.04453957027622625	-0.01556098042055965	-0.2432146756244557	-0.5423565924034587	-0.655766139413038	0.08333333333333333	1	-0.0337854847311973	-0.0337854847311973	-0.2432146756244557	-0.2432146756244557	False	False	-0.8702396621099777	-0.3911263682122348	-0.7277980055172879	-0.5059825161809042	428	405.0	421	0	1	True		True	True	False	manual_review_required	unresolved_or_not_curated	False	Tier_4_not_prioritized
nimodipine	nimodipine	BRD-A24891640;BRD-A58048407	5	2	HEPG2;PHH	-0.1734782600154479	-0.2536027804017067	-0.01291481086186	0.0250266231596469	-0.01291481086186	-0.3052028260592903	-0.590249175176261	0.0	2	-0.21354052020857728	-0.1405609763330883	-0.2080916278064251	-0.0070931187697819	False	False	-0.6003274136474208	-0.3969803810092582	0.07732378859384328	-1.6077220799225111	429	493.0	506	0	1	True	4497	True	True	False	manual_review_required	unresolved_or_not_curated	False	Tier_4_not_prioritized
clofibrate	clofibrate	BRD-K45252063	3	2	HEPG2;PHH	-0.0673694494697782	-0.1995319467451837	0.009948506951332	-0.2742626667022705	-0.2742626667022705	-0.2724207358227836	-0.6623808136062015	0.0	1	-0.0673694494697782	-0.0673694494697782	-0.2742626667022705	-0.2742626667022705	False	False	-0.6036111426258843	-0.40265270018678667	-1.4177422061006417	-0.7518157957646838	430	517.0	556	0	1	True		True	True	False	manual_review_required	unresolved_or_not_curated	False	Tier_4_not_prioritized
brd-k62056344	BRD-K62056344	BRD-K62056344	12	3	HEPG2;HUH7;PHH	-0.02100522153907345	-0.10288584397898773	-0.1075303937707628	0.008308757096529	-0.2128225384346608	-0.2753001290765251	-0.6572370480797771	0.0	1	-0.02100522153907345	-0.02100522153907345	-0.2128225384346608	-0.2128225384346608	False	False	-0.6039186531164137	-0.4031838943456716	-0.7669916086753359	-0.14948261879295208	431	416.0	425	0	0	True	54654476	False	False	False	manual_review_required	unresolved_or_not_curated	False	Tier_4_not_prioritized
cimetidine	cimetidine	BRD-K18618618;BRD-K34157611	5	2	HEPG2;PHH	-0.0663967712057961	-0.0873666703701019	-0.1614857167005539	0.2122000008821487	-0.1662062499672174	-0.222088692502843	-0.7671495674710188	0.0	2	-0.1447643890149063	0.1910666657818688	-0.1662062499672174	-0.0684805505110749	True	False	-0.6056634762383524	-0.4061979048565509	-0.19948026336955046	-0.3947606853619055	432	390.0	487	0	1	True		True	True	True	manual_review_required	unresolved_or_not_curated	False	Tier_4_not_prioritized
mifepristone	mifepristone	BRD-A44780397;BRD-K37270826	3	2	HEPG2;PHH	-0.0291212221814526	-0.1316106089701255	-0.1009897919637816	-0.083784251473844	-0.1009897919637816	-0.3339732296114403	-0.5441421351639465	0.0	2	-0.1316106089701255	0.1149582266807556	-0.2976064090617001	-0.1009897919637816	True	False	-0.6060442971934136	-0.4068557356400186	-0.7366216743215762	-0.29184266895714084	433	467.0	480	0	1	True	4196;55245;7048709	True	True	True	manual_review_required	unresolved_or_not_curated	False	Tier_4_not_prioritized
doxylamine	doxylamine	BRD-A44008656	3	2	HEPG2;PHH	0.0116553946087757	-0.05424452335056336	0.1217476235968726	-0.2871336750686168	-0.2871336750686168	-0.2798000749732767	-0.6624403629407642	0.0	1	0.0116553946087757	0.0116553946087757	-0.2871336750686168	-0.2871336750686168	False	False	-0.6110202564436589	-0.4154512163471303	-1.1549237404920882	0.21403141493361805	434	426.0	541	0	1	True		True	True	False	manual_review_required	unresolved_or_not_curated	False	Tier_4_not_prioritized
suloctidil	suloctidil	BRD-A34205397;BRD-K42635745	5	2	HEPG2;PHH	-0.0575027734869056	-0.0880388965209325	-0.164900004863739	0.0884357467293739	-0.2028531985623496	-0.2759900525330551	-0.6731403000238869	0.0	2	-0.2735597142535779	0.0854984712269571	-0.22674285088266644	-0.2028531985623496	True	False	-0.6125602025449985	-0.418111321934491	-0.6734501103679751	-0.3392940444256731	435	428.0	485	0	1	True	5354	True	True	True	manual_review_required	unresolved_or_not_curated	False	Tier_4_not_prioritized
calpeptin	calpeptin	BRD-A84045418;BRD-K26134695	3	2	HEPG2;PHH	0.2203697891285022	-0.1447507916535768	-0.0657188573053905	-0.0725128073245287	-0.3424114771187305	-0.3644058321203504	-0.5131311980519622	0.0	2	-0.5098713724356558	0.286823169949154	-0.3826982259218181	0.1848264038562774	True	True	-0.6209714311463315	-0.4326408929237026	-1.2151769808365216	1.2819637774788075	436	172.0	290	0	1	True	2532;73364	True	True	True	manual_review_required	unresolved_or_not_curated	False	Tier_4_not_prioritized
toltrazuril	toltrazuril	BRD-K64514229	3	2	HEPG2;PHH	0.0166361033916473	-0.0259041703409619	-0.3103856997830527	0.0747812576591968	-0.3103856997830527	-0.3826272063223379	-0.485303127339908	0.0	1	0.0166361033916473	0.0166361033916473	-0.3103856997830527	-0.3103856997830527	False	False	-0.6252787699922919	-0.4400813975756691	-1.4243367797565392	0.33489532258541815	437	451.0	517	0	1	True		True	True	False	manual_review_required	unresolved_or_not_curated	False	Tier_4_not_prioritized
lapatinib	lapatinib	BRD-K19687926;BRD-M07438658	3	2	HEPG2;PHH	0.0511519743336571	-0.020672858020083805	-0.2367425624813352	-0.0522405225783586	-0.2367425624813352	-0.319245962618244	-0.6184269119911487	0.0	2	-0.0206728580200838	0.9929160434338782	-0.31820682063698763	-0.2367425624813352	True	False	-0.6284594186138184	-0.4455756555644346	-1.3954929934009712	0.5746677891126827	438	446.0	490	0	1	True	208908;73707431	True	True	True	manual_review_required	unresolved_or_not_curated	False	Tier_4_not_prioritized
brd-k65258912	BRD-K65258912	BRD-K65258912	3	2	HEPG2;PHH	0.3065322546495331	0.19576936566995246	-0.2304074849401201	-0.04559156158939	-0.2716443054378032	-0.3986042739845635	-0.47678288838656124	0.0	1	0.3065322546495331	0.3065322546495331	-0.2716443054378032	-0.2716443054378032	False	False	-0.6369957181778441	-0.4603212743532323	-1.4459754110574252	2.9045359013164225	439	146.0	322	1	0	True	2345373	False	False	False	manual_review_required	unresolved_or_not_curated	False	Tier_4_not_prioritized
penitrem-a	penitrem-a	BRD-K03842655	3	2	HEPG2;PHH	0.0082801315519544	-0.021039713536285698	-0.0860521069594792	0.1307026483118534	-0.2034161761403083	-0.4349755251277533	-0.4382768996680776	0.0	1	0.0082801315519544	0.0082801315519544	-0.2034161761403083	-0.2034161761403083	False	False	-0.6541139749617921	-0.48989138104543556	-0.3128125222378692	0.2960209912376898	440	308.0	375	0	1	True	16759989	True	True	False	manual_review_required	unresolved_or_not_curated	False	Tier_4_not_prioritized
nizatidine	nizatidine	BRD-K46652470;BRD-K73589491	4	2	HEPG2;PHH	0.0729978049380911	-0.038476675334903995	-0.1511902638844081	-0.14578437805175776	-0.2306075362222535	-0.4087238494262454	-0.5141195516981598	0.0	2	-0.04809446074068549	0.10657779613716731	-0.28943928437573563	-0.2110192190323557	True	False	-0.6657836252753253	-0.510049555396194	-1.4036871709542331	0.6603953751642293	441	430.0	486	0	1	True	3033637;5353831	True	True	True	manual_review_required	unresolved_or_not_curated	False	Tier_4_not_prioritized
phorbol-myristate-acetate	phorbol-myristate-acetate	BRD-K68552125	12	3	HEPG2;HUH7;PHH	-0.16753255182670218	-0.21775365827812088	-0.10728657139199116	0.2288716968614608	-0.20247331208416391	-0.5068023317319799	-0.8655833021186972	0.08333333333333333	1	-0.16753255182670218	-0.16753255182670218	-0.20247331208416391	-0.20247331208416391	False	False	-0.9395939827913284	-0.5109291429921928	-0.08040081652290054	-1.4571308023317397	442	456.0	507	0	0	True	27924	True	True	False	manual_review_required	unresolved_or_not_curated	False	Tier_4_not_prioritized
ttnpb	TTNPB	BRD-K49685476;BRD-K68246049	4	2	HEPG2;PHH	-0.09314571874630115	-0.1189027682412415	0.04983587429991785	0.039981388486921746	-0.1420365654464279	-0.2651230337625806	-0.8413901941551428	0.0	2	-0.12550831689602795	0.0391077310778201	-0.21200657097090575	-0.1420365654464279	True	False	-0.6858181308401521	-0.5446571953302431	-0.020740211587155347	-0.6665190147410632	443	399.0	426	0	1	True	5289501;5354022	True	True	True	manual_review_required	unresolved_or_not_curated	False	Tier_4_not_prioritized
benzopurpurin-4b	benzopurpurin-4b	BRD-K14221570	3	2	HEPG2;PHH	0.0236138775944709	-0.12147236967252367	-0.0573579860585076	-0.034509167773649	-0.2063999942370823	-0.398529172943358	-0.5812585002286286	0.0	1	0.0236138775944709	0.0236138775944709	-0.2063999942370823	-0.2063999942370823	False	False	-0.6891584230576723	-0.5504272219457936	-0.7285724903317581	0.08120344080307451	444	365.0	389	0	1	True		True	True	False	manual_review_required	unresolved_or_not_curated	False	Tier_4_not_prioritized
gw-7647	GW-7647	BRD-K96263742	3	2	HEPG2;PHH	0.096711103287008	-0.43631806431545156	-0.4824524032218115	0.0176208410412073	-0.4824524032218115	-0.7742314190411614	-2.023599571067958	0.3333333333333333	1	0.096711103287008	0.096711103287008	-0.4824524032218115	-0.4824524032218115	False	False	-1.7860312045751405	-0.5567635716821764	-2.549867098235856	-0.4302290718414643	445	480.0	544	0	1	True		True	True	False	manual_review_required	unresolved_or_not_curated	False	Tier_4_not_prioritized
benzthiazide	benzthiazide	BRD-K21450440	3	2	HEPG2;PHH	0.1657434979246722	0.026843967330124646	-0.1611154515828405	0.1751312464475631	-0.3860923377797007	-0.425533173576234	-0.5562660385011917	0.0	1	0.1657434979246722	0.1657434979246722	-0.3860923377797007	-0.3860923377797007	False	False	-0.7036661928268299	-0.5754879688053794	-0.8717873308805317	1.4649852670699945	446	142.0	295	0	1	True		True	True	False	manual_review_required	unresolved_or_not_curated	False	Tier_4_not_prioritized
verapamil	verapamil	BRD-A09533288	3	2	HEPG2;PHH	0.4199221680561701	0.15000865277316833	-0.415551381451743	-0.0212862910702824	-0.415551381451743	-0.3151905806882987	-0.7791240997242903	0.0	1	0.4199221680561701	0.4199221680561701	-0.415551381451743	-0.415551381451743	False	False	-0.7047526305504439	-0.5773646832283005	-2.295006770682666	3.495381495412928	447	123.0	353	2	1	True	62969	True	True	False	manual_review_required	unresolved_or_not_curated	False	Tier_4_not_prioritized
parthenolide	parthenolide	BRD-A66395008;BRD-K81651477;BRD-K98548675	5	2	HEPG2;PHH	0.0746439384917418	-0.0210054587158891	-0.3737464132053511	0.2090087477117777	-0.3737464132053511	-0.2528749212145893	-0.925896322709464	0.0	3	-0.0210054587158891	0.4224032859007517	-0.4601073520524161	-0.161009811929294	True	False	-0.7158230825693213	-0.5964878013974405	-1.3745906572485151	0.7256857746454679	448	351.0	520	0	1	True	24870789;44593496;5420804;6473881	True	True	True	manual_review_required	unresolved_or_not_curated	False	Tier_4_not_prioritized
brd-k51644197	BRD-K51644197	BRD-K51644197	12	3	HEPG2;HUH7;PHH	-0.2299744714465406	-0.3558898125257757	-0.0505491681396961	0.010967390611767748	-0.13046787569432383	-0.5377775647396607	-0.9127405785866791	0.08333333333333333	1	-0.2299744714465406	-0.2299744714465406	-0.13046787569432383	-0.13046787569432383	False	False	-0.9941478540330002	-0.605165595538087	-0.3779849474671734	-2.2932773662698205	449	513.0	539	0	0	True	6484054	False	False	False	manual_review_required	unresolved_or_not_curated	False	Tier_4_not_prioritized
plx-4720	PLX-4720	BRD-K16478699	3	2	HEPG2;PHH	-0.1889357649617725	-0.30428194337420994	-0.1593225156622273	0.1813469552434981	-0.1593225156622273	-0.4551332406995315	-0.5409961448601698	0.0	1	-0.1889357649617725	-0.1889357649617725	-0.1593225156622273	-0.1593225156622273	False	False	-0.7256313131296164	-0.6134305560125961	-0.2676372539617146	-1.8662569971663738	450	508.0	539	0	1	True	24180719	True	True	False	manual_review_required	unresolved_or_not_curated	False	Tier_4_not_prioritized
pipamperone	pipamperone	BRD-K26801045	3	2	HEPG2;PHH	0.2131361129383246	0.176678164758616	-0.3612785594803946	0.0646812692284584	-0.3612785594803946	-0.4358460094691032	-0.6166180170377686	0.0	1	0.2131361129383246	0.2131361129383246	-0.3612785594803946	-0.3612785594803946	False	False	-0.7441550179879874	-0.6454284361653546	-1.7368908387363375	2.240302839373852	451	269.0	432	0	1	True		True	True	False	manual_review_required	unresolved_or_not_curated	False	Tier_4_not_prioritized
ilomastat	ilomastat	BRD-K51662849	3	2	HEPG2;PHH	-0.2100500075353516	-0.22912858178218198	-0.1970214247703552	0.2321875002235174	-0.1970214247703552	-0.4879991069643034	-0.5229041447182969	0.0	1	-0.2100500075353516	-0.2100500075353516	-0.1970214247703552	-0.1970214247703552	False	False	-0.7494511793234518	-0.6545770345142039	-0.3248052903420362	-1.7679077654717705	452	513.0	548	0	1	True		True	True	False	manual_review_required	unresolved_or_not_curated	False	Tier_4_not_prioritized
bisoprolol	bisoprolol	BRD-A89175223	3	2	HEPG2;PHH	-0.0018222365114423	-0.0621000070952706	-0.1852785732064928	-0.1138187535107135	-0.2388125024735927	-0.4987559102416511	-0.5085301443431822	0.0	1	-0.0018222365114423	-0.0018222365114423	-0.2388125024735927	-0.2388125024735927	False	False	-0.7530209824132422	-0.6607435186117109	-1.4310260620950208	0.10222842356775064	453	476.0	513	0	1	True		True	True	False	manual_review_required	unresolved_or_not_curated	False	Tier_4_not_prioritized
betamethasone-acetate	betamethasone-acetate	BRD-A92177080	3	2	HEPG2;PHH	0.0157388829522662	-0.02460555649465985	0.1304785673107419	-0.1734664663672447	-0.226281251758337	-0.452273215802889	-0.6158328740266226	0.0	1	0.0157388829522662	0.0157388829522662	-0.226281251758337	-0.226281251758337	False	False	-0.7601896528162002	-0.6731266923969927	-0.6333135261038626	0.33314879914466916	454	349.0	497	0	1	True		True	True	False	manual_review_required	unresolved_or_not_curated	False	Tier_4_not_prioritized
albendazole	albendazole	BRD-K79131256	3	2	HEPG2;PHH	-0.0131638944149017	-0.04661527896920835	-0.1641071460076741	-0.2247803602367639	-0.3393371158412525	-0.3280250537874443	-0.8643842589864064	0.0	1	-0.0131638944149017	-0.0131638944149017	-0.3393371158412525	-0.3393371158412525	False	False	-0.7602171832806475	-0.6731742485694036	-1.9566576336916974	0.07723976046281375	455	520.0	535	0	1	True		True	True	False	manual_review_required	unresolved_or_not_curated	False	Tier_4_not_prioritized
brd-a95937159	BRD-A95937159	BRD-A95937159	3	2	HEPG2;PHH	0.0973812412056658	-0.051257243690391335	0.0231683403253555	-0.1006700377911329	-0.1388454176485538	-0.4660023937208785	-0.5984651302283128	0.0	1	0.0973812412056658	0.0973812412056658	-0.1388454176485538	-0.1388454176485538	False	False	-0.7652349588350349	-0.6818419628333875	-0.5127827924631215	0.7782568213034413	456	276.0	370	0	0	True	24242928	False	False	False	manual_review_required	unresolved_or_not_curated	False	Tier_4_not_prioritized
diltiazem	diltiazem	BRD-A69636825;BRD-K24023109;BRD-K81029756	7	2	HEPG2;PHH	0.1368611132105191	-0.060709817955891254	-0.2406801836831229	-0.0924175176769495	-0.2406801836831229	-0.4918829127850513	-0.5541619366729662	0.0	3	0.12914812647634086	0.28027981830139953	-0.3001571483910084	-0.16654885068003622	False	False	-0.7689638811215345	-0.6882833097094387	-1.5374502792710873	1.0042412072935074	457	374.0	472	0	1	True	198107	True	True	False	manual_review_required	unresolved_or_not_curated	False	Tier_4_not_prioritized
exemestane	exemestane	BRD-A73741725	3	2	HEPG2;PHH	0.3007753637826277	0.06692518446490997	-0.3872714276824678	0.0056125712580978	-0.3872714276824678	-0.5109991062402962	-0.5349684475370431	0.0	1	0.3007753637826277	0.3007753637826277	-0.3872714276824678	-0.3872714276824678	False	False	-0.7784833300088178	-0.7047272223578281	-2.057690859798236	2.4643560160150004	458	208.0	396	0	1	True	60198;73707497	True	True	False	manual_review_required	unresolved_or_not_curated	False	Tier_4_not_prioritized
brd-a11731846	BRD-A11731846	BRD-A11731846	12	3	HEPG2;HUH7;PHH	-0.1082141109638744	-0.23083632149630123	-0.13431442741836816	0.09257258661091325	-0.15327684421624455	-0.4085389419702724	-0.7411887710969451	0.0	1	-0.1082141109638744	-0.1082141109638744	-0.15327684421624455	-0.15327684421624455	False	False	-0.779133327518745	-0.7058500291927062	-0.4428010366939694	-1.1140878043269455	459	464.0	493	0	0	True	16745401	False	False	False	manual_review_required	unresolved_or_not_curated	False	Tier_4_not_prioritized
phenolphthalein	phenolphthalein	BRD-K19227686	3	2	HEPG2;PHH	0.0067133924199475	-0.12108774959213203	-0.2612118457577058	0.1154062543064355	-0.2612118457577058	-0.5012152024603908	-0.5732796371670529	0.0	1	0.0067133924199475	0.0067133924199475	-0.2612118457577058	-0.2612118457577058	False	False	-0.7878550210439172	-0.7209158978340668	-1.030064118872716	-0.0269867437448949	460	417.0	500	0	1	True		True	True	False	manual_review_required	unresolved_or_not_curated	False	Tier_4_not_prioritized
naftidrofuryl	naftidrofuryl	BRD-A67862938	3	2	HEPG2;PHH	0.1088671750492519	0.005975251810418206	-0.2825357147625514	0.0028601121157407	-0.2825357147625514	-0.5038693500534883	-0.5687010720712207	0.0	1	0.1088671750492519	0.1088671750492519	-0.2825357147625514	-0.2825357147625514	False	False	-0.7882198860890987	-0.7215461663509165	-1.4848331382180646	1.0315780160054435	461	376.0	454	0	1	True		True	True	False	manual_review_required	unresolved_or_not_curated	False	Tier_4_not_prioritized
retinol	retinol	BRD-K13927029;BRD-K22429181	4	2	HEPG2;PHH	0.1615938018593523	-0.0012037480870882855	-0.1901199149766138	-0.0760950380936265	-0.19584221925054274	-0.46659677321209553	-0.6550244679711463	0.0	2	-0.13811667222115726	0.2533318205840057	-0.2094742371035473	-0.11564684938639404	True	False	-0.7941090071976686	-0.7317190444483531	-1.2227800164760274	1.3504154393345533	462	313.0	415	0	1	True	445354;9904001	True	True	True	manual_review_required	unresolved_or_not_curated	False	Tier_4_not_prioritized
brd-k16410418	BRD-K16410418	BRD-K16410418	17	3	HEPG2;HUH7;PHH	-0.1044166671733061	-0.1980573038260142	0.0872476313795362	-0.0208797198720276	-0.2182785272598266	-0.4397163511446071	-0.7320482514111236	0.0	1	-0.1044166671733061	-0.1044166671733061	-0.2182785272598266	-0.2182785272598266	False	False	-0.8057404768501689	-0.7518112654585015	-0.28591394956654204	-0.9870024676172979	463	427.0	480	0	0	True	54646219	False	False	False	manual_review_required	unresolved_or_not_curated	False	Tier_4_not_prioritized
perindopril	perindopril	BRD-K92731339	3	2	HEPG2;PHH	0.0643361041115389	0.0487166641073094	-0.0871357300451823	-0.2706062477082014	-0.2706062477082014	-0.3956402773776697	-0.8205527770000377	0.0	1	0.0643361041115389	0.0643361041115389	-0.2706062477082014	-0.2706062477082014	False	False	-0.8059166658776886	-0.7521156146926268	-1.6876935420600718	0.8769980287453344	464	463.0	510	0	1	True	58153637	True	True	False	manual_review_required	unresolved_or_not_curated	False	Tier_4_not_prioritized
am-580	AM-580	BRD-K06854232	3	2	HEPG2;PHH	-0.1793557786279254	-0.18121938490205336	0.159195819071361	-0.0837642382830381	-0.2632316574454307	-0.5349834282246847	-0.5456656638665923	0.0	1	-0.1793557786279254	-0.1793557786279254	-0.2632316574454307	-0.2632316574454307	False	False	-0.8078162601579808	-0.7553969771729939	-0.3738337238569759	-1.4194111750667517	465	483.0	535	0	1	True		True	True	False	manual_review_required	unresolved_or_not_curated	False	Tier_4_not_prioritized
brd-a46802340	BRD-A46802340	BRD-A46802340	12	3	HEPG2;HUH7;PHH	0.01808633691527775	-0.10034921925721896	-0.1761328657822949	-0.12237416021525854	-0.2711781077086925	-0.46892305936605205	-0.6869723338796387	0.0	1	0.01808633691527775	0.01808633691527775	-0.2711781077086925	-0.2711781077086925	False	False	-0.8124092263058714	-0.7633308749256061	-1.512071201187005	0.11148049148178543	466	465.0	504	0	0	True	4190864	False	False	False	manual_review_required	unresolved_or_not_curated	False	Tier_4_not_prioritized
aloisine	aloisine	BRD-K51276371;BRD-K93658967	3	2	HEPG2;PHH	-0.1845970352490743	-0.25578757882532144	-0.1409642973116465	0.0328367166221141	-0.1409642973116465	-0.5198878797347701	-0.5888789356168773	0.0	2	-0.2206908498580257	-0.1845970352490743	-0.1409642973116465	-0.11751291448516506	False	False	-0.8143273475432088	-0.7666442409039593	-0.6097615298225718	-1.6865235778747292	467	522.0	529	0	1	True		True	True	False	manual_review_required	unresolved_or_not_curated	False	Tier_4_not_prioritized
phenacetin	phenacetin	BRD-K38323065	3	2	HEPG2;PHH	-0.0659527646170722	-0.10413890538944134	-0.0458436320934976	-0.0593249928206205	-0.158299989067018	-0.4818468403425954	-0.6746431768738796	0.0	1	-0.0659527646170722	-0.0659527646170722	-0.158299989067018	-0.158299989067018	False	False	-0.8191684287795352	-0.7750067330940537	-0.6452702909271031	-0.44433625836851987	468	455.0	479	0	1	True		True	True	False	manual_review_required	unresolved_or_not_curated	False	Tier_4_not_prioritized
prostaglandin-a1	prostaglandin-a1	BRD-K04010869	3	2	HEPG2;PHH	0.1387025043368339	-0.14659015886071652	-0.1437215230294636	-0.0155271757394075	-0.1437215230294636	-0.4179065107471413	-0.8043338470826191	0.0	1	0.1387025043368339	0.1387025043368339	-0.1437215230294636	-0.1437215230294636	False	False	-0.8200734342884508	-0.7765700411921516	-0.7696449284435884	0.7475982186949741	469	275.0	356	0	1	True	5281912	True	True	False	manual_review_required	unresolved_or_not_curated	False	Tier_4_not_prioritized
spiperone	spiperone	BRD-K55468218	14	3	HEPG2;HUH7;PHH	0.11362403300073409	-0.07310412617193328	-0.3211609651999814	0.0211740769445896	-0.3211609651999814	-0.5079523998549178	-0.6424835748408758	0.0	1	0.11362403300073409	0.11362403300073409	-0.3211609651999814	-0.3211609651999814	False	False	-0.8291941872753557	-0.792325245845286	-1.644380266651381	0.8150738985979724	470	384.0	476	0	1	True		True	True	False	manual_review_required	unresolved_or_not_curated	False	Tier_4_not_prioritized
naltrexone	naltrexone	BRD-A66559694;BRD-K88172511	4	2	HEPG2;PHH	0.16098298329032126	0.09304955436123741	-0.24183929924454006	-0.13333881646394724	-0.2999035801206316	-0.481435741682256	-0.7051567439182056	0.0	2	0.1245243002971013	0.1974416662835412	-0.3359071633645466	-0.2638999968767166	False	False	-0.8340141136413588	-0.800651195075404	-1.8147791008248075	1.6412072630657457	471	370.0	481	0	1	True		True	True	False	manual_review_required	unresolved_or_not_curated	False	Tier_4_not_prioritized
genistein	genistein	BRD-A36151937;BRD-K43797669	22	2	HEPG2;PHH	0.09080567852490476	-0.20252204158653814	-0.23008756565728355	-0.114065789617598	-0.31573479206833455	-0.5252578205961203	-0.9175798975574296	0.045454545454545456	2	-0.17217374924156398	0.11826804052624434	-0.352231886770044	-0.022928617894649492	True	False	-0.9840477693748351	-0.8023100110131951	-1.762534580692514	0.26266492155039195	472	423.0	495	0	1	True	5280961;5284639	True	True	True	manual_review_required	unresolved_or_not_curated	False	Tier_4_not_prioritized
lumicolchicine	lumicolchicine	BRD-K99411983	3	2	HEPG2;PHH	-0.0860692517211039	-0.16182722534156502	-0.1777952568871634	-0.1771145183593034	-0.1972291655838489	-0.5277965425011066	-0.6144005359586565	0.0	1	-0.0860692517211039	-0.0860692517211039	-0.1972291655838489	-0.1972291655838489	False	False	-0.8349968104804348	-0.8023487073130297	-1.4914856884335173	-0.7549464775671879	473	536.0	542	0	1	True	244898	True	True	False	manual_review_required	unresolved_or_not_curated	False	Tier_4_not_prioritized
brd-k34079378	BRD-K34079378	BRD-K34079378	12	3	HEPG2;HUH7;PHH	-0.0520097940332359	-0.12788727817436052	-0.1779314907533781	-0.0131451012566685	-0.2124570491058485	-0.4820955304210887	-0.7061224860612243	0.0	1	-0.0520097940332359	-0.0520097940332359	-0.2124570491058485	-0.2124570491058485	False	False	-0.8351567734517009	-0.8026250276292184	-1.040660897150142	-0.4283516665362548	474	486.0	492	0	0	True	11052947	False	False	False	manual_review_required	unresolved_or_not_curated	False	Tier_4_not_prioritized
podophyllotoxin	podophyllotoxin	BRD-K47869605	14	3	HEPG2;HUH7;PHH	-0.1558144746555222	-0.3268581066901485	-0.18422138211982592	0.1544526675716042	-0.21892781861658606	-0.392728741997705	-0.8899458684396767	0.0	1	-0.1558144746555222	-0.1558144746555222	-0.21892781861658606	-0.21892781861658606	False	False	-0.8377016762175433	-0.8070210971155581	-0.5749798743603657	-1.7224698605603461	475	497.0	535	0	1	True	10607;11892032;4865	True	True	False	manual_review_required	unresolved_or_not_curated	False	Tier_4_not_prioritized
isoxicam	isoxicam	BRD-A75552914	3	2	HEPG2;PHH	0.2815861085222827	0.1984847564405451	-0.3390571453741619	-0.0111062414944171	-0.3390571453741619	-0.4020813029732495	-0.8801799659425068	0.0	1	0.2815861085222827	0.2815861085222827	-0.3390571453741619	-0.3390571453741619	False	False	-0.842171285944503	-0.8147419087710207	-1.8401738532996124	2.7515567050389245	476	210.0	390	0	1	True		True	True	False	manual_review_required	unresolved_or_not_curated	False	Tier_4_not_prioritized
ritanserin	ritanserin	BRD-K40887525	3	2	HEPG2;PHH	-0.0894796904176473	-0.17299678725086975	-0.2466714339596884	0.0831375028938055	-0.2466714339596884	-0.3807519032427716	-0.9302485879614122	0.0	1	-0.0894796904176473	-0.0894796904176473	-0.2466714339596884	-0.2466714339596884	False	False	-0.8458761972234776	-0.8211417789907008	-1.0458610159547266	-0.8119505123134423	477	494.0	534	0	1	True		True	True	False	manual_review_required	unresolved_or_not_curated	False	Tier_4_not_prioritized
chlormadinone-acetate	chlormadinone-acetate	BRD-A01593789	3	2	HEPG2;PHH	0.3795388833516174	0.2407722214443816	-0.3221785681588309	-0.1558124963194131	-0.3221785681588309	-0.4739765779130042	-0.7719826615334207	0.0	1	0.3795388833516174	0.3795388833516174	-0.3221785681588309	-0.3221785681588309	False	False	-0.8599679086797145	-0.8454838259932558	-2.1791351794251677	3.5178223219142604	478	180.0	409	1	1	True		True	True	False	manual_review_required	unresolved_or_not_curated	False	Tier_4_not_prioritized
brd-a13346522	BRD-A13346522	BRD-A13346522	3	2	HEPG2;PHH	-0.1608585864305496	-0.21013424793879187	-0.3614028053624289	0.0318373851478099	-0.3614028053624289	-0.4190047041527808	-0.8861646261472729	0.0	1	-0.1608585864305496	-0.1608585864305496	-0.3614028053624289	-0.3614028053624289	False	False	-0.8620870172264172	-0.8491443778011429	-1.8357684029029158	-1.3901046149969625	479	550.0	568	0	0	True	44629407	False	False	False	manual_review_required	unresolved_or_not_curated	False	Tier_4_not_prioritized
emf-bca1-57	EMF-BCA1-57	BRD-K64610608	3	2	HEPG2;PHH	-0.2348800558182928	-0.23538334502114183	0.0646925089614731	-0.1198934316635131	-0.1721232682466507	-0.5438460678690009	-0.6642574605140243	0.0	1	-0.2348800558182928	-0.2348800558182928	-0.1721232682466507	-0.1721232682466507	False	False	-0.8759747981260131	-0.8731341548036748	-0.5312575657798404	-1.9481866276576332	480	535.0	558	0	1	True	44489675	True	True	False	manual_review_required	unresolved_or_not_curated	False	Tier_4_not_prioritized
syringic-acid	syringic-acid	BRD-K51980294	12	3	HEPG2;HUH7;PHH	-0.06821099855005736	-0.18301389769961435	-0.07975109307361494	-0.0696485731750726	-0.20393418796759633	-0.49483761030234513	-0.7741251325951741	0.0	1	-0.06821099855005736	-0.06821099855005736	-0.20393418796759633	-0.20393418796759633	False	False	-0.8819001765999321	-0.8833696639373951	-0.8942595081239614	-0.705608305063089	481	483.0	486	0	0	True	10742	True	True	False	manual_review_required	unresolved_or_not_curated	False	Tier_4_not_prioritized
motesanib	motesanib	BRD-K99616396	3	2	HEPG2;PHH	0.1997996179593933	-0.09579474572092297	-0.2528245789664132	0.0880696037784218	-0.2528245789664132	-0.4045302375692815	-0.9553089882912379	0.0	1	0.1997996179593933	0.1997996179593933	-0.2528245789664132	-0.2528245789664132	False	False	-0.8821847317149005	-0.8838612049404089	-1.065254671655564	1.3019113620778104	482	199.0	352	0	1	True	11667893	True	True	False	manual_review_required	unresolved_or_not_curated	False	Tier_4_not_prioritized
flunisolide	flunisolide	BRD-A65449987;BRD-K49577446	5	2	HEPG2;PHH	-0.0415877712269624	-0.0614055511024263	0.1040357095854623	-0.0606124941259622	-0.2383410249437604	-0.5208007432963877	-0.7290058830486876	0.0	2	-0.1220499963189165	-0.0415877712269624	-0.2383410249437604	-0.2042874949984252	False	False	-0.8853036848207315	-0.8892488899875151	-0.4058395556920221	-0.15299306155161355	483	364.0	463	0	1	True	13021033;5702174;82153	True	True	False	manual_review_required	unresolved_or_not_curated	False	Tier_4_not_prioritized
skf-96365	SKF-96365	BRD-A72703248	3	2	HEPG2;PHH	0.0232263854575446	0.012317633327458801	0.0168564873082297	-0.0950356684625148	-0.2514993259683251	-0.4713440228249907	-0.8372790038258591	0.0	1	0.0232263854575446	0.0232263854575446	-0.2514993259683251	-0.2514993259683251	False	False	-0.8899835247379202	-0.8973328536410725	-0.8030417744437799	0.4970785424191957	484	360.0	440	0	1	True		True	True	False	manual_review_required	unresolved_or_not_curated	False	Tier_4_not_prioritized
guanfacine	guanfacine	BRD-K32830106	3	2	HEPG2;PHH	-0.0927111133933067	-0.13755000424053931	0.1323666902525084	-0.2277127496199682	-0.2277127496199682	-0.4513183828879384	-0.8775706023609797	0.0	1	-0.0927111133933067	-0.0927111133933067	-0.2277127496199682	-0.2277127496199682	False	False	-0.8901036840684282	-0.897540417078637	-0.7935031409619392	-0.7220188749034195	485	470.0	552	0	1	True		True	True	False	manual_review_required	unresolved_or_not_curated	False	Tier_4_not_prioritized
toremifene	toremifene	BRD-K51350053;BRD-K67174588	16	2	HEPG2;PHH	0.1280206543807354	-0.05416615030521315	-0.18110220240695135	0.00665558734908695	-0.21493622607418467	-0.4613673535826069	-0.8659000613108565	0.0	2	0.09129892993304464	0.1280206543807354	-0.2570408955216407	-0.21493622607418467	False	False	-0.8943173842380352	-0.9048191701173851	-0.9972880144280485	0.967482070365964	486	298.0	378	0	1	True	6536897	True	True	False	manual_review_required	unresolved_or_not_curated	False	Tier_4_not_prioritized
promazine	promazine	BRD-K06980535	4	2	HEPG2;PHH	0.1108552664518356	-0.0697315338895553	-0.34340591302939827	0.08633974660187956	-0.34340591302939827	-0.5255399530768277	-0.7403761592309271	0.0	1	0.1108552664518356	0.1108552664518356	-0.34340591302939827	-0.34340591302939827	False	False	-0.8957280326922912	-0.9072559267231545	-1.5729822801049678	0.8076989577326295	487	363.0	489	0	1	True		True	True	False	manual_review_required	unresolved_or_not_curated	False	Tier_4_not_prioritized
paroxetine	paroxetine	BRD-K37991163	3	2	HEPG2;PHH	0.0554083449145158	-0.08780693407687876	-0.3700864378895078	0.1403687559068203	-0.3700864378895078	-0.5338182459097532	-0.7262639718958073	0.0	1	0.0554083449145158	0.0554083449145158	-0.3700864378895078	-0.3700864378895078	False	False	-0.8969502318576569	-0.9093671556978754	-1.5594869427957898	0.3922790473442471	488	408.0	526	0	1	True	10947895;9951025	True	True	False	manual_review_required	unresolved_or_not_curated	False	Tier_4_not_prioritized
naloxone	naloxone	BRD-A41833852;BRD-A70461345	4	2	HEPG2;PHH	0.152347227351533	-0.02045155357983383	-0.1879249904304743	-0.11752963252365584	-0.30273640840979554	-0.5387791074989807	-0.719091531140582	0.0	2	-0.008364660044511169	0.152347227351533	-0.3443714246552969	-0.2811160463440631	True	False	-0.8983248730692717	-0.9117417133297638	-1.6135856660347088	1.2303734488164186	489	337.0	442	0	1	True	5353813;5702089	True	True	True	manual_review_required	unresolved_or_not_curated	False	Tier_4_not_prioritized
guggulsterone	guggulsterone	BRD-A59808129;BRD-A86109770	3	2	HEPG2;PHH	0.0668180779450469	0.011860983963641852	-0.1085739667926515	-0.14635746832937	-0.2312395833432674	-0.4922752846623697	-0.8133704287613491	0.0	2	0.011860983963641852	0.2591920652323299	-0.39764602083180633	-0.1085739667926515	False	False	-0.8989604990430442	-0.912839694747966	-1.2796142995239583	0.7778095273025999	490	409.0	471	0	1	True	21976524;73707425	True	True	False	manual_review_required	unresolved_or_not_curated	False	Tier_4_not_prioritized
oxantel	oxantel	BRD-K66019333	3	2	HEPG2;PHH	-0.2957388899392552	-0.29947115356723464	-0.1321500028882707	0.0239624977111816	-0.1321500028882707	-0.548057646860206	-0.7029039417615249	0.0	1	-0.2957388899392552	-0.2957388899392552	-0.1321500028882707	-0.1321500028882707	False	False	-0.8995096177409685	-0.9137882433466488	-0.5873886323002391	-2.5425249398422256	491	553.0	562	0	1	True	51371405	True	True	False	manual_review_required	unresolved_or_not_curated	False	Tier_4_not_prioritized
altrenogest	altrenogest	BRD-A27554692	3	2	HEPG2;PHH	-0.1753499905268351	-0.23588460497558114	-0.1748739246811185	0.136521827429533	-0.2295749932527542	-0.5779061550717978	-0.6488959231813038	0.0	1	-0.1753499905268351	-0.1753499905268351	-0.2295749932527542	-0.2295749932527542	False	False	-0.9023541166624497	-0.9187018357559488	-0.6278818819021799	-1.5644297250226662	492	512.0	540	0	1	True		True	True	False	manual_review_required	unresolved_or_not_curated	False	Tier_4_not_prioritized
epitestosterone	epitestosterone	BRD-A53131506;BRD-K25836724	5	2	HEPG2;PHH	0.1021685318814383	0.0324277724656793	-0.1314785757235118	-0.1375062335282564	-0.2792500002043588	-0.5994231367025465	-0.6279253490150922	0.0	2	0.0324277724656793	0.16153889480564326	-0.2898687426932156	-0.2792500002043588	False	False	-0.9133858112100927	-0.9377580042015283	-1.4444657908631937	1.0709406030420061	493	379.0	451	0	1	True		True	True	False	manual_review_required	unresolved_or_not_curated	False	Tier_4_not_prioritized
naproxol	naproxol	BRD-K34014345	3	2	HEPG2;PHH	0.1499888905220561	0.07586944186025191	-0.3469882091241223	-0.1828562472946941	-0.3469882091241223	-0.4169800458254205	-0.9947949362926124	0.0	1	0.1499888905220561	0.1499888905220561	-0.3469882091241223	-0.3469882091241223	False	False	-0.9143775139717267	-0.9394710732855236	-2.3976305288936697	1.5163200032580488	494	465.0	528	0	1	True		True	True	False	manual_review_required	unresolved_or_not_curated	False	Tier_4_not_prioritized
alfuzosin	alfuzosin	BRD-A09056319	3	2	HEPG2;PHH	-0.0017555630248453	-0.045397222921666106	-0.4036000030381338	0.0518562421202659	-0.4036000030381338	-0.6024555818192542	-0.6304009957978176	0.0	1	-0.0017555630248453	-0.0017555630248453	-0.4036000030381338	-0.4036000030381338	False	False	-0.917656079718163	-0.9451344734870225	-2.0100362738776285	0.15489232711077955	495	507.0	547	0	1	True		True	True	False	manual_review_required	unresolved_or_not_curated	False	Tier_4_not_prioritized
zoxazolamine	zoxazolamine	BRD-K66353228	3	2	HEPG2;PHH	0.4441092014830146	0.430433773358042	-0.5585625001362392	-0.0518541955389082	-0.5585625001362392	-0.5953724569648444	-0.6471576767618812	0.0	1	0.4441092014830146	0.4441092014830146	-0.5585625001362392	-0.5585625001362392	False	False	-0.918951295345785	-0.9473718312262818	-3.179833731689703	4.528873876436749	496	182.0	450	2	1	True		True	True	False	manual_review_required	unresolved_or_not_curated	False	Tier_4_not_prioritized
gw-1929	GW-1929	BRD-A15415227	3	2	HEPG2;PHH	0.2198833408248093	0.025844446435156793	-0.5316714282546725	0.2345312461256981	-0.5316714282546725	-0.5710845127154793	-0.7085133048461839	0.0	1	0.2198833408248093	0.2198833408248093	-0.5316714282546725	-0.5316714282546725	False	False	-0.9253411651385712	-0.9584097034761685	-2.174476985743405	1.8122943560081537	497	263.0	525	1	1	True		True	True	False	manual_review_required	unresolved_or_not_curated	False	Tier_4_not_prioritized
estradiol-cypionate	estradiol-cypionate	BRD-A91452556	3	2	HEPG2;PHH	-0.1580763392978244	-0.3044273781383203	0.0099010648471968	-0.1610665125772357	-0.1610665125772357	-0.4752588320286974	-0.9030688197817653	0.0	1	-0.1580763392978244	-0.1580763392978244	-0.1610665125772357	-0.1610665125772357	False	False	-0.9267932419195801	-0.9609180234459896	-0.7898581730468042	-1.6669658288225726	498	517.0	551	0	1	True		True	True	False	manual_review_required	unresolved_or_not_curated	False	Tier_4_not_prioritized
brd-k60298771	BRD-K60298771	BRD-K60298771	12	3	HEPG2;HUH7;PHH	-0.10506879000200159	-0.30487683994902504	0.007024414837360382	0.0320343063212931	-0.24451800881485852	-0.4650361101098714	-0.9326450306689367	0.0	1	-0.10506879000200159	-0.10506879000200159	-0.24451800881485852	-0.24451800881485852	False	False	-0.9313586254443398	-0.9688042749271895	-0.43469168723087814	-1.3252656911961207	499	440.0	450	0	0	True	54657895	False	False	False	manual_review_required	unresolved_or_not_curated	False	Tier_4_not_prioritized
piceatannol	piceatannol	BRD-K26241953;BRD-K91509126	4	2	HEPG2;PHH	-0.12246456783678789	-0.2562877203648289	-0.19264689247523034	0.34383781440556044	-0.19264689247523034	-0.5660669241407295	-0.735099315355044	0.0	2	-0.3568747252639797	-0.12052904532497949	-0.2804130017757416	-0.19264689247523034	False	False	-0.9336165818182515	-0.9727046727145108	0.033248655366754865	-1.2859184272277173	500	397.0	527	0	1	True	4813	True	True	False	manual_review_required	unresolved_or_not_curated	False	Tier_4_not_prioritized
cycloheximide	cycloheximide	BRD-A62184259;BRD-A82329351;BRD-K36055864	20	3	HEPG2;HUH7;PHH	0.06325733206338345	-0.06802238027254733	0.25203992426395416	-0.2703135209158063	-0.29763902830226074	-0.4255216025584747	-1.020655456516478	0.0	3	0.010351785976025749	0.2406808361411094	-0.3997360840439796	-0.0419152546674013	False	False	-0.9358493308167137	-0.976561527237417	-0.7420033468827236	0.5049532761112026	501	282.0	511	0	1	True	6610302	True	True	False	manual_review_required	unresolved_or_not_curated	False	Tier_4_not_prioritized
brd-k71726959	BRD-K71726959	BRD-K71726959	3	2	HEPG2;PHH	-0.3533555530011654	-0.5538619435909722	0.1651885764939444	0.1894456809386611	-0.0441557578742504	-0.2788644434721579	-1.314586787769157	0.0	1	-0.3533555530011654	-0.3533555530011654	-0.0441557578742504	-0.0441557578742504	False	False	-0.9361578373567364	-0.9770944419739378	1.0213773275804408	-3.7109860117569013	502	499.0	557	0	0	True	6610355	False	False	False	manual_review_required	unresolved_or_not_curated	False	Tier_4_not_prioritized
ftase-inhibitor-b581	FTase-inhibitor-B581	BRD-K04877770	3	2	HEPG2;PHH	0.2191050859789053	0.05589876675771341	-0.2926325798034668	0.2911922093480825	-0.3602900858968496	-0.6186163888889409	-0.6736032457297875	0.0	1	0.2191050859789053	0.2191050859789053	-0.3602900858968496	-0.3602900858968496	False	False	-0.9554180117538347	-1.010364500895281	-0.8519771865575494	1.9012416727474462	503	118.0	369	1	1	True		True	True	False	manual_review_required	unresolved_or_not_curated	False	Tier_4_not_prioritized
carvedilol	carvedilol	BRD-A10977446	3	2	HEPG2;PHH	-0.0893361245592435	-0.1723849225996269	0.0359310486486979	-0.2004173835739493	-0.20393125154078	-0.63830296346356	-0.6507130455307012	0.0	1	-0.0893361245592435	-0.0893361245592435	-0.20393125154078	-0.20393125154078	False	False	-0.9636594862289105	-1.024600838310057	-0.939354253264152	-0.8091078425580647	504	496.0	544	0	1	True		True	True	False	manual_review_required	unresolved_or_not_curated	False	Tier_4_not_prioritized
brd-a84238007	BRD-A84238007	BRD-A84238007	12	3	HEPG2;HUH7;PHH	-0.0444085844792425	-0.12667157107757193	-0.23496081254311965	-0.0160968541167676	-0.30007625690528317	-0.5353881206866058	-0.8600458918704785	0.0	1	-0.0444085844792425	-0.0444085844792425	-0.30007625690528317	-0.30007625690528317	False	False	-0.9654110666218451	-1.0276265213426667	-1.4441573770599638	-0.3753490696971283	505	498.0	511	0	0	True	3122973	False	False	False	manual_review_required	unresolved_or_not_curated	False	Tier_4_not_prioritized
su-4312	SU-4312	BRD-K20287671;BRD-K60487568	3	2	HEPG2;PHH	0.0690623737043804	0.022761385887861252	0.1202214317662375	-0.3437062427401542	-0.3437062427401542	-0.4783962092229298	-0.9773165605045737	0.0	2	-0.0235396019286579	0.10898396703932015	-0.5021032568599496	0.2555706035345793	True	True	-0.9670544894752167	-1.03046537285237	-1.4733577604465795	0.8264236796015172	506	393.0	540	0	1	True	5353593;6450842	True	True	True	manual_review_required	unresolved_or_not_curated	False	Tier_4_not_prioritized
carbinoxamine	carbinoxamine	BRD-A29426959	3	2	HEPG2;PHH	0.2492361217737198	0.0567513919538922	-0.3630285688808986	0.0377562455832958	-0.3630285688808986	-0.4579428931964295	-1.0209727832337931	0.0	1	0.2492361217737198	0.2492361217737198	-0.3630285688808986	-0.3630285688808986	False	False	-0.968429284813326	-1.0328401967226346	-1.827093641164462	2.098939237890777	507	245.0	405	0	1	True		True	True	False	manual_review_required	unresolved_or_not_curated	False	Tier_4_not_prioritized
sb-225002	SB-225002	BRD-K61323504	3	2	HEPG2;PHH	-0.252458273122708	-0.2622856264933944	-0.1428217132176671	0.0069170221686363	-0.1428217132176671	-0.5542978952150969	-0.8356514000777331	0.0	1	-0.252458273122708	-0.252458273122708	-0.1428217132176671	-0.1428217132176671	False	False	-0.9721235952539634	-1.0392217550356402	-0.697554760702164	-2.14609422616521	508	545.0	555	0	1	True	3854666	True	True	False	manual_review_required	unresolved_or_not_curated	False	Tier_4_not_prioritized
tadalafil	tadalafil	BRD-K93645900	3	2	HEPG2;PHH	-0.133861114581426	-0.234663888398144	-0.3128214201756886	0.0003250120207667	-0.3128214201756886	-0.6309823978339814	-0.6951619233782005	0.0	1	-0.133861114581426	-0.133861114581426	-0.3128214201756886	-0.3128214201756886	False	False	-0.9785633595230816	-1.050345815091161	-1.660440663605983	-1.2920643901182323	509	544.0	555	0	1	True		True	True	False	manual_review_required	unresolved_or_not_curated	False	Tier_4_not_prioritized
tyrphostin-ag-527	tyrphostin-AG-527	BRD-K43405658	12	3	HEPG2;HUH7;PHH	1.8259924319049756e-05	-0.07339145408736328	-0.049400977790355655	-0.20231733098626137	-0.22575767431408167	-0.572116563894919	-0.8137649750218741	0.0	1	1.8259924319049756e-05	1.8259924319049756e-05	-0.22575767431408167	-0.22575767431408167	False	False	-0.9789990514058561	-1.051098430011078	-1.2559826350105538	0.07883132994631656	510	470.0	508	0	1	True		True	True	False	manual_review_required	unresolved_or_not_curated	False	Tier_4_not_prioritized
e-4031	E-4031	BRD-K41713976	4	2	HEPG2;PHH	0.04669237198928994	-0.18436917978235415	-0.26808012010795723	0.03750528581440445	-0.3383604175012026	-0.5913409853265399	-0.815677517522422	0.0	1	0.04669237198928994	0.04669237198928994	-0.3383604175012026	-0.3383604175012026	False	False	-0.9991797440877509	-1.0859585938266931	-1.480875994850211	0.03389660314172227	511	420.0	484	0	1	True		True	True	False	manual_review_required	unresolved_or_not_curated	False	Tier_4_not_prioritized
betamethasone	betamethasone	BRD-A02180903;BRD-K39188321	5	2	HEPG2;PHH	0.1441527787182066	-0.0254222179452578	-0.0862289730991636	-0.1520348433405161	-0.4951687548309564	-0.5870823408255265	-0.8289704497253139	0.0	2	0.1441527787182066	0.22623336356547144	-0.4951687548309564	-0.4431984658752169	False	False	-1.0015675656881835	-1.0900833210333178	-1.905068632805298	1.1617885855241312	512	314.0	407	0	1	True		True	True	False	manual_review_required	unresolved_or_not_curated	False	Tier_4_not_prioritized
hypericin	hypericin	BRD-K29673530	3	2	HEPG2;PHH	-0.2022472305430306	-0.3149315923866298	-0.30867857166699	-0.1267999904230237	-0.30867857166699	-0.295340066716548	-1.4185919983992499	0.0	1	-0.2022472305430306	-0.2022472305430306	-0.30867857166699	-0.30867857166699	False	False	-1.004636065916173	-1.0953838536910465	-2.0175014170676877	-1.985722249576459	513	564.0	569	0	1	True		True	True	False	manual_review_required	unresolved_or_not_curated	False	Tier_4_not_prioritized
tramadol	tramadol	BRD-K04412738;BRD-K51033547	3	2	HEPG2;PHH	-0.0248749959799978	-0.1172402756185167	-0.3513642868825367	-0.0820374824106693	-0.3513642868825367	-0.5778231930638116	-0.8638380247996085	0.0	2	-0.2096055552570356	0.0769611137608687	-0.4496142800365175	-0.30884776557130467	True	False	-1.0097422054636158	-1.104204208071099	-2.12050741118351	-0.21941943740287742	514	530.0	547	0	1	True	33741;667511	True	True	True	manual_review_required	unresolved_or_not_curated	False	Tier_4_not_prioritized
lupanine	lupanine	BRD-A92826379	3	2	HEPG2;PHH	-0.0223694410589006	-0.1267666636655728	0.2314785655055727	-0.3222000077366829	-0.3222000077366829	-0.55103017377948	-0.9228285308631641	0.0	1	-0.0223694410589006	-0.0223694410589006	-0.3222000077366829	-0.3222000077366829	False	False	-1.012444439211062	-1.108872051370084	-1.0214304999742205	-0.23299213199780955	515	418.0	557	0	1	True		True	True	False	manual_review_required	unresolved_or_not_curated	False	Tier_4_not_prioritized
ruxolitinib	ruxolitinib	BRD-K53972329	4	2	HEPG2;PHH	0.06580974792854649	-0.004601769201043604	-0.08512222500784056	-0.0744569280650466	-0.2649792597762176	-0.4877883406163799	-1.0519273198461012	0.0	1	0.06580974792854649	0.06580974792854649	-0.2649792597762176	-0.2649792597762176	False	False	-1.0137520005394305	-1.1111307350943935	-1.0808800019545501	0.7198011138339669	516	359.0	404	0	1	True	25126798	True	True	False	manual_review_required	unresolved_or_not_curated	False	Tier_4_not_prioritized
l-161982	L-161982	BRD-K39733634	3	2	HEPG2;PHH	0.2234972160723474	0.024926386954676805	-0.4432214285646166	-0.2077875006943941	-0.4432214285646166	-0.6580858985405591	-0.712462644972321	0.0	1	0.2234972160723474	0.2234972160723474	-0.4432214285646166	-0.4432214285646166	False	False	-1.0143172210267197	-1.112107097952172	-3.0060770688714387	1.8328152171910421	517	453.0	537	0	1	True		True	True	False	manual_review_required	unresolved_or_not_curated	False	Tier_4_not_prioritized
zolmitriptan	zolmitriptan	BRD-K54314721	3	2	HEPG2;PHH	-0.0170944395164648	-0.14112222049799225	-0.2290285655430385	-0.2038062484934926	-0.2290285655430385	-0.5770546948492882	-0.880884241382961	0.0	1	-0.0170944395164648	-0.0170944395164648	-0.2290285655430385	-0.2290285655430385	False	False	-1.0174968155407687	-1.1175995350738384	-1.8058072019125047	-0.24374043703181264	518	514.0	545	0	1	True	60857	True	True	False	manual_review_required	unresolved_or_not_curated	False	Tier_4_not_prioritized
emetine	emetine	BRD-A25687296;BRD-K01976263;BRD-K03067624	16	3	HEPG2;HUH7;PHH	0.33049882720741963	-0.06417793718477086	0.508589397583689	-0.5738870147615671	-0.5738870147615671	-0.6244435055506607	-1.2036680389373076	0.0625	3	0.0470157998303572	0.3828164661924044	-0.8298229351639748	-0.110780319198966	False	False	-1.2262775250193145	-1.1241720206277008	-1.5893852586779356	2.24676822917739	519	71.0	524	2	1	True	10219;11957493	True	True	False	manual_review_required	unresolved_or_not_curated	False	Tier_4_not_prioritized
minoxidil	minoxidil	BRD-K06902185;BRD-K14888893	3	2	HEPG2;PHH	0.2662107050418854	0.10373253706428745	-0.3361863068171909	-0.1992936888709664	-0.3411008352413773	-0.6521586738822479	-0.741695458198794	0.0	2	-0.0587456309133105	0.2778066727850172	-0.42334016306059696	-0.3411008352413773	True	False	-1.023006402981645	-1.127116806050256	-2.3994149258864117	2.355729546832669	520	345.0	500	0	1	True	4201	True	True	True	manual_review_required	unresolved_or_not_curated	False	Tier_4_not_prioritized
d-64131	D-64131	BRD-K26997899	14	3	HEPG2;HUH7;PHH	-0.1774373904077543	-0.23382595579864246	-0.18568675060357365	0.14422184228897095	-0.18568675060357365	-0.4532830431273887	-1.1509986098242244	0.0	1	-0.1774373904077543	-0.1774373904077543	-0.18568675060357365	-0.18568675060357365	False	False	-1.0287823480395009	-1.1370941836398514	-0.5248963517308592	-1.5715032513809324	521	514.0	542	0	1	True		True	True	False	manual_review_required	unresolved_or_not_curated	False	Tier_4_not_prioritized
oxibendazole	oxibendazole	BRD-K52075715	3	2	HEPG2;PHH	0.1047434348406063	-0.11365883849147293	-0.3830571493932179	0.0064325761049985	-0.3830571493932179	-0.5517504011975631	-0.9634468746223739	0.0	1	0.1047434348406063	0.1047434348406063	-0.3830571493932179	-0.3830571493932179	False	False	-1.03347383850875	-1.1451982724774041	-2.0318580970324804	0.6307706019153347	522	438.0	510	0	1	True		True	True	False	manual_review_required	unresolved_or_not_curated	False	Tier_4_not_prioritized
physostigmine	physostigmine	BRD-K25650355	3	2	HEPG2;PHH	-0.1896611087852054	-0.5210458259615633	0.0299785818372453	0.252495382912457	0.0299785818372453	-0.6294006254997045	-0.8086586606740538	0.0	1	-0.1896611087852054	-0.1896611087852054	0.0299785818372453	0.0299785818372453	False	False	-1.0337299558367314	-1.1456406899974656	0.9953293264503613	-2.5488081395254953	523	400.0	483	0	1	True	16212981	True	True	False	manual_review_required	unresolved_or_not_curated	False	Tier_4_not_prioritized
dmbi	DMBI	BRD-K96084870	3	2	HEPG2;PHH	-0.2077490941931804	-0.5788258859473798	0.0334469888891492	-0.1849751770496368	-0.2412142548710107	-0.6153285851081212	-0.8417505294468903	0.0	1	-0.2077490941931804	-0.2077490941931804	-0.2412142548710107	-0.2412142548710107	False	False	-1.0362038498315664	-1.1499140988086403	-0.9960067117369074	-2.8465752197775567	524	536.0	561	0	1	True		True	True	False	manual_review_required	unresolved_or_not_curated	False	Tier_4_not_prioritized
immethridine	immethridine	BRD-K49519092	3	2	HEPG2;PHH	-0.051741717577291	-0.06996807786506701	-0.2380880330290113	-0.0192687362432479	-0.2973665408790111	-0.6799673237616107	-0.7227430698057149	0.0	1	-0.051741717577291	-0.051741717577291	-0.2973665408790111	-0.2973665408790111	False	False	-1.041338858664468	-1.1587843220428595	-1.4560558057278548	-0.2454936449366384	525	509.0	516	0	1	True		True	True	False	manual_review_required	unresolved_or_not_curated	False	Tier_4_not_prioritized
praziquantel	praziquantel	BRD-A21858158	3	2	HEPG2;PHH	-0.1401444483134481	-0.2122111149753133	-0.0585857209350381	-0.2582166865468025	-0.2582166865468025	-0.5086518927580781	-1.0656719780009654	0.0	1	-0.1401444483134481	-0.1401444483134481	-0.2582166865468025	-0.2582166865468025	False	False	-1.0414878817585609	-1.1590417447960957	-1.53360326277476	-1.262521465200917	526	546.0	563	0	1	True		True	True	False	manual_review_required	unresolved_or_not_curated	False	Tier_4_not_prioritized
alclometasone	alclometasone	BRD-A90131694	3	2	HEPG2;PHH	0.483069437659449	0.34066388321419555	-0.329071432352066	-0.2721360512077808	-0.3823500052094459	-0.6487345406933436	-0.7974274646165588	0.0	1	0.483069437659449	0.483069437659449	-0.3823500052094459	-0.3823500052094459	False	False	-1.047448273001623	-1.1693377350484377	-2.7014492826555605	4.500329379503254	527	151.0	421	1	1	True	73707510	True	True	False	manual_review_required	unresolved_or_not_curated	False	Tier_4_not_prioritized
pentamidine	pentamidine	BRD-K13183738	12	3	HEPG2;HUH7;PHH	-0.260883184046381	-0.3479320408465961	-0.33294928073883057	0.33245052583515644	-0.33294928073883057	-0.5619405290002875	-0.998870512995396	0.0	1	-0.260883184046381	-0.260883184046381	-0.33294928073883057	-0.33294928073883057	False	False	-1.0613757854979855	-1.1933961444806773	-0.7792086506902252	-2.4684571007183	528	534.0	571	0	0	True	359323	True	True	False	manual_review_required	unresolved_or_not_curated	False	Tier_4_not_prioritized
bisacodyl	bisacodyl	BRD-K39987650	3	2	HEPG2;PHH	0.1486583413142297	0.1144361220196717	-0.1918857051059603	-0.3285499950870871	-0.4181809978825705	-0.6541217999858042	-0.8354906577520841	0.0	1	0.1486583413142297	0.1486583413142297	-0.4181809978825705	-0.4181809978825705	False	False	-1.0718671288618462	-1.211518909346829	-2.5516548179549465	1.628311988796579	529	461.0	526	0	1	True		True	True	False	manual_review_required	unresolved_or_not_curated	False	Tier_4_not_prioritized
brd-a94546435	BRD-A94546435	BRD-A94546435	12	3	HEPG2;HUH7;PHH	0.0015272766144739502	-0.18370223624838716	-0.2774981614202261	0.0447447448968887	-0.325254712253809	-0.565748195104774	-1.03034772554649	0.0	1	0.0015272766144739502	0.0015272766144739502	-0.325254712253809	-0.325254712253809	False	False	-1.080922057878019	-1.2271604095578572	-1.453857015812271	-0.25636103254295084	530	464.0	508	0	0	True	23786410	False	False	False	manual_review_required	unresolved_or_not_curated	False	Tier_4_not_prioritized
etamivan	etamivan	BRD-K38055836	3	2	HEPG2;PHH	0.0295599134018023	0.01062717816481985	-0.2768588938883373	-0.1856249962002039	-0.2960937581956386	-0.7261002202119147	-0.7288502023244898	0.0	1	0.0295599134018023	0.0295599134018023	-0.2960937581956386	-0.2960937581956386	False	False	-1.0905253213741597	-1.2437491037080992	-2.066035825562092	0.5327876823779463	531	498.0	538	0	1	True		True	True	False	manual_review_required	unresolved_or_not_curated	False	Tier_4_not_prioritized
dexamethasone-acetate	dexamethasone-acetate	BRD-A93424738	3	2	HEPG2;PHH	0.017825084634953	-0.07053703100730975	-0.2943499269230025	0.035935241729021	-0.2943499269230025	-0.729631379631067	-0.7305959837755098	0.0	1	0.017825084634953	0.017825084634953	-0.2943499269230025	-0.2943499269230025	False	False	-1.094929371518822	-1.2513566676264998	-1.451500254975668	0.2030170603079687	532	460.0	509	0	1	True		True	True	False	manual_review_required	unresolved_or_not_curated	False	Tier_4_not_prioritized
tebuthiuron	tebuthiuron	BRD-K34820100	3	2	HEPG2;PHH	0.3052361069454087	0.22886110511091015	-0.1143214298146111	-0.5528499949723482	-0.5528499949723482	-0.6959496077209238	-0.8856400727176124	0.0	1	0.3052361069454087	0.3052361069454087	-0.5528499949723482	-0.5528499949723482	False	False	-1.13876964407973	-1.3270864310833097	-3.334888605457591	2.9996295236635775	533	372.0	527	0	1	True		True	True	False	manual_review_required	unresolved_or_not_curated	False	Tier_4_not_prioritized
brd-k98803880	BRD-K98803880	BRD-K98803880	12	3	HEPG2;HUH7;PHH	-0.09119467395875186	-0.2052251567236251	-0.2388611781810011	-0.11027248483151195	-0.29465728159993887	-0.706041843260801	-0.8950101837759749	0.0	1	-0.09119467395875186	-0.09119467395875186	-0.29465728159993887	-0.29465728159993887	False	False	-1.1535469351487884	-1.3526127495074816	-1.7234950114965832	-0.9238345955693048	534	531.0	541	0	0	True	54618470	False	False	False	manual_review_required	unresolved_or_not_curated	False	Tier_4_not_prioritized
mesoridazine	mesoridazine	BRD-A14395271	3	2	HEPG2;PHH	-0.0605259049269888	-0.20680338434047169	-0.1070924635444368	-0.3599655125290155	-0.3823356879875064	-0.8026058943794361	-0.8054967558026196	0.0	1	-0.0605259049269888	-0.0605259049269888	-0.3823356879875064	-0.3823356879875064	False	False	-1.2053542722807458	-1.4421048342311695	-2.3003668100576373	-0.7302580816548048	535	547.0	565	0	1	True	4078	True	True	False	manual_review_required	unresolved_or_not_curated	False	Tier_4_not_prioritized
prednisolone	prednisolone	BRD-A27887842	3	2	HEPG2;PHH	-0.0853888992634084	-0.3246375064676006	-0.196328580379486	0.1420624973252415	-0.2468437533825636	-0.7939738202100945	-0.8397429229891193	0.0	1	-0.0853888992634084	-0.0853888992634084	-0.2468437533825636	-0.2468437533825636	False	False	-1.2138452817046543	-1.4567722187527592	-0.7196408805820529	-1.259677123789274	536	442.0	514	0	1	True	7048968;7061270	True	True	False	manual_review_required	unresolved_or_not_curated	False	Tier_4_not_prioritized
sildenafil	sildenafil	BRD-K50128260;BRD-K79759585	4	2	HEPG2;PHH	-0.07646152749657631	-0.33609790955152774	-0.3378935786230223	-0.02211042679846284	-0.34043814887159635	-0.6287851811918829	-1.2057775621161988	0.0	2	-0.2325861048367288	0.0796630498435762	-0.379157236777246	-0.3017190609659467	True	False	-1.2316739622499822	-1.487569512692228	-1.8731262171559964	-1.2377308562794962	537	532.0	550	0	1	True	5212	True	True	True	manual_review_required	unresolved_or_not_curated	False	Tier_4_not_prioritized
triciribine	triciribine	BRD-A11706664;BRD-A42649439;BRD-K80431395	6	2	HEPG2;PHH	-0.1453994326293468	-0.20943316527538824	-0.3507539523499352	0.23564652819186443	-0.3507539523499352	-0.811211874388853	-0.8470098598451825	0.0	3	-0.238472882244322	-0.1187322007285224	-0.600607190813337	-0.1964464304702622	False	False	-1.2347168043114443	-1.4928257233882452	-1.1673909079737879	-1.287848666739432	538	502.0	564	0	1	True	16759157	True	True	False	manual_review_required	unresolved_or_not_curated	False	Tier_4_not_prioritized
mephentermine	mephentermine	BRD-K18194590	3	2	HEPG2;PHH	0.16676667249865	-0.08161388648053011	0.0562285568032945	-0.3083625137805938	-0.3083625137805938	-0.8121858713039682	-0.8453669625607925	0.0	1	0.16676667249865	0.16676667249865	-0.3083625137805938	-0.3083625137805938	False	False	-1.2348693525843646	-1.4930892355415502	-1.468576014282212	1.1324425706658556	539	299.0	490	0	1	True	73707340	True	True	False	manual_review_required	unresolved_or_not_curated	False	Tier_4_not_prioritized
scopolamine	scopolamine	BRD-A14566392;BRD-A62035778;BRD-K89923877	5	2	HEPG2;PHH	-0.0229471752213107	-0.0934997409996059	-0.194011207137789	-0.0850937515497207	-0.4036164092166083	-0.8050423689511796	-0.912576255935525	0.0	3	-0.0971978588236702	0.16030555725511575	-0.4692390374839306	0.007070981697844592	True	True	-1.261330496918942	-1.5387982625205685	-1.7929213627126088	-0.13270055735040187	540	481.0	514	0	1	True	23581798;2837667;5702114;73707515	True	True	True	manual_review_required	unresolved_or_not_curated	False	Tier_4_not_prioritized
cyclopentolate	cyclopentolate	BRD-A77291778	3	2	HEPG2;PHH	-0.0475444430485367	-0.0605724106749726	-0.4096428709370749	-0.1508111590519547	-0.4096428709370749	-0.7146239293340061	-1.1157254329032547	0.0	1	-0.0475444430485367	-0.0475444430485367	-0.4096428709370749	-0.4096428709370749	False	False	-1.2724866457856334	-1.5580694135744249	-2.6494459225590883	-0.18894386205319444	541	557.0	560	0	1	True		True	True	False	manual_review_required	unresolved_or_not_curated	False	Tier_4_not_prioritized
fluperlapine	fluperlapine	BRD-K15715913	3	2	HEPG2;PHH	0.1082556504342291	-0.0023016662647326463	-0.372081526688167	-0.2864274447783828	-0.372081526688167	-0.688366114841922	-1.168936127408718	0.0	1	0.1082556504342291	0.1082556504342291	-0.372081526688167	-0.372081526688167	False	False	-1.272834178546281	-1.558669742272673	-2.8464819105933596	1.00173647951621	542	503.0	555	0	1	True	49381	True	True	False	manual_review_required	unresolved_or_not_curated	False	Tier_4_not_prioritized
emd-386088	EMD-386088	BRD-K47659338	3	2	HEPG2;PHH	0.2422166599167717	-0.0015375018119812012	-0.5859071569783347	-0.2663812395185232	-0.5859071569783347	-0.7295490671540539	-1.1399228322053596	0.0	1	0.2422166599167717	0.2422166599167717	-0.5859071569783347	-0.5859071569783347	False	False	-1.2995104832567337	-1.60475043766109	-3.97288318751327	1.8712249589881726	543	510.0	561	0	1	True		True	True	False	manual_review_required	unresolved_or_not_curated	False	Tier_4_not_prioritized
resveratrol	resveratrol	BRD-K25591257;BRD-K80738081	4	2	HEPG2;PHH	0.016945831891563252	-0.1076958315033051	-0.3431392929383686	0.0256687989458442	-0.3431392929383686	-0.6974358829920961	-1.231505506483483	0.0	2	-0.1600250016070074	0.1010332813279496	-0.43191071067537573	-0.17886070907115936	True	False	-1.3131886362338376	-1.6283781030238687	-1.752881500871463	0.081124205114453	544	484.0	530	0	1	True	445154	True	True	True	manual_review_required	unresolved_or_not_curated	False	Tier_4_not_prioritized
mexiletine	mexiletine	BRD-A64092382	3	2	HEPG2;PHH	0.3525027715497547	0.29108888573116726	-0.4921642893127033	-0.1531687583774328	-0.4921642893127033	-0.8312379579015431	-0.9701527614970618	0.0	1	0.3525027715497547	0.3525027715497547	-0.4921642893127033	-0.4921642893127033	False	False	-1.316314338650074	-1.6337774468415671	-3.114332813105232	3.500172235953168	545	311.0	508	0	1	True		True	True	False	manual_review_required	unresolved_or_not_curated	False	Tier_4_not_prioritized
salsolinol	salsolinol	BRD-K99595596	3	2	HEPG2;PHH	-0.2921791867249542	-0.2940534860309627	-0.2086571521524872	-0.1532208360731601	-0.2086571521524872	-0.7898525076785258	-1.0707487766113546	0.0	1	-0.2921791867249542	-0.2921791867249542	-0.2086571521524872	-0.2086571521524872	False	False	-1.325226895984203	-1.6491730139601597	-1.5415568420590966	-2.5025418658407363	546	566.0	572	0	1	True	54456	True	True	False	manual_review_required	unresolved_or_not_curated	False	Tier_4_not_prioritized
purmorphamine	purmorphamine	BRD-K73397362	3	2	HEPG2;PHH	0.1701965260112451	0.0653940030735814	-0.2000828140548297	-0.3068822938948869	-0.438044935464859	-0.8479958405526029	-0.9584676891469234	0.0	1	0.1701965260112451	0.1701965260112451	-0.438044935464859	-0.438044935464859	False	False	-1.3272296851260645	-1.6526326354247918	-2.5622072901855715	1.6143609687752318	547	437.0	521	0	1	True	5284329	True	True	False	manual_review_required	unresolved_or_not_curated	False	Tier_4_not_prioritized
t-0901317	T-0901317	BRD-K23383398	3	2	HEPG2;PHH	-0.0882472230328453	-0.10532562186320615	-0.6888029351830482	0.1003374960273504	-0.6888029351830482	-0.7415837499623497	-1.172509699586838	0.0	1	-0.0882472230328453	-0.0882472230328453	-0.6888029351830482	-0.6888029351830482	False	False	-1.3278385997557687	-1.6536844756205573	-3.4474395712444474	-0.5923542181754299	548	564.0	573	0	1	True	447912	True	True	False	manual_review_required	unresolved_or_not_curated	False	Tier_4_not_prioritized
protein-tyrosine-phosphatase-inhibitor-iv	protein-tyrosine-phosphatase-inhibitor-IV	BRD-K02581333	3	2	HEPG2;PHH	-0.0796055619915326	-0.13153749642272783	-0.1921785729272025	-0.3795687519013881	-0.4475000245230539	-0.8242073513212658	-1.0462306035859954	0.0	1	-0.0796055619915326	-0.0796055619915326	-0.4475000245230539	-0.4475000245230539	False	False	-1.3473226531142635	-1.6873412634511693	-2.7800681373941725	-0.6183875575340938	549	562.0	570	0	1	True		True	True	False	manual_review_required	unresolved_or_not_curated	False	Tier_4_not_prioritized
brd-a37656721	BRD-A37656721	BRD-A37656721	3	2	HEPG2;PHH	-0.1372937824991014	-0.1659906796283192	-0.2197884981121335	-0.3141440395265817	-0.347792848944664	-0.8754761106083317	-0.9781500944971211	0.0	1	-0.1372937824991014	-0.1372937824991014	-0.347792848944664	-0.347792848944664	False	False	-1.3645511578568923	-1.717101812659917	-2.4119107594778226	-1.0995308903635526	550	566.0	570	0	0	True	44629413	False	False	False	manual_review_required	unresolved_or_not_curated	False	Tier_4_not_prioritized
metolazone	metolazone	BRD-A61793559	3	2	HEPG2;PHH	0.0401295075813929	-0.006277037577496598	-0.5590485547270093	-0.0747184865176677	-0.5590485547270093	-0.8172481072889196	-1.1110618103310348	0.0	1	0.0401295075813929	0.0401295075813929	-0.5590485547270093	-0.5590485547270093	False	False	-1.372779012454437	-1.7313146230744374	-3.2508842224274406	0.548339984288191	551	542.0	567	0	1	True		True	True	False	manual_review_required	unresolved_or_not_curated	False	Tier_4_not_prioritized
sb-239063	SB-239063	BRD-K82091397;BRD-K98143437	3	2	HEPG2;PHH	-0.1411764670370353	-0.2011506467954152	0.2343312725424766	-0.0290910573676228	-0.3310896349804742	-0.7987904160889605	-1.1787183498298484	0.0	2	-0.2611248265537951	0.003302041906863451	-0.6660167056002787	-0.0290910573676228	True	False	-1.3881495910038848	-1.7578657873293315	-0.15938492360179723	-1.234613589817035	552	388.0	502	0	1	True	5166	True	True	True	manual_review_required	unresolved_or_not_curated	False	Tier_4_not_prioritized
cgp-57380	CGP-57380	BRD-K42500029	3	2	HEPG2;PHH	0.2280615402592553	-0.1262983965377013	-0.4609647691249847	-0.243197632022202	-0.4609647691249847	-0.8154668140018152	-1.1461820606962734	0.0	1	0.2280615402592553	0.2280615402592553	-0.4609647691249847	-0.4609647691249847	False	False	-1.3885578443499518	-1.758571004872976	-3.210379395987817	1.3894543752785515	553	468.0	549	0	1	True		True	True	False	manual_review_required	unresolved_or_not_curated	False	Tier_4_not_prioritized
nocodazole	nocodazole	BRD-K12539581	3	2	HEPG2;PHH	-0.1034083275331391	-0.11674582358035776	-0.1427357069083622	-0.2720250049605965	-0.2720250049605965	-0.7455011830029507	-1.291221394861442	0.0	1	-0.1034083275331391	-0.1034083275331391	-0.2720250049605965	-0.2720250049605965	False	False	-1.3911118804336717	-1.7629828512685828	-1.8617835490547185	-0.7262014025072091	554	552.0	560	0	1	True		True	True	False	manual_review_required	unresolved_or_not_curated	False	Tier_4_not_prioritized
dexamethasone	dexamethasone	BRD-A10188456;BRD-A35108200;BRD-A69951442;BRD-K38775274;BRD-K47635719	11	2	HEPG2;PHH	-0.0744517939165234	-0.16416951600048274	-0.3882809983832495	-0.0694562643766403	-0.4137044016804014	-0.6799109381963573	-1.4882487522157293	0.0	5	-0.16153125382132	0.2011010092165735	-0.5754535517522267	-0.07918104492793121	True	False	-1.424035314304222	-1.8198548484884618	-2.3527613744658114	-0.6870740709246006	555	552.0	559	0	1	True	3003;40469526;40469540;5743;73707402	True	True	True	manual_review_required	unresolved_or_not_curated	False	Tier_4_not_prioritized
fludroxycortide	fludroxycortide	BRD-A49765801;BRD-K00824317	4	2	HEPG2;PHH	0.033425480851696596	-0.1210943717095587	-0.34468213681663784	-0.0749584080185741	-0.3545428461262158	-0.8605089869704985	-1.1691644362114844	0.0	2	-0.08065833399693174	0.033425480851696596	-0.4624111610132137	-0.3545428461262158	True	False	-1.4450912050762406	-1.856226831014849	-2.087500212843999	0.14589375419034065	556	506.0	531	0	1	True	15209;5702172	True	True	True	manual_review_required	unresolved_or_not_curated	False	Tier_4_not_prioritized
5-methoxytryptamine	5-methoxytryptamine	BRD-K30197592	3	2	HEPG2;PHH	-0.270496033752958	-0.29095841106027365	-0.203335838658469	-0.1620442010462284	-0.4307967498898506	-0.9048317415078008	-1.089756974492163	0.0	1	-0.270496033752958	-0.270496033752958	-0.4307967498898506	-0.4307967498898506	False	False	-1.4497102287538821	-1.8642057405899028	-2.1203874785351715	-2.352512996074232	557	565.0	571	0	1	True	1833	True	True	False	manual_review_required	unresolved_or_not_curated	False	Tier_4_not_prioritized
coumarin	coumarin	BRD-K23913458	3	2	HEPG2;PHH	-0.0132916718721389	-0.0215847647438446	-0.4201499926192419	-0.0342500060796737	-0.4201499926192419	-0.8707166601504598	-1.1817214276700738	0.0	1	-0.0132916718721389	-0.0132916718721389	-0.4201499926192419	-0.4201499926192419	False	False	-1.4615773739854967	-1.8847050680073867	-2.3592760129916943	0.15468720339633046	558	529.0	554	0	1	True		True	True	False	manual_review_required	unresolved_or_not_curated	False	Tier_4_not_prioritized
noscapine	noscapine	BRD-A51393488;BRD-K91301684	3	2	HEPG2;PHH	-0.0839574055539237	-0.1148689786593119	-0.3832179563386099	-0.1933208331465721	-0.3832179563386099	-0.9326015662934098	-1.1196249737662987	0.0	2	-0.1148689786593119	-0.0497072450816631	-0.3832179563386099	-0.3700711226889065	False	False	-1.4924140531765593	-1.937972401546162	-2.629921858077987	-0.5944308555546773	559	560.0	568	0	1	True	12310313;262535;275196;31411	True	True	False	manual_review_required	unresolved_or_not_curated	False	Tier_4_not_prioritized
homoharringtonine	homoharringtonine	BRD-A24643465;BRD-K76674262	14	3	HEPG2;HUH7;PHH	0.36148894578218455	0.165614319861763	0.3700893436159406	-0.9163999417796731	-0.9163999417796731	-1.10862615855322	-1.7170212112721943	0.14285714285714285	2	0.336399710840649	0.6739796996116638	-1.1962175965309143	-0.8405229728668928	False	False	-1.9671367641893172	-1.948693409340636	-3.9037401203633304	3.165958160066523	560	242.0	575	2	1	True	16219462;285033	True	True	False	manual_review_required	unresolved_or_not_curated	False	Tier_4_not_prioritized
gw-3965	GW-3965	BRD-K33818169	3	2	HEPG2;PHH	-0.089851852092478	-0.18555093184113503	-0.3218369377510888	0.3235937505960464	-0.3218369377510888	-0.8717140710897863	-1.26323450220904	0.0	1	-0.089851852092478	-0.089851852092478	-0.3218369377510888	-0.3218369377510888	False	False	-1.5033313221943063	-1.9568309111313775	-0.7440337550057127	-0.8536182952892805	561	437.0	549	0	1	True		True	True	False	manual_review_required	unresolved_or_not_curated	False	Tier_4_not_prioritized
dicycloverine	dicycloverine	BRD-K68507560	3	2	HEPG2;PHH	-0.3067978198329608	-0.3700747953520881	-0.6431946254202298	-0.1885486245155334	-0.6431946254202298	-0.9021449280636652	-1.3937897792396445	0.0	1	-0.3067978198329608	-0.3067978198329608	-0.6431946254202298	-0.6431946254202298	False	False	-1.5990398176834875	-2.1221579335428626	-4.058036926486894	-2.834896000277678	562	575.0	575	0	1	True		True	True	False	manual_review_required	unresolved_or_not_curated	False	Tier_4_not_prioritized
vinorelbine	vinorelbine	BRD-K10916986;BRD-M30523314	4	2	HEPG2;PHH	0.05252192210819985	-0.0348909574871262	-0.38680128966058996	-0.28734624409116805	-0.602891240668084	-1.0270017239316884	-1.185936952841335	0.0	2	-0.08403309579524729	0.2958153076469898	-0.7589623481035233	-0.34900203184224665	True	False	-1.619970200352356	-2.1583131131524738	-3.483778332374193	0.5390728206385852	563	533.0	562	0	1	True	13200033;73707409;73707424	True	True	True	manual_review_required	unresolved_or_not_curated	False	Tier_4_not_prioritized
azaperone	azaperone	BRD-K45861246	3	2	HEPG2;PHH	-0.0950055617011255	-0.16223334117482102	-0.4841285816260746	-0.2124812453985214	-0.4841285816260746	-1.0187812460630776	-1.2047494355596542	0.0	1	-0.0950055617011255	-0.0950055617011255	-0.4841285816260746	-0.4841285816260746	False	False	-1.6211559638429047	-2.1603614030788245	-3.2470670247603786	-0.8140591480165109	564	570.0	572	0	1	True		True	True	False	manual_review_required	unresolved_or_not_curated	False	Tier_4_not_prioritized
finasteride	finasteride	BRD-A83081521;BRD-K01095011	4	2	HEPG2;PHH	-0.23592823826604414	-0.4664770596557193	-0.16483539928283006	-0.09389374777674676	-0.22909621867750365	-0.964836676856355	-1.4934758716780279	0.0	2	-0.2617879120839966	-0.1875250012510353	-0.3932249865361622	-0.22809265208031446	False	False	-1.7115746126953688	-2.316550735163115	-1.2854837641176835	-2.677639161696031	565	552.0	561	0	1	True	10970751;11865433;57363	True	True	False	manual_review_required	unresolved_or_not_curated	False	Tier_4_not_prioritized
3,3'-diindolylmethane	3,3'-diindolylmethane	BRD-K37846922	4	2	HEPG2;PHH	0.09771548511667374	0.032708990853279774	-0.5248960682324	0.03316847828682514	-0.5248960682324	-1.0174029348981717	-1.4064579213514836	0.0	1	0.09771548511667374	0.09771548511667374	-0.5248960682324	-0.5248960682324	False	False	-1.7206318955739135	-2.332196301440119	-2.738869307226835	1.0429964711949122	566	487.0	552	0	1	True	3071	True	True	False	manual_review_required	unresolved_or_not_curated	False	Tier_4_not_prioritized
primaquine	primaquine	BRD-A55913614	3	2	HEPG2;PHH	-0.0808057222101423	-0.2828639715702997	-0.0761714194502149	-0.2878268491476774	-0.2878268491476774	-0.7827883954677317	-2.1239481312148865	0.0	1	-0.0808057222101423	-0.0808057222101423	-0.2878268491476774	-0.2878268491476774	False	False	-1.844762461075175	-2.546619657273742	-1.7504572200730317	-1.0993785880071565	567	536.0	559	0	1	True		True	True	False	manual_review_required	unresolved_or_not_curated	False	Tier_4_not_prioritized
brd-a59728941	BRD-A59728941	BRD-A59728941	12	3	HEPG2;HUH7;PHH	0.38419478795387674	0.34057486905819834	-0.057475851050445004	-0.7099447902292013	-0.7099447902292013	-1.1584016081418784	-1.5001986824005606	0.0	1	0.38419478795387674	0.38419478795387674	-0.7099447902292013	-0.7099447902292013	False	False	-1.9085009493421587	-2.6567216333243526	-4.03652705121502	3.860058144835679	568	342.0	553	1	0	True	23757080	False	False	False	manual_review_required	unresolved_or_not_curated	False	Tier_4_not_prioritized
pindolol	pindolol	BRD-A97701745	3	2	HEPG2;PHH	0.026605567170514	-0.11787777104311518	-0.4750071423394339	-0.1332937497645616	-0.4750071423394339	-1.2546441431456643	-1.3652155186458017	0.0	1	0.026605567170514	0.026605567170514	-0.4750071423394339	-0.4750071423394339	False	False	-1.937251902468565	-2.706386080013082	-2.9597256896836517	0.11180885810874411	569	543.0	557	0	1	True		True	True	False	manual_review_required	unresolved_or_not_curated	False	Tier_4_not_prioritized
pd-173074	PD-173074	BRD-K97764662	6	2	HEPG2;PHH	-0.018950998731371405	-0.18207663031191462	-0.14439511299133295	-0.4916495964862406	-0.5807513096369803	-1.348074302269471	-1.4902482114229647	0.0	1	-0.018950998731371405	-0.018950998731371405	-0.5807513096369803	-0.5807513096369803	False	False	-2.093198407980953	-2.9757683462378584	-3.313221564944924	-0.38382866421305106	570	559.0	573	0	1	True	1401	True	True	False	manual_review_required	unresolved_or_not_curated	False	Tier_4_not_prioritized
colforsin	colforsin	BRD-A55416093	3	2	HEPG2;PHH	0.2332172017130586	-0.12068306882348323	-0.0509297054793153	-0.1191812455654144	-0.7537033520638943	-1.2996543551543875	-1.7131987578782535	0.0	1	0.2332172017130586	0.2332172017130586	-0.7537033520638943	-0.7537033520638943	False	False	-2.1562537340935144	-3.0846902267887164	-2.362803131593312	1.4403858357437485	571	175.0	300	0	1	True		True	True	False	manual_review_required	unresolved_or_not_curated	False	Tier_4_not_prioritized
disopyramide	disopyramide	BRD-A29734509	3	2	HEPG2;PHH	0.0511833396222856	0.0037559444705645498	-0.8197928475482124	0.1070787608623504	-0.8197928475482124	-1.3869197449114703	-1.607957920551093	0.0	1	0.0511833396222856	0.0511833396222856	-0.8197928475482124	-0.8197928475482124	False	False	-2.190898705187017	-3.1445360104168607	-4.154034036020053	0.6512636753156709	572	553.0	572	0	1	True		True	True	False	manual_review_required	unresolved_or_not_curated	False	Tier_4_not_prioritized
gw-5074	GW-5074	BRD-K07859598	3	2	HEPG2;PHH	-0.2152752694156434	-0.27246402286820937	-0.3268965034346495	-0.0532312523573637	-0.5406569391489029	-1.460037399430774	-1.4817528801578437	0.0	1	-0.2152752694156434	-0.2152752694156434	-0.5406569391489029	-0.5406569391489029	False	False	-2.200913839509696	-3.1618361709528364	-2.4455620946115197	-1.9372467051348763	573	559.0	569	0	1	True		True	True	False	manual_review_required	unresolved_or_not_curated	False	Tier_4_not_prioritized
epirizole	epirizole	BRD-K39339537	3	2	HEPG2;PHH	0.1766340136528015	-0.11077386389176047	-0.1597142815589904	0.0842048525810241	-0.5903453174978495	-1.6136910001791658	-1.8091708709973664	0.0	1	0.1766340136528015	0.1766340136528015	-0.5903453174978495	-0.5903453174978495	False	False	-2.518276435677849	-3.71004887434018	-1.662023740847919	1.1051235764461487	574	183.0	279	0	1	True	3242	True	True	False	manual_review_required	unresolved_or_not_curated	False	Tier_4_not_prioritized
tranilast	tranilast	BRD-K17849083;BRD-K19533706	3	2	HEPG2;PHH	-0.0846625899689065	-0.1255979665244619	-0.7474523740155357	-0.0419770488515496	-0.7474523740155357	-1.5764443365975267	-2.0065005488383276	0.0	2	-0.1255979665244619	0.0586002945072121	-0.9291053265333177	-0.2931995924030031	True	False	-2.5796946110166905	-3.8161427377826898	-4.19828928303234	-0.632546654182975	575	573.0	574	0	1	True	5282230	True	True	True	manual_review_required	unresolved_or_not_curated	False	Tier_4_not_prioritized
